rpm,temperature,oil_pressure,vibration,fuel_flow,fault
4824.4,92.9,2.09,2.4,3.01,Low Oil Pressure
4591.6,91.6,2.71,5.59,3.12,Bearing Degradation
5184.3,76.3,4.3,1.23,2.79,Normal
4714.0,87.9,3.43,5.69,3.1,Bearing Degradation
4682.5,83.8,3.28,4.83,3.08,Bearing Degradation
4910.8,94.4,2.04,2.59,2.86,Low Oil Pressure
5210.6,80.9,4.18,1.13,2.7,Normal
4705.1,88.2,3.1,4.31,3.01,Bearing Degradation
4838.8,89.8,2.26,2.72,3.08,Low Oil Pressure
5197.5,74.8,4.35,1.26,2.74,Normal
5191.2,106.5,3.65,2.09,3.34,Overheating
4829.1,92.1,2.29,2.27,2.98,Low Oil Pressure
4569.1,93.4,2.99,5.19,2.95,Bearing Degradation
4549.8,87.4,3.13,4.96,3.16,Bearing Degradation
5275.9,100.7,3.75,1.82,3.11,Overheating
4792.0,91.1,2.16,2.53,2.89,Low Oil Pressure
5228.5,77.9,4.3,1.17,2.57,Normal
4599.8,84.4,3.78,2.08,3.58,Performance Degradation
4981.3,91.7,2.57,2.56,2.99,Low Oil Pressure
4498.6,83.6,3.97,2.11,3.66,Performance Degradation
4629.0,84.3,4.04,2.19,3.71,Performance Degradation
5255.4,105.0,3.66,1.92,3.33,Overheating
4609.3,86.4,3.41,4.11,3.18,Bearing Degradation
4636.5,86.2,4.05,2.09,3.37,Performance Degradation
4655.6,87.8,3.3,4.97,2.96,Bearing Degradation
4631.2,84.4,3.51,2.29,3.67,Performance Degradation
5229.0,79.5,4.16,1.29,2.68,Normal
4693.8,84.3,3.98,2.18,3.58,Performance Degradation
4835.6,93.2,2.19,2.68,3.03,Low Oil Pressure
4675.9,82.9,3.81,2.47,3.83,Performance Degradation
5226.8,79.6,4.29,1.2,2.59,Normal
5327.1,102.6,3.75,1.7,3.29,Overheating
4588.9,90.1,3.36,5.37,3.17,Bearing Degradation
4735.3,89.8,3.23,6.0,3.31,Bearing Degradation
4618.4,85.0,3.94,2.16,3.58,Performance Degradation
5237.0,101.7,3.71,1.51,3.39,Overheating
4607.3,89.4,2.92,4.31,3.01,Bearing Degradation
5241.3,81.0,4.32,1.16,2.62,Normal
5234.6,101.3,3.85,1.89,3.18,Overheating
4871.1,93.1,2.34,2.49,2.85,Low Oil Pressure
4555.1,88.6,3.11,5.6,3.25,Bearing Degradation
5145.1,83.0,4.4,1.21,2.86,Normal
4625.1,83.8,3.74,2.13,3.61,Performance Degradation
5116.0,74.5,4.33,1.14,2.68,Normal
4710.1,84.8,4.07,2.09,3.51,Performance Degradation
5208.9,74.5,4.23,1.3,2.88,Normal
4543.7,88.4,2.85,5.85,3.23,Bearing Degradation
5342.5,104.4,3.74,1.64,3.54,Overheating
5273.8,78.6,4.3,1.36,2.59,Normal
5223.9,106.1,3.54,1.76,3.35,Overheating
5397.2,99.1,3.71,1.44,3.37,Overheating
4641.9,80.0,3.81,1.89,3.38,Performance Degradation
4687.5,85.8,3.02,5.55,3.28,Bearing Degradation
4634.1,87.5,3.89,2.07,3.59,Performance Degradation
5279.1,97.5,3.84,1.63,3.12,Overheating
4828.4,90.0,2.3,2.49,3.12,Low Oil Pressure
5343.6,101.7,3.69,1.8,3.4,Overheating
4708.0,84.6,3.79,2.39,3.66,Performance Degradation
5228.3,107.0,3.42,2.04,3.65,Overheating
5224.7,104.6,3.71,1.9,3.35,Overheating
5224.8,79.8,4.21,1.17,2.69,Normal
4805.6,95.5,2.17,2.68,3.13,Low Oil Pressure
4957.4,86.8,2.61,2.39,2.84,Low Oil Pressure
5207.9,79.3,4.44,1.1,2.77,Normal
5141.0,78.8,4.27,1.38,2.58,Normal
4655.5,82.0,3.85,2.12,3.9,Performance Degradation
5282.1,99.9,3.61,1.61,3.24,Overheating
4593.8,88.9,3.87,2.27,3.8,Performance Degradation
4801.5,93.8,2.28,2.52,2.77,Low Oil Pressure
5148.2,108.0,3.59,1.72,3.4,Overheating
4732.0,87.9,3.15,5.18,2.93,Bearing Degradation
5201.3,78.6,4.37,1.35,2.8,Normal
5253.8,109.5,3.3,2.14,3.49,Overheating
5250.8,103.5,3.58,1.91,3.28,Overheating
5290.5,102.7,3.71,1.7,3.27,Overheating
4635.4,83.8,4.06,2.18,3.73,Performance Degradation
5169.4,77.9,4.29,1.19,2.82,Normal
4925.2,92.8,2.27,2.66,2.97,Low Oil Pressure
4623.4,84.5,3.74,2.44,4.14,Performance Degradation
5237.2,112.0,3.39,1.95,3.55,Overheating
4691.7,82.3,3.62,2.1,3.63,Performance Degradation
5143.7,78.9,4.38,1.02,2.62,Normal
4568.7,83.3,3.19,4.42,3.05,Bearing Degradation
5247.2,109.6,3.64,1.96,3.49,Overheating
4712.3,85.2,2.98,5.77,3.16,Bearing Degradation
5293.7,109.0,3.41,1.93,3.53,Overheating
5240.6,102.5,3.58,1.84,3.35,Overheating
5225.1,102.9,3.75,1.81,3.38,Overheating
4671.5,82.0,4.01,1.99,3.41,Performance Degradation
4723.6,93.5,1.99,2.68,2.95,Low Oil Pressure
4864.1,94.8,2.03,2.76,2.92,Low Oil Pressure
4827.5,89.1,2.65,2.4,2.85,Low Oil Pressure
4649.7,83.8,3.91,2.32,3.58,Performance Degradation
5198.9,76.9,4.37,1.17,2.69,Normal
5176.6,100.3,3.63,1.81,3.25,Overheating
5240.8,110.0,3.51,1.94,3.35,Overheating
4471.1,86.8,3.77,2.28,3.64,Performance Degradation
4927.2,85.0,2.65,2.1,2.96,Low Oil Pressure
4878.5,85.8,2.65,2.18,3.04,Low Oil Pressure
4774.1,89.4,2.22,2.61,2.9,Low Oil Pressure
5251.7,78.5,4.2,0.95,2.69,Normal
4530.6,84.7,3.44,5.8,2.92,Bearing Degradation
4512.7,89.3,3.29,4.31,3.15,Bearing Degradation
4745.7,85.1,3.94,2.1,3.46,Performance Degradation
4843.1,88.9,2.59,2.29,3.04,Low Oil Pressure
5306.4,107.3,3.56,1.51,3.51,Overheating
5235.7,78.0,4.27,1.03,2.74,Normal
4890.5,92.2,2.06,2.63,3.08,Low Oil Pressure
4742.3,83.4,3.85,2.08,3.49,Performance Degradation
5248.9,103.0,3.77,1.73,3.33,Overheating
4559.9,84.3,3.18,5.08,3.08,Bearing Degradation
4766.2,93.3,2.27,2.99,2.88,Low Oil Pressure
4648.9,93.7,3.28,5.48,2.97,Bearing Degradation
5148.6,77.3,4.29,1.19,2.7,Normal
4617.4,84.6,3.93,2.06,3.91,Performance Degradation
4568.8,87.4,3.54,4.05,3.05,Bearing Degradation
4911.8,90.8,2.65,2.26,2.86,Low Oil Pressure
5168.4,79.6,4.32,1.25,2.66,Normal
5219.4,107.8,3.43,1.76,3.27,Overheating
4594.2,93.0,3.19,5.54,3.26,Bearing Degradation
4841.2,94.0,2.51,2.21,2.96,Low Oil Pressure
4855.5,90.2,3.17,5.7,2.96,Bearing Degradation
4808.9,92.2,2.19,2.4,3.01,Low Oil Pressure
4727.6,84.9,3.02,4.19,3.19,Bearing Degradation
5216.5,99.0,3.72,1.5,3.21,Overheating
4875.6,88.8,3.47,4.31,2.86,Bearing Degradation
5334.6,104.1,3.57,1.83,3.34,Overheating
4714.8,83.7,2.88,4.72,3.16,Bearing Degradation
4705.8,85.2,4.0,2.06,3.68,Performance Degradation
5191.7,78.6,4.59,1.2,2.58,Normal
4905.6,89.2,2.58,2.34,2.9,Low Oil Pressure
5219.3,108.0,3.57,1.84,3.33,Overheating
5212.2,79.0,4.18,1.39,2.7,Normal
4637.5,84.6,3.25,4.33,3.33,Bearing Degradation
4731.7,79.9,3.93,2.05,3.42,Performance Degradation
4673.7,82.6,3.78,2.07,3.22,Performance Degradation
5213.3,79.3,4.36,1.06,2.79,Normal
4799.6,92.0,2.37,2.54,2.79,Low Oil Pressure
5167.7,81.4,4.36,1.23,2.78,Normal
4850.0,83.9,3.93,1.81,3.51,Performance Degradation
5233.8,77.6,4.2,1.16,2.7,Normal
4758.1,94.4,1.77,2.85,2.93,Low Oil Pressure
4737.0,85.0,2.65,2.22,2.98,Low Oil Pressure
5152.4,79.0,4.02,1.09,2.76,Normal
4777.1,91.4,2.23,2.57,2.82,Low Oil Pressure
4852.7,89.1,2.62,2.39,3.15,Low Oil Pressure
4833.0,87.8,3.24,3.7,2.94,Bearing Degradation
5179.0,78.5,4.3,1.39,2.82,Normal
5242.0,81.2,4.08,1.05,2.76,Normal
4551.9,85.7,3.33,4.47,3.09,Bearing Degradation
4825.1,88.4,2.49,2.26,2.91,Low Oil Pressure
4980.0,92.3,2.37,2.53,2.8,Low Oil Pressure
5226.6,106.9,3.42,1.71,3.48,Overheating
4684.2,82.7,3.65,2.22,4.01,Performance Degradation
4702.9,86.8,3.0,5.73,3.05,Bearing Degradation
4797.7,93.4,2.03,2.55,2.85,Low Oil Pressure
4521.2,84.6,3.34,4.46,2.96,Bearing Degradation
5283.4,76.1,4.16,1.15,2.82,Normal
4666.3,85.3,3.16,5.7,3.4,Bearing Degradation
4494.1,87.5,3.31,5.42,2.97,Bearing Degradation
5186.9,77.0,4.38,1.13,2.71,Normal
4696.5,84.8,2.97,4.99,2.83,Bearing Degradation
4835.2,92.0,2.51,1.92,2.89,Low Oil Pressure
5221.3,76.9,4.4,1.26,2.65,Normal
5251.5,107.0,3.47,1.77,3.48,Overheating
5284.9,76.2,4.27,1.48,2.7,Normal
4802.2,85.6,3.98,2.13,3.27,Performance Degradation
4589.2,86.7,3.81,1.99,3.78,Performance Degradation
4791.3,88.5,3.78,2.16,3.99,Performance Degradation
5222.7,101.0,3.6,1.83,3.16,Overheating
5169.3,77.6,4.36,1.33,2.55,Normal
4594.1,85.4,3.68,2.16,3.24,Performance Degradation
4793.9,96.8,1.9,2.81,2.79,Low Oil Pressure
4819.7,91.7,2.26,2.52,2.61,Low Oil Pressure
5223.4,75.9,4.33,1.31,2.75,Normal
5199.1,82.0,4.17,0.97,2.77,Normal
5251.5,101.8,3.77,1.67,3.39,Overheating
4742.2,87.3,3.7,2.13,3.64,Performance Degradation
4655.5,84.2,3.54,5.28,3.11,Bearing Degradation
4546.4,88.8,3.15,5.22,3.04,Bearing Degradation
4656.1,82.2,3.99,2.1,3.93,Performance Degradation
5284.5,106.7,3.67,1.89,3.5,Overheating
4757.6,87.2,3.23,6.23,3.06,Bearing Degradation
5271.1,97.3,3.73,1.54,3.29,Overheating
4759.4,91.1,3.14,4.69,3.25,Bearing Degradation
4792.9,91.7,2.27,2.87,2.74,Low Oil Pressure
5221.2,79.6,4.47,1.22,2.76,Normal
4779.0,93.6,2.06,2.2,2.78,Low Oil Pressure
5259.8,110.6,3.5,1.98,3.63,Overheating
5218.0,75.2,4.34,1.23,2.67,Normal
4689.6,89.1,3.88,1.89,3.9,Performance Degradation
5170.4,101.5,3.7,1.8,3.49,Overheating
4668.5,88.9,3.18,4.93,3.15,Bearing Degradation
5305.7,102.6,3.76,1.79,3.34,Overheating
4691.7,83.5,4.11,1.95,3.76,Performance Degradation
4661.7,93.9,3.26,5.95,3.01,Bearing Degradation
5203.4,78.1,4.22,1.2,2.82,Normal
5265.5,111.0,3.38,2.08,3.44,Overheating
5205.8,74.2,4.45,1.07,2.67,Normal
5359.3,104.4,3.54,1.75,3.5,Overheating
4629.5,84.9,3.33,5.67,3.02,Bearing Degradation
4780.2,80.2,3.81,2.25,3.8,Performance Degradation
5234.9,78.4,4.21,1.16,2.72,Normal
5224.9,98.0,3.85,1.57,3.29,Overheating
4730.4,82.8,3.68,2.28,3.96,Performance Degradation
5151.3,77.9,4.24,1.03,2.62,Normal
4793.7,88.9,2.44,2.35,2.86,Low Oil Pressure
5204.5,77.5,4.33,0.88,2.65,Normal
4609.0,81.2,3.85,2.05,3.6,Performance Degradation
5249.4,81.6,4.13,1.35,2.92,Normal
5279.3,102.3,3.64,1.89,3.25,Overheating
4913.2,94.5,2.33,2.54,3.16,Low Oil Pressure
4861.6,90.9,2.28,2.44,2.88,Low Oil Pressure
4615.7,89.1,3.78,2.09,3.82,Performance Degradation
4590.7,89.5,2.96,4.74,3.39,Bearing Degradation
4696.0,84.6,3.93,1.82,3.75,Performance Degradation
4926.3,91.0,2.62,2.1,2.89,Low Oil Pressure
4872.0,94.1,2.08,2.73,2.87,Low Oil Pressure
4834.5,89.7,2.37,2.54,2.91,Low Oil Pressure
5235.4,100.5,3.65,1.59,3.02,Overheating
4947.9,94.0,2.21,2.4,3.11,Low Oil Pressure
4922.2,93.8,2.37,2.23,2.9,Low Oil Pressure
4717.2,83.3,3.79,2.18,3.47,Performance Degradation
5165.4,76.5,4.14,1.2,2.62,Normal
4706.5,84.0,4.12,2.52,3.83,Performance Degradation
4578.7,87.5,3.37,6.22,3.25,Bearing Degradation
4612.3,85.5,3.98,2.21,3.56,Performance Degradation
4982.8,94.0,2.17,2.26,2.86,Low Oil Pressure
5200.3,97.4,3.7,1.51,3.18,Overheating
4637.4,90.3,3.48,4.08,3.4,Bearing Degradation
5225.6,80.3,4.29,1.5,2.78,Normal
5269.8,79.1,4.33,1.05,2.69,Normal
4560.3,85.2,3.28,5.43,3.19,Bearing Degradation
4829.8,90.3,2.19,2.76,2.97,Low Oil Pressure
4687.8,90.5,3.05,3.76,3.23,Bearing Degradation
4764.5,87.4,2.87,4.0,3.12,Bearing Degradation
5239.2,77.4,4.3,1.36,2.78,Normal
5334.5,110.5,3.55,1.96,3.47,Overheating
4915.1,95.4,2.49,2.26,3.03,Low Oil Pressure
4615.0,81.8,3.83,1.94,3.71,Performance Degradation
4742.1,97.3,1.73,3.03,3.04,Low Oil Pressure
5228.9,102.1,3.67,1.51,3.4,Overheating
5190.1,78.0,4.36,1.39,2.64,Normal
4661.9,91.0,3.45,4.79,3.13,Bearing Degradation
5127.4,81.6,4.29,0.97,2.73,Normal
5266.5,76.9,4.29,1.14,2.77,Normal
4855.6,92.9,2.21,2.31,3.05,Low Oil Pressure
5285.5,101.9,3.55,1.84,3.18,Overheating
5197.9,105.3,3.66,1.94,3.43,Overheating
4735.2,89.1,3.09,4.54,2.85,Bearing Degradation
4915.5,92.2,2.57,2.34,2.67,Low Oil Pressure
5168.4,79.2,4.29,1.18,2.69,Normal
4768.1,81.1,3.63,1.84,3.58,Performance Degradation
4771.6,92.6,2.19,2.76,2.92,Low Oil Pressure
4532.0,87.6,3.16,5.52,2.98,Bearing Degradation
4942.7,89.0,2.56,2.14,2.98,Low Oil Pressure
5203.6,98.5,3.73,1.7,3.2,Overheating
4821.5,82.8,4.17,1.94,3.65,Performance Degradation
4748.5,90.5,3.57,5.65,3.07,Bearing Degradation
5214.0,95.5,3.85,1.48,3.29,Overheating
4849.4,86.0,3.65,4.03,3.09,Bearing Degradation
4861.1,92.7,2.26,2.61,2.78,Low Oil Pressure
4720.0,83.3,3.61,2.32,3.64,Performance Degradation
5354.7,105.4,3.63,1.69,3.51,Overheating
5135.2,76.6,4.28,0.88,2.66,Normal
4539.1,89.2,3.53,4.29,2.85,Bearing Degradation
4499.3,85.9,4.15,2.38,3.68,Performance Degradation
4758.3,89.3,3.49,4.89,3.09,Bearing Degradation
5355.7,112.0,3.43,1.83,3.57,Overheating
5090.9,73.6,4.24,1.32,2.75,Normal
4683.4,89.1,3.38,4.8,3.0,Bearing Degradation
4836.3,88.9,3.83,2.16,3.88,Performance Degradation
4684.6,84.1,3.79,2.06,3.62,Performance Degradation
4707.7,83.5,3.84,2.09,3.68,Performance Degradation
5151.4,77.9,4.28,1.18,2.61,Normal
4719.3,90.3,3.19,5.08,3.17,Bearing Degradation
4800.7,90.3,2.38,2.47,2.68,Low Oil Pressure
5240.7,75.0,4.34,1.19,2.79,Normal
4823.5,93.3,2.35,2.25,2.74,Low Oil Pressure
4666.4,87.6,3.14,6.17,3.5,Bearing Degradation
4842.2,90.2,2.42,2.23,2.88,Low Oil Pressure
5176.2,77.1,4.41,1.23,2.74,Normal
4722.3,82.6,3.83,2.15,3.54,Performance Degradation
4744.3,79.3,4.08,1.95,3.56,Performance Degradation
4688.6,86.1,4.03,2.02,3.55,Performance Degradation
4802.0,93.8,2.41,2.44,3.02,Low Oil Pressure
5283.0,106.9,3.64,1.87,3.43,Overheating
5266.0,100.0,3.75,1.67,3.36,Overheating
5257.5,106.3,3.4,1.83,3.28,Overheating
4666.0,90.3,2.97,4.34,3.0,Bearing Degradation
4730.0,89.0,3.11,5.96,3.08,Bearing Degradation
4775.1,85.7,2.65,2.19,3.18,Low Oil Pressure
4620.0,84.9,3.91,2.06,3.84,Performance Degradation
5314.8,104.3,3.81,1.95,3.5,Overheating
4879.4,92.8,2.35,2.92,2.97,Low Oil Pressure
4923.1,88.2,2.65,2.61,2.99,Low Oil Pressure
4902.3,90.2,2.33,2.6,3.04,Low Oil Pressure
4879.3,92.5,2.56,2.24,2.72,Low Oil Pressure
5269.4,79.0,4.34,1.07,2.63,Normal
4812.5,93.0,2.32,2.57,2.85,Low Oil Pressure
4822.7,90.6,2.65,2.38,2.96,Low Oil Pressure
5185.5,77.6,4.28,0.97,2.67,Normal
4866.7,90.3,2.64,2.55,2.83,Low Oil Pressure
5212.2,104.3,3.63,1.85,3.43,Overheating
5211.6,77.3,4.28,1.26,2.79,Normal
4664.0,85.8,3.36,4.21,2.96,Bearing Degradation
4672.5,86.7,3.8,2.07,3.39,Performance Degradation
4879.7,95.3,1.99,2.61,3.13,Low Oil Pressure
5196.8,74.4,4.12,1.14,2.76,Normal
4618.2,87.7,3.33,5.14,2.92,Bearing Degradation
4526.1,78.0,4.05,1.94,3.72,Performance Degradation
4742.5,82.3,4.12,2.48,3.47,Performance Degradation
4568.8,82.8,3.96,1.94,3.26,Performance Degradation
4892.8,93.9,2.31,2.5,3.12,Low Oil Pressure
5260.5,80.8,4.38,1.2,2.8,Normal
4783.1,89.1,2.34,2.4,2.89,Low Oil Pressure
4462.2,88.5,3.07,5.05,3.19,Bearing Degradation
4803.8,90.8,2.53,2.47,3.13,Low Oil Pressure
4815.5,88.4,2.31,2.48,2.83,Low Oil Pressure
4720.2,89.7,3.46,3.91,3.02,Bearing Degradation
4814.2,92.2,2.46,2.39,2.76,Low Oil Pressure
4685.3,84.5,3.0,5.1,2.97,Bearing Degradation
4527.5,88.0,3.07,5.4,3.06,Bearing Degradation
4576.6,89.2,3.96,1.94,3.72,Performance Degradation
4911.1,91.5,2.3,2.88,2.92,Low Oil Pressure
4930.9,90.5,2.42,2.5,3.03,Low Oil Pressure
4690.2,90.7,3.21,5.75,3.02,Bearing Degradation
4810.4,91.2,2.55,2.32,2.98,Low Oil Pressure
4833.9,91.1,2.37,2.64,2.97,Low Oil Pressure
4739.1,88.0,3.25,3.93,2.88,Bearing Degradation
5226.1,78.8,4.28,1.33,2.79,Normal
4573.4,88.4,3.01,5.21,3.21,Bearing Degradation
5166.2,77.4,4.27,1.38,2.61,Normal
5322.2,104.6,3.73,1.96,3.27,Overheating
4738.8,85.0,3.84,2.3,3.96,Performance Degradation
4819.5,87.8,3.39,5.19,3.13,Bearing Degradation
5302.7,103.2,3.68,1.7,3.42,Overheating
4849.7,94.2,2.26,2.48,2.76,Low Oil Pressure
4907.0,92.1,2.65,2.43,2.89,Low Oil Pressure
4850.0,90.8,3.25,4.94,3.2,Bearing Degradation
4552.2,89.3,3.41,4.93,3.07,Bearing Degradation
4559.9,85.7,3.94,2.21,3.58,Performance Degradation
4548.7,88.0,3.27,5.19,2.92,Bearing Degradation
4848.7,95.6,2.32,2.25,2.93,Low Oil Pressure
4669.1,84.2,3.94,2.41,3.47,Performance Degradation
5205.5,76.4,4.17,1.09,2.48,Normal
4662.3,86.3,3.28,4.24,3.11,Bearing Degradation
4500.4,87.0,3.73,2.4,3.6,Performance Degradation
4871.3,91.7,2.49,2.41,2.61,Low Oil Pressure
4814.4,90.9,2.55,2.46,2.68,Low Oil Pressure
4796.5,93.3,2.4,2.43,2.89,Low Oil Pressure
5292.1,110.0,3.28,1.82,3.67,Overheating
5242.8,79.8,4.31,1.3,2.65,Normal
5209.6,78.0,4.27,1.21,2.65,Normal
4696.8,81.0,3.84,2.37,3.73,Performance Degradation
4642.5,88.9,3.28,4.71,3.16,Bearing Degradation
4656.0,88.1,3.08,5.69,3.13,Bearing Degradation
5350.3,106.8,3.52,1.96,3.57,Overheating
4631.0,83.5,3.83,2.05,3.61,Performance Degradation
5177.4,105.2,3.74,1.69,3.34,Overheating
5301.2,106.8,3.52,1.67,3.37,Overheating
4604.2,87.8,3.32,4.96,3.26,Bearing Degradation
4720.0,84.6,3.58,5.49,3.23,Bearing Degradation
4947.2,89.7,2.43,2.42,2.76,Low Oil Pressure
4673.0,85.6,3.39,4.39,2.98,Bearing Degradation
4833.3,87.9,2.65,2.05,2.85,Low Oil Pressure
4868.1,95.4,2.11,2.66,2.7,Low Oil Pressure
4703.0,81.6,3.73,2.18,3.8,Performance Degradation
4746.3,85.6,3.37,4.91,3.02,Bearing Degradation
5297.0,111.6,3.55,1.82,3.57,Overheating
5296.9,106.3,3.68,1.62,3.4,Overheating
4801.7,91.2,2.39,2.43,3.02,Low Oil Pressure
5344.1,101.5,3.73,1.62,3.12,Overheating
5253.4,76.8,4.26,1.1,2.59,Normal
5279.1,104.7,3.58,1.65,3.45,Overheating
4726.0,84.6,3.54,2.2,3.65,Performance Degradation
4823.2,90.0,2.31,2.41,2.91,Low Oil Pressure
5349.2,103.3,3.53,1.78,3.08,Overheating
5247.4,76.3,4.17,1.37,2.55,Normal
5198.4,78.6,4.1,1.03,2.63,Normal
4891.4,93.9,2.39,2.48,2.88,Low Oil Pressure
4801.6,91.3,2.26,2.47,2.73,Low Oil Pressure
5171.4,103.1,3.68,1.75,3.33,Overheating
5305.5,101.2,3.81,1.8,3.13,Overheating
5216.8,80.1,4.15,1.32,2.59,Normal
4977.7,92.3,2.25,2.52,2.8,Low Oil Pressure
4645.7,84.7,4.0,2.23,3.74,Performance Degradation
5266.1,106.5,3.71,1.86,3.56,Overheating
4590.4,86.6,3.3,6.07,3.04,Bearing Degradation
5243.1,108.9,3.64,1.69,3.37,Overheating
4853.1,90.2,2.21,2.75,3.06,Low Oil Pressure
4489.5,82.7,3.7,1.96,3.49,Performance Degradation
5319.4,103.7,3.8,1.87,3.51,Overheating
5308.8,105.7,3.53,1.74,3.68,Overheating
4673.0,87.3,3.19,5.75,2.83,Bearing Degradation
4672.8,84.0,2.94,4.99,2.84,Bearing Degradation
4615.2,93.7,3.47,5.35,3.09,Bearing Degradation
5283.8,105.5,3.52,1.89,3.2,Overheating
5166.9,76.4,4.17,1.13,2.61,Normal
5122.4,79.7,4.29,1.26,2.67,Normal
5260.5,100.9,3.64,1.67,3.24,Overheating
4861.5,95.6,2.12,2.6,2.9,Low Oil Pressure
4674.2,84.0,3.84,2.44,3.64,Performance Degradation
4461.7,83.3,4.03,1.77,3.34,Performance Degradation
4635.3,84.2,3.09,3.7,3.29,Bearing Degradation
5217.2,77.6,4.4,1.16,2.81,Normal
4740.2,86.6,3.21,4.56,2.93,Bearing Degradation
4815.5,88.8,2.65,2.15,3.0,Low Oil Pressure
5277.5,108.9,3.54,1.9,3.28,Overheating
5169.5,77.3,4.32,1.17,2.76,Normal
4902.4,89.3,2.36,2.5,3.07,Low Oil Pressure
4538.6,90.2,3.34,6.12,3.16,Bearing Degradation
5299.4,112.0,3.39,2.02,3.42,Overheating
4869.4,94.6,2.01,2.73,2.78,Low Oil Pressure
4596.4,85.4,3.49,2.1,3.8,Performance Degradation
4552.4,86.2,3.86,2.26,3.2,Performance Degradation
5153.9,75.9,4.27,1.24,2.69,Normal
4635.1,89.4,2.94,6.01,3.18,Bearing Degradation
4561.3,84.0,3.79,2.04,3.45,Performance Degradation
4645.1,83.7,3.97,2.12,3.78,Performance Degradation
4621.8,82.1,3.07,4.73,3.09,Bearing Degradation
5246.1,77.6,4.08,0.87,2.71,Normal
4564.7,91.3,3.3,4.85,2.95,Bearing Degradation
4839.2,90.2,2.35,2.61,2.87,Low Oil Pressure
4511.6,86.0,3.96,1.97,3.67,Performance Degradation
4647.7,80.7,3.91,1.8,3.65,Performance Degradation
4763.2,92.7,2.28,2.47,3.04,Low Oil Pressure
5241.7,79.1,4.2,1.35,2.9,Normal
4730.7,84.2,3.9,2.19,4.19,Performance Degradation
4716.5,85.2,3.78,1.7,3.84,Performance Degradation
5305.0,107.8,3.62,1.55,3.46,Overheating
4538.8,91.2,3.38,4.8,2.97,Bearing Degradation
5200.6,74.6,4.3,0.92,2.73,Normal
4600.5,89.3,3.3,5.91,2.9,Bearing Degradation
4631.4,84.9,3.53,2.36,3.64,Performance Degradation
4648.5,84.9,3.13,5.99,3.2,Bearing Degradation
4929.1,91.2,2.12,2.96,2.91,Low Oil Pressure
5249.8,108.0,3.58,1.87,3.33,Overheating
5201.7,78.4,4.2,1.24,2.67,Normal
4748.3,87.1,3.15,5.41,3.19,Bearing Degradation
4708.1,89.4,3.25,6.36,3.13,Bearing Degradation
4919.1,95.6,2.26,2.61,2.69,Low Oil Pressure
4712.8,89.2,3.9,2.22,3.6,Performance Degradation
5178.6,79.7,4.13,1.13,2.68,Normal
5183.3,76.9,4.19,1.21,2.8,Normal
4611.5,87.3,3.36,4.28,3.1,Bearing Degradation
4620.6,87.9,3.11,4.88,3.29,Bearing Degradation
4700.6,83.1,3.1,4.69,2.89,Bearing Degradation
5123.4,76.2,4.35,1.12,2.55,Normal
5194.1,106.3,3.56,1.82,3.53,Overheating
5115.8,79.7,4.45,1.23,2.74,Normal
4770.5,85.4,3.75,1.96,3.75,Performance Degradation
5241.4,112.6,3.4,2.07,3.42,Overheating
4722.8,91.1,2.43,2.74,2.79,Low Oil Pressure
5267.2,77.8,4.3,1.1,2.65,Normal
5181.1,76.2,4.22,1.23,2.65,Normal
5250.8,101.7,3.65,1.75,3.42,Overheating
4893.7,91.3,2.42,2.7,2.76,Low Oil Pressure
5227.5,78.5,4.37,1.34,2.71,Normal
5203.9,79.2,4.26,1.05,2.69,Normal
4926.7,96.1,2.07,2.72,2.99,Low Oil Pressure
4676.7,85.4,4.04,2.27,3.77,Performance Degradation
5136.9,79.8,4.2,1.05,2.72,Normal
4824.3,88.6,2.3,2.38,2.8,Low Oil Pressure
4635.8,83.1,3.91,2.17,3.75,Performance Degradation
4650.0,85.4,3.91,2.51,3.69,Performance Degradation
4645.2,84.3,3.91,2.09,4.04,Performance Degradation
5140.6,78.9,4.17,1.27,2.83,Normal
5325.3,104.3,3.72,1.69,3.4,Overheating
5209.2,76.5,4.36,1.16,2.59,Normal
5220.1,114.5,3.28,2.09,3.68,Overheating
5134.8,77.0,4.3,1.15,2.67,Normal
4718.8,88.4,3.21,4.81,3.07,Bearing Degradation
4572.7,83.4,3.69,2.13,3.65,Performance Degradation
5194.0,78.1,4.26,1.05,2.55,Normal
4734.9,89.3,3.17,4.65,3.0,Bearing Degradation
4821.2,90.9,2.44,2.24,2.78,Low Oil Pressure
4690.8,84.9,3.85,2.0,3.64,Performance Degradation
4680.9,89.7,3.33,5.69,3.2,Bearing Degradation
4803.8,93.8,2.25,2.45,2.81,Low Oil Pressure
5287.1,102.0,3.8,1.56,3.3,Overheating
5268.5,77.4,4.35,1.13,2.76,Normal
5337.7,104.5,3.6,2.01,3.41,Overheating
4561.6,87.7,3.46,4.89,3.12,Bearing Degradation
5162.5,76.6,4.39,1.22,2.72,Normal
4856.9,90.5,2.21,2.47,2.87,Low Oil Pressure
4541.8,88.3,3.27,5.45,3.01,Bearing Degradation
5271.7,78.8,4.34,1.12,2.78,Normal
5190.6,81.5,4.35,1.17,2.69,Normal
5305.1,101.8,3.65,1.81,3.29,Overheating
5080.7,79.1,4.21,1.25,2.73,Normal
4603.2,79.2,3.66,1.92,3.9,Performance Degradation
4670.6,79.4,4.0,2.03,3.56,Performance Degradation
4791.2,88.5,3.92,2.2,3.65,Performance Degradation
5161.9,76.7,4.39,1.1,2.69,Normal
4751.8,89.3,3.39,5.42,2.96,Bearing Degradation
4932.0,90.6,2.44,2.65,2.73,Low Oil Pressure
5217.8,96.5,3.84,1.65,3.05,Overheating
5246.2,100.7,3.68,1.85,3.39,Overheating
4842.6,93.1,2.23,2.47,2.77,Low Oil Pressure
4801.4,97.0,1.77,2.68,2.88,Low Oil Pressure
4816.6,91.8,2.25,2.17,2.79,Low Oil Pressure
4771.8,92.2,2.29,2.22,2.81,Low Oil Pressure
4884.8,88.2,2.65,2.32,2.63,Low Oil Pressure
5152.6,79.1,4.3,1.18,2.74,Normal
5197.2,76.2,4.25,1.17,2.56,Normal
4931.3,92.3,2.34,2.67,2.78,Low Oil Pressure
4672.9,85.6,4.12,2.21,3.58,Performance Degradation
5269.7,76.9,4.26,1.06,2.69,Normal
5134.4,76.9,4.36,1.21,2.72,Normal
5221.3,106.7,3.58,1.8,3.42,Overheating
5266.5,101.2,3.74,1.75,3.14,Overheating
4672.4,82.5,3.72,2.34,3.88,Performance Degradation
5023.9,93.2,2.34,2.36,2.8,Low Oil Pressure
4796.6,95.8,2.45,2.41,3.1,Low Oil Pressure
4689.6,95.0,3.4,4.3,3.21,Bearing Degradation
4643.0,89.7,3.04,5.21,3.09,Bearing Degradation
4580.5,86.0,3.1,5.44,3.01,Bearing Degradation
4627.4,87.3,3.07,5.28,3.07,Bearing Degradation
4787.9,88.5,2.42,2.47,3.09,Low Oil Pressure
4885.6,93.3,2.47,2.49,2.7,Low Oil Pressure
4778.6,88.8,3.25,4.83,3.0,Bearing Degradation
5197.0,79.1,4.35,1.38,2.74,Normal
4450.0,84.6,3.05,5.53,3.28,Bearing Degradation
4680.6,88.5,3.65,5.89,3.1,Bearing Degradation
4597.4,90.3,3.03,6.27,3.42,Bearing Degradation
5311.1,111.1,3.47,1.77,3.55,Overheating
4807.7,93.8,2.26,2.63,3.1,Low Oil Pressure
5199.4,77.4,4.37,1.36,2.68,Normal
4566.1,84.9,2.9,6.12,2.96,Bearing Degradation
5338.0,109.5,3.62,1.7,3.25,Overheating
4917.8,91.0,2.56,2.4,3.02,Low Oil Pressure
5292.6,80.0,4.27,1.07,2.7,Normal
4534.6,82.7,3.83,2.23,3.51,Performance Degradation
5310.3,116.4,3.11,1.98,3.66,Overheating
4772.7,83.0,3.89,2.11,3.86,Performance Degradation
4731.0,87.5,3.92,1.97,3.82,Performance Degradation
5203.2,80.5,4.24,1.17,2.82,Normal
5197.6,75.2,4.3,1.09,2.68,Normal
4601.1,90.0,4.09,2.03,3.62,Performance Degradation
4567.5,84.4,3.82,2.22,3.71,Performance Degradation
5161.1,108.3,3.5,1.87,3.4,Overheating
4592.7,80.4,3.82,2.1,3.37,Performance Degradation
4496.7,85.3,3.34,6.09,3.03,Bearing Degradation
4788.7,92.2,2.13,2.45,3.14,Low Oil Pressure
4602.2,84.1,3.63,2.19,3.73,Performance Degradation
4721.1,86.2,3.11,5.33,3.05,Bearing Degradation
4612.4,85.2,3.96,2.25,3.87,Performance Degradation
4657.1,85.0,3.65,2.02,3.89,Performance Degradation
5166.2,77.3,4.29,1.34,2.8,Normal
5348.1,108.7,3.6,1.78,3.68,Overheating
4542.1,85.5,3.68,2.32,3.66,Performance Degradation
5370.5,110.5,3.52,1.96,3.62,Overheating
4707.4,86.0,3.23,5.6,2.89,Bearing Degradation
4529.3,84.4,3.91,2.3,3.49,Performance Degradation
4821.9,87.2,2.65,1.85,2.98,Low Oil Pressure
4806.1,88.9,3.07,5.26,3.05,Bearing Degradation
4633.5,83.3,3.57,2.2,3.28,Performance Degradation
4687.5,80.1,4.07,1.8,3.6,Performance Degradation
4588.8,87.6,3.03,4.61,3.24,Bearing Degradation
4693.8,84.7,4.1,2.1,3.52,Performance Degradation
4820.7,93.7,2.48,2.31,3.02,Low Oil Pressure
5426.3,107.5,3.52,1.82,3.33,Overheating
4720.3,84.3,3.87,2.12,3.87,Performance Degradation
4751.8,85.3,4.02,2.09,3.51,Performance Degradation
5295.0,103.6,3.59,1.86,3.32,Overheating
4749.1,90.0,3.65,4.34,3.23,Bearing Degradation
4562.8,86.9,3.18,4.79,3.2,Bearing Degradation
5210.0,103.2,3.66,1.62,3.38,Overheating
5211.7,77.6,4.15,1.27,2.79,Normal
4617.7,88.1,3.2,5.58,3.05,Bearing Degradation
4648.8,80.8,4.1,2.37,3.69,Performance Degradation
4523.6,82.4,3.8,2.32,4.05,Performance Degradation
4751.1,85.7,3.22,4.33,3.06,Bearing Degradation
4611.9,82.9,3.95,2.08,3.69,Performance Degradation
4796.0,90.1,2.46,2.44,2.94,Low Oil Pressure
4631.7,83.3,3.94,2.31,3.41,Performance Degradation
4629.8,87.3,3.95,1.87,3.71,Performance Degradation
4787.7,87.8,2.41,2.29,2.81,Low Oil Pressure
4646.3,86.0,3.64,2.0,3.92,Performance Degradation
4699.2,94.3,2.18,2.55,2.96,Low Oil Pressure
5292.2,106.8,3.53,1.84,3.53,Overheating
4867.8,94.3,2.47,2.45,2.95,Low Oil Pressure
5389.4,102.2,3.67,1.8,3.21,Overheating
5083.4,77.7,4.39,1.3,2.74,Normal
4713.3,89.7,3.44,4.53,3.12,Bearing Degradation
4674.8,84.0,3.36,5.5,3.15,Bearing Degradation
4566.4,91.5,2.98,5.54,3.15,Bearing Degradation
4906.3,85.2,3.42,4.92,2.83,Bearing Degradation
5189.9,79.7,4.29,1.39,2.6,Normal
5272.6,78.6,4.25,1.03,2.69,Normal
4940.2,92.0,2.23,2.83,2.81,Low Oil Pressure
4885.2,88.7,2.65,2.07,2.99,Low Oil Pressure
4765.6,82.8,3.98,1.78,3.49,Performance Degradation
4555.5,88.1,3.13,4.9,2.99,Bearing Degradation
4723.1,84.6,3.89,2.11,4.0,Performance Degradation
4474.4,87.0,3.25,4.54,3.11,Bearing Degradation
5222.4,76.6,4.21,1.07,2.7,Normal
5258.7,77.3,4.24,1.14,2.71,Normal
5264.9,77.4,4.24,1.18,2.7,Normal
5190.4,77.2,4.24,1.11,2.8,Normal
5003.4,91.5,2.38,2.51,2.96,Low Oil Pressure
4661.7,84.6,4.21,2.37,3.46,Performance Degradation
5239.6,104.7,3.7,1.76,3.33,Overheating
5284.3,119.8,3.22,2.2,3.66,Overheating
5153.4,78.5,4.17,1.32,2.7,Normal
5398.9,109.2,3.4,1.97,3.53,Overheating
4838.8,95.9,2.07,2.41,3.11,Low Oil Pressure
4655.0,80.8,4.04,2.38,3.94,Performance Degradation
4799.5,92.3,2.23,2.62,2.96,Low Oil Pressure
4848.7,92.7,2.39,2.27,2.81,Low Oil Pressure
5231.3,97.7,3.77,1.49,3.18,Overheating
5203.1,78.0,4.3,1.13,2.75,Normal
5298.7,107.3,3.47,1.99,3.44,Overheating
5138.3,80.9,4.19,1.15,2.65,Normal
4789.4,92.0,1.82,2.53,2.77,Low Oil Pressure
4665.2,89.9,3.44,5.31,3.16,Bearing Degradation
4724.1,92.0,3.23,4.64,3.04,Bearing Degradation
4524.9,86.2,3.09,5.55,3.16,Bearing Degradation
5297.4,76.3,4.39,1.25,2.67,Normal
4628.5,88.4,3.4,4.25,3.31,Bearing Degradation
5202.7,79.7,4.52,1.42,2.61,Normal
4608.1,83.2,3.79,2.15,3.61,Performance Degradation
4818.1,88.5,3.07,3.97,3.08,Bearing Degradation
5221.6,77.9,4.35,1.38,2.85,Normal
4597.0,86.9,4.12,2.57,3.74,Performance Degradation
5268.6,106.4,3.61,1.89,3.4,Overheating
5293.8,102.4,3.68,1.66,3.41,Overheating
5233.5,103.4,3.63,1.84,3.22,Overheating
4633.9,91.6,3.27,4.43,3.23,Bearing Degradation
5298.2,102.2,3.7,1.78,3.28,Overheating
5308.6,110.0,3.31,1.87,3.52,Overheating
4733.0,92.7,2.15,2.37,3.04,Low Oil Pressure
5152.9,96.6,3.85,1.45,3.19,Overheating
4771.9,88.2,4.04,2.05,3.6,Performance Degradation
4718.5,88.4,3.91,2.16,3.78,Performance Degradation
5276.3,114.0,3.3,2.09,3.63,Overheating
4650.2,91.0,3.42,5.56,3.14,Bearing Degradation
4736.4,86.6,3.64,4.63,2.99,Bearing Degradation
5199.1,74.0,4.4,1.15,2.8,Normal
5143.8,80.4,4.35,1.22,2.68,Normal
4676.9,85.6,3.34,5.65,2.84,Bearing Degradation
4596.2,82.9,3.73,2.07,3.59,Performance Degradation
5226.8,102.4,3.7,1.8,3.54,Overheating
5205.5,76.4,4.37,1.18,2.6,Normal
4905.5,90.8,2.49,2.69,2.93,Low Oil Pressure
4709.9,82.1,3.97,2.45,3.26,Performance Degradation
5290.8,105.0,3.68,1.79,3.32,Overheating
4552.1,86.8,3.34,6.34,3.06,Bearing Degradation
4534.3,83.3,3.18,6.4,3.09,Bearing Degradation
5230.7,79.7,4.19,1.48,2.68,Normal
4768.5,88.8,4.02,1.92,3.39,Performance Degradation
5279.9,79.0,4.25,1.16,2.69,Normal
5211.6,107.6,3.56,1.76,3.53,Overheating
4663.0,81.1,4.16,1.67,3.53,Performance Degradation
4562.6,82.3,3.86,2.26,3.85,Performance Degradation
5267.5,78.5,4.33,1.27,2.61,Normal
4643.3,85.4,4.01,2.5,3.95,Performance Degradation
4806.4,88.9,2.41,2.44,3.02,Low Oil Pressure
5221.5,81.4,4.28,1.09,2.66,Normal
5163.9,80.3,4.39,1.24,2.55,Normal
4697.6,90.9,3.14,5.94,3.12,Bearing Degradation
5268.8,75.4,4.24,1.2,2.71,Normal
5154.7,78.3,4.44,1.29,2.8,Normal
4764.5,85.1,3.29,5.82,2.92,Bearing Degradation
5161.9,76.2,4.33,1.11,2.73,Normal
4845.1,90.6,2.32,2.21,2.91,Low Oil Pressure
5129.7,78.4,4.33,1.34,2.87,Normal
5210.7,80.4,4.35,0.97,2.86,Normal
4815.5,92.4,1.99,2.85,2.95,Low Oil Pressure
4706.8,85.7,3.74,2.08,3.64,Performance Degradation
4691.8,87.5,3.66,2.28,3.45,Performance Degradation
4838.5,96.2,2.36,2.32,2.97,Low Oil Pressure
4936.0,90.4,2.27,2.43,3.0,Low Oil Pressure
4555.7,80.8,3.86,1.82,3.65,Performance Degradation
4608.6,83.8,4.02,2.13,3.69,Performance Degradation
5239.2,80.4,4.33,1.38,2.9,Normal
4618.4,90.7,3.2,5.82,3.05,Bearing Degradation
5362.3,108.4,3.57,1.99,3.46,Overheating
5271.2,110.2,3.39,1.93,3.43,Overheating
5214.6,80.5,4.3,1.39,2.64,Normal
5178.9,79.3,4.25,1.34,2.67,Normal
4775.5,93.0,2.38,2.37,2.85,Low Oil Pressure
4886.3,94.3,2.16,2.93,2.58,Low Oil Pressure
4598.3,88.0,3.53,5.61,3.1,Bearing Degradation
4636.0,86.0,3.96,2.03,3.93,Performance Degradation
4897.3,91.9,2.37,2.52,2.69,Low Oil Pressure
5154.6,79.3,4.18,1.18,2.74,Normal
4533.5,85.4,4.0,2.38,3.95,Performance Degradation
5131.9,78.3,4.48,1.22,2.62,Normal
4718.4,84.3,3.93,1.92,3.7,Performance Degradation
4683.9,90.0,3.37,5.15,3.12,Bearing Degradation
5167.2,77.5,4.35,1.23,2.67,Normal
4926.7,90.7,2.65,2.29,2.65,Low Oil Pressure
4781.4,82.7,3.87,2.18,3.77,Performance Degradation
5305.3,106.7,3.59,1.76,3.6,Overheating
4830.7,90.0,3.03,5.08,3.23,Bearing Degradation
5301.2,100.7,3.76,1.74,3.33,Overheating
4696.1,82.3,3.96,2.04,3.67,Performance Degradation
5245.4,74.7,4.3,0.95,2.66,Normal
4965.0,95.2,2.3,2.26,3.04,Low Oil Pressure
4639.7,85.0,4.03,2.33,3.48,Performance Degradation
4868.7,89.9,2.26,2.6,3.13,Low Oil Pressure
4698.6,88.5,4.21,2.2,3.48,Performance Degradation
4727.6,91.0,3.22,5.39,3.11,Bearing Degradation
4672.3,84.7,3.8,2.22,3.28,Performance Degradation
4876.6,86.9,2.65,2.26,2.85,Low Oil Pressure
4752.6,87.2,3.5,4.84,3.2,Bearing Degradation
5204.7,77.2,4.24,1.22,2.62,Normal
4843.6,91.1,2.27,2.31,2.86,Low Oil Pressure
4672.0,85.7,4.25,1.9,3.82,Performance Degradation
5228.9,76.4,4.27,1.33,2.74,Normal
4878.8,91.4,2.18,2.44,2.77,Low Oil Pressure
5209.4,78.8,4.35,1.3,2.58,Normal
4627.4,91.9,2.36,2.57,2.81,Low Oil Pressure
4911.8,95.6,2.21,2.38,3.09,Low Oil Pressure
4797.4,88.5,3.19,5.29,3.11,Bearing Degradation
4830.4,90.8,2.53,2.19,2.98,Low Oil Pressure
4791.0,89.3,2.46,2.5,2.9,Low Oil Pressure
4574.3,85.0,3.97,2.23,3.78,Performance Degradation
4729.0,84.5,3.88,2.19,3.87,Performance Degradation
4766.1,89.2,2.34,2.55,2.69,Low Oil Pressure
4709.9,86.8,3.56,4.45,3.11,Bearing Degradation
5234.7,80.0,4.48,1.08,2.62,Normal
4641.4,82.5,3.86,1.99,3.65,Performance Degradation
4671.6,85.1,3.44,6.11,2.76,Bearing Degradation
4669.2,96.4,2.4,2.38,2.79,Low Oil Pressure
4564.7,92.4,3.09,3.97,3.19,Bearing Degradation
5268.7,97.9,3.74,1.59,3.04,Overheating
4757.5,86.5,3.24,4.48,3.09,Bearing Degradation
4758.6,81.9,3.73,1.89,3.6,Performance Degradation
4773.9,96.5,2.35,2.37,3.04,Low Oil Pressure
5212.9,75.2,4.38,1.17,2.67,Normal
4580.0,85.8,4.05,2.11,3.93,Performance Degradation
4865.2,93.1,3.48,4.9,2.86,Bearing Degradation
5192.0,105.0,3.62,1.73,3.34,Overheating
5268.9,79.8,4.25,1.5,2.81,Normal
5305.5,112.1,3.48,1.74,3.55,Overheating
5319.9,110.0,3.42,1.84,3.49,Overheating
4661.3,86.0,4.13,2.09,3.6,Performance Degradation
4702.6,92.0,3.03,5.76,3.31,Bearing Degradation
5203.3,79.9,4.18,1.04,2.61,Normal
5247.6,78.0,4.58,1.38,2.64,Normal
5249.8,101.1,3.72,1.65,3.23,Overheating
5204.0,78.7,4.31,1.14,2.74,Normal
5265.8,100.4,3.68,1.89,3.42,Overheating
4581.3,88.1,3.09,4.35,2.73,Bearing Degradation
5325.2,98.6,3.6,1.5,3.38,Overheating
5256.0,110.9,3.43,1.94,3.64,Overheating
4638.4,80.8,4.25,2.25,3.68,Performance Degradation
4672.0,85.2,3.71,2.02,3.68,Performance Degradation
5199.3,75.7,4.3,1.11,2.81,Normal
4504.7,87.9,3.19,5.61,3.29,Bearing Degradation
4714.0,86.7,3.84,1.96,3.59,Performance Degradation
5275.3,104.5,3.64,1.77,3.24,Overheating
4877.4,92.8,2.33,2.49,2.92,Low Oil Pressure
5198.7,109.5,3.49,1.62,3.4,Overheating
4930.6,96.0,1.87,2.83,3.07,Low Oil Pressure
5187.4,76.5,4.48,1.24,2.67,Normal
4581.2,84.5,3.51,2.13,3.8,Performance Degradation
5271.2,100.6,3.73,1.67,3.28,Overheating
5282.7,107.2,3.52,1.72,3.38,Overheating
5285.5,105.5,3.72,1.81,3.45,Overheating
4789.2,93.6,2.49,2.31,2.97,Low Oil Pressure
5264.8,77.5,4.28,1.26,2.58,Normal
4636.2,84.9,4.11,2.17,3.21,Performance Degradation
5171.9,78.1,4.3,1.01,2.71,Normal
4824.4,89.3,2.65,2.36,2.93,Low Oil Pressure
5307.5,104.3,3.57,1.94,3.42,Overheating
4555.9,86.0,3.36,5.9,2.97,Bearing Degradation
4558.9,85.5,4.07,2.17,3.67,Performance Degradation
4450.0,86.6,3.53,4.75,3.05,Bearing Degradation
4665.6,85.3,3.95,2.34,3.58,Performance Degradation
5212.6,77.0,4.25,1.39,2.72,Normal
4734.2,90.0,3.39,5.53,3.11,Bearing Degradation
4837.5,97.6,2.23,2.45,2.74,Low Oil Pressure
5274.1,105.8,3.49,2.02,3.36,Overheating
5243.4,103.1,3.79,1.68,3.48,Overheating
4711.2,84.0,4.0,1.92,3.77,Performance Degradation
4832.0,92.3,2.08,2.35,2.74,Low Oil Pressure
5300.8,105.3,3.5,1.79,3.66,Overheating
4829.2,89.4,2.42,2.29,2.8,Low Oil Pressure
4638.6,85.5,4.0,1.94,3.73,Performance Degradation
4726.2,90.7,3.04,5.46,3.17,Bearing Degradation
4626.7,87.2,3.91,2.26,3.48,Performance Degradation
4579.6,93.3,3.35,4.71,2.98,Bearing Degradation
4721.3,86.8,4.01,1.87,3.95,Performance Degradation
4894.8,94.4,2.2,2.41,2.99,Low Oil Pressure
5268.1,76.4,4.35,1.41,2.85,Normal
4706.9,86.1,2.7,4.07,2.99,Bearing Degradation
4888.5,89.8,2.45,2.43,3.03,Low Oil Pressure
4680.6,84.7,3.68,2.1,3.2,Performance Degradation
4730.4,81.3,4.09,1.88,3.63,Performance Degradation
5343.5,109.9,3.43,2.08,3.34,Overheating
5179.3,75.4,4.4,1.37,2.85,Normal
5238.7,103.7,3.65,1.79,3.35,Overheating
4775.8,91.9,2.1,2.9,3.05,Low Oil Pressure
4771.5,83.1,4.17,1.95,3.93,Performance Degradation
5172.0,76.9,4.04,1.07,2.85,Normal
5193.4,79.2,4.24,1.21,2.73,Normal
4810.0,92.8,2.37,2.5,2.75,Low Oil Pressure
4635.5,82.7,4.01,2.46,3.45,Performance Degradation
4897.0,88.8,2.61,2.51,2.96,Low Oil Pressure
5297.2,101.8,3.75,1.78,3.38,Overheating
4683.5,83.9,3.06,5.52,3.0,Bearing Degradation
5313.5,110.6,3.31,1.92,3.59,Overheating
5277.9,108.5,3.45,1.8,3.56,Overheating
4762.2,93.8,2.34,2.23,3.05,Low Oil Pressure
4703.4,88.1,3.14,5.94,2.95,Bearing Degradation
5135.9,75.4,4.38,1.17,2.62,Normal
5317.1,76.9,4.19,1.32,2.72,Normal
5146.9,79.2,4.24,1.32,2.64,Normal
5359.9,105.4,3.59,1.83,3.32,Overheating
4590.7,85.5,3.84,2.11,3.62,Performance Degradation
4635.7,82.7,3.8,1.99,3.9,Performance Degradation
5173.0,76.1,4.32,1.03,2.72,Normal
4524.2,85.6,3.34,5.39,3.07,Bearing Degradation
4618.2,89.0,3.05,4.91,2.99,Bearing Degradation
4734.0,80.5,3.81,2.0,3.71,Performance Degradation
5180.8,80.4,4.34,1.04,2.78,Normal
5125.3,78.4,4.28,1.28,2.64,Normal
4615.6,92.9,3.46,5.91,3.07,Bearing Degradation
4679.7,83.9,3.72,2.27,3.59,Performance Degradation
4586.5,90.3,3.09,5.12,3.33,Bearing Degradation
4575.9,91.8,3.15,5.68,2.86,Bearing Degradation
4657.4,78.0,3.85,2.19,3.61,Performance Degradation
4729.5,89.4,3.3,5.78,3.25,Bearing Degradation
4755.1,88.6,2.65,2.23,2.83,Low Oil Pressure
5283.5,104.6,3.66,1.7,3.5,Overheating
4783.3,84.7,3.87,2.37,3.85,Performance Degradation
4759.8,88.7,2.65,2.03,3.17,Low Oil Pressure
5129.3,77.3,4.34,1.09,2.73,Normal
4838.8,90.3,2.14,2.58,3.03,Low Oil Pressure
4618.8,85.6,3.16,4.29,3.11,Bearing Degradation
5296.7,99.9,3.81,1.66,3.29,Overheating
4683.0,86.0,3.5,6.23,3.22,Bearing Degradation
4621.9,88.4,3.31,4.83,2.99,Bearing Degradation
4684.8,89.7,3.01,4.46,3.22,Bearing Degradation
4601.1,85.9,4.02,2.11,3.75,Performance Degradation
4692.1,89.3,3.27,4.55,3.16,Bearing Degradation
4570.1,81.8,3.52,2.54,3.42,Performance Degradation
4778.9,94.7,2.37,2.54,2.92,Low Oil Pressure
4590.6,83.1,3.38,4.72,3.19,Bearing Degradation
5208.1,80.0,4.32,1.24,2.69,Normal
4646.0,83.6,3.95,2.04,3.63,Performance Degradation
4591.8,86.5,3.77,2.32,3.55,Performance Degradation
5207.9,105.0,3.62,1.56,3.34,Overheating
4650.8,83.5,3.88,2.17,3.29,Performance Degradation
4575.4,79.2,3.75,1.91,3.79,Performance Degradation
4892.8,91.8,2.49,2.22,2.69,Low Oil Pressure
5348.7,100.5,3.59,1.54,3.19,Overheating
4837.9,93.2,2.26,2.5,2.78,Low Oil Pressure
5162.9,105.2,3.54,1.99,3.4,Overheating
5248.4,108.8,3.5,1.89,3.43,Overheating
4819.8,90.9,2.5,2.25,2.94,Low Oil Pressure
5217.1,75.6,4.13,1.21,2.79,Normal
5134.8,76.2,4.45,1.23,2.7,Normal
4806.1,93.1,2.3,2.61,2.82,Low Oil Pressure
5283.3,100.2,3.65,1.94,3.36,Overheating
4912.2,91.0,2.33,2.36,3.0,Low Oil Pressure
4588.9,88.5,4.06,2.19,3.38,Performance Degradation
5169.0,75.5,4.31,1.34,2.73,Normal
4728.7,85.5,3.93,2.11,3.37,Performance Degradation
4677.9,86.7,2.96,4.36,2.79,Bearing Degradation
4595.5,91.1,3.32,5.53,3.15,Bearing Degradation
5195.2,99.9,3.69,1.67,3.12,Overheating
4730.1,84.9,3.83,2.21,3.82,Performance Degradation
5228.6,76.2,4.31,1.12,2.75,Normal
5210.1,100.1,3.67,1.57,3.26,Overheating
5189.0,101.6,3.6,1.76,3.3,Overheating
4774.6,84.4,4.0,1.97,4.03,Performance Degradation
5193.2,79.6,4.25,1.08,2.71,Normal
5214.5,75.3,4.39,1.15,2.59,Normal
4903.6,93.4,2.14,2.79,2.93,Low Oil Pressure
4696.6,80.4,4.01,1.94,3.59,Performance Degradation
4692.7,94.1,2.44,2.36,2.83,Low Oil Pressure
5400.3,107.4,3.45,1.88,3.36,Overheating
4917.8,92.8,2.5,2.32,3.04,Low Oil Pressure
4657.0,85.5,3.99,2.03,3.75,Performance Degradation
5200.3,79.2,4.37,1.33,2.77,Normal
4510.7,85.5,3.05,4.76,3.14,Bearing Degradation
4795.1,92.3,2.56,2.23,3.07,Low Oil Pressure
5185.3,78.5,4.32,1.38,2.72,Normal
5177.8,80.0,4.26,1.38,2.88,Normal
4774.3,86.7,3.16,3.7,2.96,Bearing Degradation
4895.4,96.4,1.9,2.92,3.01,Low Oil Pressure
4771.8,91.1,2.44,2.28,2.89,Low Oil Pressure
5166.1,78.9,4.23,1.25,2.69,Normal
5135.6,78.6,4.1,1.32,2.61,Normal
4596.3,84.3,3.2,4.5,3.01,Bearing Degradation
4793.4,92.2,2.24,2.28,2.93,Low Oil Pressure
5262.7,111.4,3.4,1.75,3.56,Overheating
4604.9,85.2,4.05,2.18,4.07,Performance Degradation
5200.9,78.8,4.4,1.29,2.76,Normal
4876.2,97.2,2.03,2.81,2.85,Low Oil Pressure
4756.9,82.4,3.93,2.14,3.36,Performance Degradation
4463.9,82.4,3.23,5.42,3.2,Bearing Degradation
5184.9,78.2,4.15,1.26,2.59,Normal
5295.5,75.1,4.32,1.5,2.55,Normal
5209.8,77.4,4.55,1.22,2.74,Normal
4650.5,86.2,3.08,4.92,2.95,Bearing Degradation
5238.1,73.7,4.34,1.24,2.67,Normal
5214.6,79.7,4.23,1.37,2.61,Normal
5216.3,77.2,4.26,1.1,2.78,Normal
4926.9,89.7,2.5,2.24,2.81,Low Oil Pressure
5321.1,98.6,3.67,1.61,3.31,Overheating
4760.0,96.0,2.25,2.25,2.89,Low Oil Pressure
4592.8,92.9,3.2,5.02,2.93,Bearing Degradation
5137.9,73.8,4.18,1.04,2.56,Normal
5255.2,78.7,4.22,1.29,2.72,Normal
4635.1,87.1,3.92,1.77,3.44,Performance Degradation
4619.7,85.1,2.91,5.83,3.23,Bearing Degradation
4637.0,89.8,3.04,5.23,3.09,Bearing Degradation
4702.0,86.6,3.98,2.0,3.82,Performance Degradation
5309.0,103.2,3.64,1.61,3.27,Overheating
4625.3,86.6,3.28,4.81,3.2,Bearing Degradation
5279.4,77.6,4.35,1.0,2.95,Normal
4775.7,94.9,2.11,2.52,2.62,Low Oil Pressure
5207.7,81.6,4.38,1.35,2.7,Normal
4833.3,87.0,2.47,2.22,2.9,Low Oil Pressure
5297.0,101.9,3.62,1.7,3.31,Overheating
5176.2,79.8,4.2,1.13,2.67,Normal
5175.9,79.0,4.08,1.05,2.7,Normal
4656.3,81.1,3.65,2.4,3.2,Performance Degradation
4635.3,93.3,2.17,2.2,2.76,Low Oil Pressure
4490.5,85.9,3.35,5.88,3.14,Bearing Degradation
5217.5,109.8,3.49,1.9,3.42,Overheating
5354.0,108.9,3.5,1.76,3.45,Overheating
4636.0,91.1,3.48,4.58,3.03,Bearing Degradation
5228.7,112.0,3.42,2.06,3.57,Overheating
4699.7,85.6,4.15,1.96,3.82,Performance Degradation
4626.1,90.3,3.2,4.9,2.99,Bearing Degradation
4572.8,85.5,3.95,2.13,3.59,Performance Degradation
5157.7,77.5,4.31,1.14,2.88,Normal
4908.7,95.1,2.33,2.56,2.76,Low Oil Pressure
4656.5,82.1,4.17,1.95,3.34,Performance Degradation
4822.2,91.9,2.23,2.58,2.74,Low Oil Pressure
5205.5,79.3,4.32,1.28,2.76,Normal
4877.0,94.9,2.27,2.36,2.76,Low Oil Pressure
4761.8,89.8,3.27,5.29,3.0,Bearing Degradation
5307.1,107.0,3.59,1.86,3.37,Overheating
5186.7,78.7,4.22,1.16,2.8,Normal
5334.9,107.5,3.59,1.76,3.59,Overheating
5222.0,79.5,4.23,1.19,2.77,Normal
4543.5,84.3,3.28,5.27,3.23,Bearing Degradation
4505.5,84.3,3.47,5.5,3.11,Bearing Degradation
5201.6,79.5,4.48,1.05,2.53,Normal
4568.5,90.6,3.36,4.57,3.13,Bearing Degradation
4769.2,95.1,2.26,2.63,2.94,Low Oil Pressure
4692.3,90.3,2.86,5.67,3.15,Bearing Degradation
4608.5,81.0,4.07,2.21,3.42,Performance Degradation
5214.6,76.9,4.32,1.31,2.63,Normal
5200.7,78.9,4.31,1.26,2.56,Normal
4450.0,87.1,3.4,5.92,2.94,Bearing Degradation
5206.1,77.8,4.31,1.16,2.7,Normal
4893.1,89.7,2.57,2.56,2.69,Low Oil Pressure
5175.2,76.7,4.35,1.21,2.81,Normal
5022.5,94.0,2.43,2.47,2.81,Low Oil Pressure
5239.3,77.3,4.06,1.24,2.59,Normal
5232.0,79.6,4.23,1.25,2.69,Normal
5259.3,77.3,4.29,1.36,2.7,Normal
5283.9,103.2,3.64,1.95,3.24,Overheating
5169.9,78.1,4.35,1.11,2.77,Normal
4725.8,89.6,3.39,6.31,2.97,Bearing Degradation
4645.2,80.5,3.98,2.08,3.59,Performance Degradation
4670.7,90.7,3.12,4.42,3.04,Bearing Degradation
4622.3,88.8,3.42,6.14,3.32,Bearing Degradation
5079.6,94.7,2.41,2.47,2.89,Low Oil Pressure
4520.1,82.5,3.97,1.97,3.99,Performance Degradation
4869.8,93.6,2.11,2.55,2.91,Low Oil Pressure
4617.7,83.3,3.69,1.82,3.79,Performance Degradation
4656.8,83.0,3.96,2.05,3.45,Performance Degradation
5182.4,75.7,4.24,1.24,2.62,Normal
5239.4,103.4,3.59,1.79,3.34,Overheating
4718.1,83.0,3.97,1.92,3.91,Performance Degradation
5155.8,75.8,4.1,1.15,2.61,Normal
5278.5,100.7,3.7,1.84,3.18,Overheating
4729.3,92.2,3.25,4.01,3.23,Bearing Degradation
4642.2,88.6,3.38,6.41,3.15,Bearing Degradation
5381.0,104.5,3.65,1.88,3.27,Overheating
4926.3,91.8,2.24,2.68,2.96,Low Oil Pressure
4821.3,88.0,3.5,4.51,3.09,Bearing Degradation
4650.8,81.7,4.06,2.28,3.9,Performance Degradation
4671.9,79.8,3.9,2.33,3.99,Performance Degradation
4592.6,84.1,3.72,1.87,3.58,Performance Degradation
5279.5,106.0,3.66,1.79,3.46,Overheating
4574.2,83.2,3.73,2.07,3.46,Performance Degradation
5396.6,110.2,3.49,1.91,3.35,Overheating
5171.8,100.3,3.65,1.7,3.48,Overheating
4748.3,81.6,3.9,1.94,3.62,Performance Degradation
4669.3,81.5,3.83,2.2,3.42,Performance Degradation
4693.3,86.7,3.95,2.16,3.37,Performance Degradation
4873.0,92.9,2.42,2.16,2.84,Low Oil Pressure
5172.7,80.1,4.47,1.1,2.62,Normal
5190.0,100.5,3.6,1.69,3.24,Overheating
5287.8,106.4,3.52,1.83,3.47,Overheating
4798.9,90.2,2.54,2.45,2.7,Low Oil Pressure
5214.8,103.4,3.63,1.64,3.24,Overheating
5182.4,80.5,4.38,1.23,2.84,Normal
4904.2,93.9,2.34,2.58,2.6,Low Oil Pressure
4745.9,89.0,3.09,4.14,2.88,Bearing Degradation
4756.3,88.5,3.22,4.82,3.27,Bearing Degradation
5292.8,79.6,4.29,1.14,2.8,Normal
5341.2,77.5,4.36,1.46,2.62,Normal
4662.9,85.2,3.98,2.02,3.45,Performance Degradation
4652.7,85.0,3.91,2.11,3.45,Performance Degradation
4849.6,91.2,2.31,2.5,2.87,Low Oil Pressure
4907.1,96.9,2.0,2.61,3.06,Low Oil Pressure
5329.1,101.6,3.67,1.78,3.17,Overheating
4879.5,95.0,2.36,2.44,2.97,Low Oil Pressure
5159.2,77.5,4.21,1.16,2.74,Normal
5281.4,103.3,3.7,1.82,3.46,Overheating
5328.4,112.2,3.31,1.99,3.56,Overheating
5261.4,78.9,4.39,1.02,2.66,Normal
4567.2,88.4,3.23,4.75,2.89,Bearing Degradation
4735.6,85.2,4.0,2.12,3.66,Performance Degradation
5153.8,79.5,4.33,1.12,2.73,Normal
4770.4,85.3,3.48,5.06,3.11,Bearing Degradation
4648.6,87.6,3.12,5.6,3.32,Bearing Degradation
5130.0,79.6,4.3,1.3,2.67,Normal
4912.1,90.2,2.31,2.33,2.86,Low Oil Pressure
4697.8,85.7,3.83,1.91,3.29,Performance Degradation
5183.5,79.7,4.3,0.96,2.73,Normal
5274.0,78.6,4.38,0.98,2.74,Normal
4556.5,87.7,4.03,2.35,3.54,Performance Degradation
4525.2,83.6,3.99,2.18,3.51,Performance Degradation
4618.6,85.1,3.33,6.22,3.02,Bearing Degradation
4829.1,85.1,2.61,2.18,2.87,Low Oil Pressure
5299.4,113.6,3.32,2.12,3.58,Overheating
4640.1,86.2,3.08,5.99,2.86,Bearing Degradation
5275.1,100.0,3.74,1.6,3.31,Overheating
5219.9,109.6,3.29,1.95,3.39,Overheating
4601.2,86.7,2.87,5.1,3.19,Bearing Degradation
4666.6,86.1,3.16,4.63,3.11,Bearing Degradation
4597.6,83.6,3.86,2.1,3.69,Performance Degradation
4706.0,90.3,3.21,4.88,3.21,Bearing Degradation
5314.0,104.9,3.58,1.71,3.42,Overheating
5242.4,102.8,3.48,1.8,3.37,Overheating
5284.2,103.8,3.78,1.67,3.49,Overheating
4689.5,82.0,3.67,2.26,3.72,Performance Degradation
5160.2,78.3,4.46,1.14,2.73,Normal
4865.1,97.5,2.16,2.34,3.11,Low Oil Pressure
4856.8,91.8,2.21,2.65,2.89,Low Oil Pressure
4611.9,85.3,3.7,1.84,3.4,Performance Degradation
5185.0,77.7,4.05,1.06,2.73,Normal
4687.3,88.3,3.31,5.58,3.01,Bearing Degradation
4531.6,84.2,3.47,3.7,3.3,Bearing Degradation
4937.1,90.2,2.65,2.29,3.03,Low Oil Pressure
5230.2,77.5,4.31,1.15,2.62,Normal
5200.0,111.4,3.48,1.67,3.62,Overheating
4678.3,90.7,2.65,2.42,2.88,Low Oil Pressure
4791.1,84.4,3.22,5.22,3.15,Bearing Degradation
5432.0,102.7,3.69,1.84,3.37,Overheating
5192.4,79.0,4.2,1.18,2.61,Normal
5223.5,80.4,4.29,1.45,2.72,Normal
5227.3,80.1,4.29,1.06,2.75,Normal
4646.1,84.7,3.23,4.95,3.12,Bearing Degradation
4639.6,87.2,3.08,4.05,3.27,Bearing Degradation
4878.6,93.3,2.35,2.56,2.91,Low Oil Pressure
4522.5,81.5,3.83,2.08,3.75,Performance Degradation
5229.0,77.1,4.33,1.1,2.75,Normal
4639.2,90.4,2.99,5.86,2.99,Bearing Degradation
5372.0,100.2,3.81,1.78,3.37,Overheating
4662.8,86.5,4.08,2.42,3.64,Performance Degradation
5246.7,79.7,4.3,0.98,2.69,Normal
4602.6,84.6,2.88,4.45,3.44,Bearing Degradation
5217.3,81.5,4.16,0.97,2.64,Normal
4976.8,95.6,2.47,2.23,3.0,Low Oil Pressure
4600.0,85.8,3.32,4.24,3.17,Bearing Degradation
4937.8,94.4,2.4,2.5,3.02,Low Oil Pressure
5179.1,74.8,4.3,1.19,2.68,Normal
5247.3,98.6,3.85,1.72,3.32,Overheating
4598.4,81.4,3.58,1.79,3.57,Performance Degradation
5205.3,110.1,3.37,1.92,3.52,Overheating
5396.9,104.6,3.57,1.79,3.41,Overheating
5185.3,75.7,4.32,1.1,2.66,Normal
4584.1,85.8,3.72,2.2,3.34,Performance Degradation
5301.3,99.6,3.85,1.71,3.26,Overheating
4522.5,84.8,3.5,4.28,3.1,Bearing Degradation
4719.2,85.2,3.19,4.57,3.16,Bearing Degradation
4489.4,87.2,3.38,6.13,3.15,Bearing Degradation
4655.5,88.5,3.27,5.68,3.14,Bearing Degradation
5173.5,78.2,4.15,1.26,2.76,Normal
4801.7,92.0,2.4,2.19,3.04,Low Oil Pressure
4882.0,94.2,2.0,2.7,3.1,Low Oil Pressure
4705.1,89.5,2.96,6.03,3.16,Bearing Degradation
5290.3,101.2,3.68,1.48,3.34,Overheating
4802.2,89.5,2.5,2.3,2.91,Low Oil Pressure
5252.2,105.3,3.59,1.83,3.32,Overheating
5162.1,78.0,4.27,1.2,2.68,Normal
4796.8,94.7,2.51,2.37,2.96,Low Oil Pressure
5190.6,78.5,4.34,1.24,2.59,Normal
5137.9,81.3,4.46,1.14,2.66,Normal
4604.7,85.3,3.73,1.93,3.75,Performance Degradation
4631.4,80.8,4.19,1.91,3.67,Performance Degradation
5357.3,101.2,3.75,1.57,3.37,Overheating
4562.0,83.6,4.05,2.3,3.54,Performance Degradation
5311.3,101.7,3.63,1.75,3.41,Overheating
4607.8,86.6,3.04,5.19,2.89,Bearing Degradation
5186.4,111.8,3.29,2.01,3.64,Overheating
4604.1,91.9,3.18,5.39,3.1,Bearing Degradation
5272.6,105.1,3.59,1.86,3.35,Overheating
4721.0,88.1,2.59,2.31,2.79,Low Oil Pressure
4867.0,89.2,2.38,2.27,3.04,Low Oil Pressure
4778.0,83.7,2.94,4.07,3.0,Bearing Degradation
5385.9,110.7,3.41,1.99,3.53,Overheating
4711.7,88.9,3.61,5.08,2.94,Bearing Degradation
5257.7,109.9,3.57,2.13,3.38,Overheating
4724.4,94.2,2.34,2.67,2.93,Low Oil Pressure
4885.0,91.1,2.35,2.57,2.94,Low Oil Pressure
4732.4,84.0,3.36,4.75,3.03,Bearing Degradation
4538.0,90.8,3.37,5.49,3.21,Bearing Degradation
4744.5,86.8,3.86,2.03,3.69,Performance Degradation
5235.6,106.5,3.54,1.72,3.39,Overheating
5217.7,78.3,4.17,1.19,2.73,Normal
5289.2,101.9,3.58,1.81,3.3,Overheating
4744.9,83.6,3.89,2.23,3.73,Performance Degradation
5197.3,104.8,3.65,1.77,3.33,Overheating
4621.6,81.6,4.11,1.99,3.55,Performance Degradation
5335.6,101.3,3.73,1.72,3.38,Overheating
4785.5,93.2,2.08,3.04,2.74,Low Oil Pressure
4749.7,89.9,3.38,4.57,2.99,Bearing Degradation
4567.1,92.1,3.1,6.22,3.03,Bearing Degradation
5315.8,110.4,3.59,1.95,3.58,Overheating
4548.3,90.2,3.65,5.69,3.07,Bearing Degradation
4905.0,93.0,2.46,2.38,2.88,Low Oil Pressure
4757.9,93.4,2.25,2.76,2.8,Low Oil Pressure
5176.5,78.8,4.2,1.34,2.83,Normal
5275.7,102.3,3.69,1.85,3.23,Overheating
4974.2,91.9,2.47,2.39,2.94,Low Oil Pressure
5266.8,109.3,3.52,1.97,3.58,Overheating
5270.6,99.7,3.72,1.64,3.27,Overheating
4691.1,87.5,3.02,5.48,2.86,Bearing Degradation
4714.4,85.9,3.86,2.03,3.78,Performance Degradation
5308.3,110.3,3.55,2.05,3.36,Overheating
5240.1,106.1,3.5,1.83,3.4,Overheating
4482.2,86.6,3.53,5.1,3.26,Bearing Degradation
5293.0,95.9,3.85,1.45,3.11,Overheating
4849.4,98.2,1.91,2.94,2.9,Low Oil Pressure
4771.0,92.8,2.54,2.31,2.79,Low Oil Pressure
4646.3,86.9,3.81,1.97,3.31,Performance Degradation
4730.2,90.5,3.4,4.49,3.15,Bearing Degradation
4796.8,92.9,2.23,2.66,2.97,Low Oil Pressure
4642.7,88.2,3.09,4.67,3.06,Bearing Degradation
4654.2,86.2,3.47,5.63,3.12,Bearing Degradation
4755.6,87.1,3.36,4.21,3.15,Bearing Degradation
5172.6,80.2,4.28,1.24,2.66,Normal
4688.6,83.7,3.85,2.24,3.8,Performance Degradation
4574.9,86.1,3.64,2.08,3.47,Performance Degradation
4869.2,90.4,2.4,2.75,2.78,Low Oil Pressure
5271.9,79.4,4.41,1.19,2.68,Normal
4917.0,89.1,2.32,2.5,2.86,Low Oil Pressure
5261.0,75.6,4.43,1.25,2.73,Normal
5369.8,110.7,3.5,1.89,3.54,Overheating
4659.8,86.0,4.06,1.85,3.62,Performance Degradation
5282.4,76.7,4.25,1.12,2.67,Normal
4697.7,87.5,3.39,4.73,3.06,Bearing Degradation
4528.3,83.5,3.87,2.12,3.66,Performance Degradation
4966.9,92.4,2.06,2.72,2.87,Low Oil Pressure
4745.3,90.8,3.03,6.51,2.97,Bearing Degradation
5134.1,77.8,4.2,1.29,2.91,Normal
5104.5,78.7,4.3,1.12,2.67,Normal
4588.3,90.0,3.81,1.95,3.54,Performance Degradation
4855.2,94.0,3.41,4.46,3.28,Bearing Degradation
5131.3,76.2,4.23,1.23,2.66,Normal
4622.9,86.0,4.02,2.11,3.58,Performance Degradation
5196.7,101.0,3.81,1.61,3.11,Overheating
5154.6,80.3,4.13,1.12,2.66,Normal
4563.0,80.7,3.84,2.09,3.7,Performance Degradation
5169.6,108.6,3.66,1.85,3.41,Overheating
4778.3,86.0,2.73,4.22,3.31,Bearing Degradation
4851.3,90.8,2.59,2.17,2.96,Low Oil Pressure
4661.4,82.4,3.89,2.07,3.76,Performance Degradation
5420.5,101.3,3.62,1.63,3.33,Overheating
5253.7,109.1,3.55,1.89,3.53,Overheating
4532.4,90.2,3.35,5.4,3.01,Bearing Degradation
4515.7,90.0,3.42,6.13,3.01,Bearing Degradation
4621.9,82.4,3.78,1.9,3.2,Performance Degradation
4474.9,85.4,3.92,2.18,3.97,Performance Degradation
5277.9,109.3,3.56,1.87,3.6,Overheating
5340.1,103.4,3.54,1.78,3.25,Overheating
5254.1,101.8,3.61,1.63,3.27,Overheating
4730.1,89.1,3.9,2.02,3.4,Performance Degradation
4625.1,83.4,3.12,5.25,3.1,Bearing Degradation
5193.7,107.3,3.62,1.97,3.37,Overheating
5204.4,100.3,3.65,1.68,3.31,Overheating
5136.4,75.5,4.29,1.32,2.78,Normal
5278.0,96.5,3.83,1.59,3.23,Overheating
4531.7,86.3,3.25,5.5,2.7,Bearing Degradation
4746.7,82.3,3.73,1.88,3.58,Performance Degradation
4759.4,93.0,2.22,2.61,3.16,Low Oil Pressure
4662.0,91.6,3.49,4.58,3.08,Bearing Degradation
4755.3,81.4,3.81,2.18,3.54,Performance Degradation
5159.7,76.9,4.26,1.04,2.76,Normal
4944.6,93.3,2.41,2.44,2.88,Low Oil Pressure
5204.6,109.2,3.32,1.73,3.39,Overheating
5210.8,74.8,4.31,1.35,2.78,Normal
5253.8,77.8,4.45,1.31,2.73,Normal
4857.8,92.5,2.21,2.55,2.82,Low Oil Pressure
4806.2,88.5,2.64,2.1,2.84,Low Oil Pressure
5317.3,105.5,3.61,1.65,3.52,Overheating
5193.2,77.8,4.4,1.2,2.72,Normal
5222.5,78.4,4.32,1.24,2.61,Normal
4684.0,86.9,3.12,4.65,3.15,Bearing Degradation
4690.3,89.4,2.88,5.57,2.88,Bearing Degradation
4884.6,90.2,2.48,2.45,2.98,Low Oil Pressure
4468.5,81.3,3.9,1.71,3.91,Performance Degradation
5345.5,103.9,3.67,1.67,3.3,Overheating
5336.9,106.8,3.46,2.05,3.25,Overheating
5198.9,75.6,4.27,1.15,2.85,Normal
4590.0,86.3,3.81,2.29,3.55,Performance Degradation
4801.8,89.9,2.34,2.5,2.82,Low Oil Pressure
4752.1,92.5,2.21,2.47,2.84,Low Oil Pressure
5164.4,79.4,4.25,0.91,2.64,Normal
5297.8,107.8,3.56,1.64,3.58,Overheating
5271.0,106.4,3.55,1.85,3.26,Overheating
4896.8,95.3,2.1,2.49,2.91,Low Oil Pressure
4678.1,84.5,3.86,2.1,3.54,Performance Degradation
5229.4,80.3,4.09,1.2,2.8,Normal
4548.6,92.6,3.32,4.74,3.46,Bearing Degradation
4601.3,85.3,4.04,2.22,3.56,Performance Degradation
4494.2,85.0,4.08,2.05,3.72,Performance Degradation
5201.2,79.1,4.34,1.02,2.77,Normal
5230.9,79.5,4.3,1.19,2.74,Normal
5244.8,109.1,3.46,1.99,3.49,Overheating
5177.0,76.3,4.43,0.95,2.72,Normal
4653.2,81.2,3.9,2.03,3.6,Performance Degradation
4982.1,95.4,2.17,2.96,2.83,Low Oil Pressure
4744.4,93.9,3.44,4.66,2.91,Bearing Degradation
4670.4,86.1,3.53,5.33,2.82,Bearing Degradation
5248.1,102.1,3.57,1.83,3.27,Overheating
4885.9,89.5,2.53,2.49,2.86,Low Oil Pressure
4700.1,89.1,3.97,1.95,3.5,Performance Degradation
5206.3,81.0,4.43,1.35,2.76,Normal
4617.4,82.3,3.72,2.12,3.37,Performance Degradation
5192.8,75.3,4.13,1.29,2.76,Normal
5289.3,106.6,3.49,1.71,3.5,Overheating
4650.3,81.0,3.82,2.33,3.37,Performance Degradation
4685.1,93.9,2.43,2.48,2.91,Low Oil Pressure
4801.5,93.5,2.15,2.64,2.81,Low Oil Pressure
5238.4,79.4,4.29,1.24,2.62,Normal
5293.6,103.7,3.81,1.59,3.16,Overheating
4601.2,82.8,3.93,1.79,3.68,Performance Degradation
4732.2,93.8,2.42,2.54,2.9,Low Oil Pressure
4757.6,90.2,2.26,2.36,2.84,Low Oil Pressure
5241.0,110.3,3.57,2.17,3.51,Overheating
4814.1,93.9,2.1,2.63,2.66,Low Oil Pressure
4667.7,92.9,3.48,5.49,2.75,Bearing Degradation
4702.3,80.7,4.06,1.99,3.75,Performance Degradation
5180.3,80.8,4.41,1.16,2.78,Normal
5185.6,77.1,4.32,1.35,2.68,Normal
5338.0,102.3,3.7,1.75,3.47,Overheating
4766.2,91.9,2.51,2.61,2.79,Low Oil Pressure
4721.3,88.4,2.93,4.78,3.02,Bearing Degradation
4674.2,86.0,4.09,2.02,3.72,Performance Degradation
5193.7,80.1,4.31,1.16,2.81,Normal
4849.4,88.7,2.51,2.37,3.14,Low Oil Pressure
4703.3,82.4,3.94,2.15,3.91,Performance Degradation
4760.7,85.5,3.28,5.0,3.19,Bearing Degradation
4616.4,91.4,3.43,5.53,2.89,Bearing Degradation
4629.5,92.5,3.09,5.01,3.06,Bearing Degradation
5179.9,76.3,4.33,1.33,2.71,Normal
4841.0,91.6,2.03,2.7,2.85,Low Oil Pressure
5351.6,112.8,3.34,1.96,3.64,Overheating
5389.2,105.0,3.58,1.73,3.43,Overheating
5278.5,101.4,3.81,1.67,3.16,Overheating
5238.7,79.0,4.31,1.26,2.68,Normal
4725.2,91.6,2.33,2.52,2.87,Low Oil Pressure
4562.8,82.2,3.99,1.95,3.56,Performance Degradation
4729.1,84.9,3.66,1.84,3.41,Performance Degradation
4600.6,87.9,3.0,5.96,2.86,Bearing Degradation
5189.3,77.9,4.25,1.06,2.54,Normal
5247.0,107.3,3.45,1.91,3.28,Overheating
4926.1,90.6,2.24,2.57,2.75,Low Oil Pressure
4735.5,88.3,3.91,2.02,3.79,Performance Degradation
5178.3,78.1,4.37,1.39,2.7,Normal
5301.0,107.1,3.59,1.84,3.41,Overheating
4737.9,88.0,3.06,4.83,3.28,Bearing Degradation
5197.7,104.7,3.69,1.46,3.32,Overheating
4931.5,94.3,2.46,2.45,3.03,Low Oil Pressure
5277.7,77.3,4.31,1.13,2.59,Normal
5138.8,77.2,4.25,1.06,2.76,Normal
4949.7,91.2,2.3,2.59,3.07,Low Oil Pressure
4915.8,93.0,1.94,2.91,2.96,Low Oil Pressure
4579.2,85.9,3.59,5.5,3.05,Bearing Degradation
5341.4,110.6,3.42,1.81,3.52,Overheating
5128.7,79.0,4.31,1.13,2.6,Normal
4936.8,91.4,2.23,2.66,2.95,Low Oil Pressure
5251.9,103.7,3.43,1.95,3.43,Overheating
4624.3,90.0,3.06,4.56,3.19,Bearing Degradation
5239.3,102.6,3.66,1.9,3.3,Overheating
4689.9,85.3,3.98,2.21,3.43,Performance Degradation
5311.4,110.8,3.49,1.86,3.42,Overheating
5253.4,78.4,4.35,1.19,2.57,Normal
5171.3,75.8,4.35,1.2,2.57,Normal
5242.0,107.4,3.54,1.79,3.48,Overheating
4575.4,85.1,4.04,1.84,3.65,Performance Degradation
4855.1,91.5,2.11,2.84,2.75,Low Oil Pressure
4539.8,89.0,3.32,5.61,3.03,Bearing Degradation
4775.0,92.4,2.51,2.44,2.86,Low Oil Pressure
4783.6,92.4,3.17,3.7,3.07,Bearing Degradation
4632.8,83.5,3.19,4.97,3.09,Bearing Degradation
4664.3,88.6,3.83,2.29,3.57,Performance Degradation
5268.4,109.6,3.43,1.82,3.41,Overheating
4923.4,88.4,2.47,2.19,2.94,Low Oil Pressure
5166.0,75.7,4.19,1.26,2.68,Normal
5383.8,101.0,3.62,1.71,3.34,Overheating
5136.7,76.3,4.14,1.35,2.73,Normal
5295.6,107.4,3.46,1.9,3.41,Overheating
5259.5,104.8,3.68,1.72,3.37,Overheating
5265.3,105.5,3.63,1.72,3.43,Overheating
4899.8,90.2,2.56,2.29,3.07,Low Oil Pressure
4818.5,91.3,2.26,2.68,3.0,Low Oil Pressure
5339.8,103.6,3.55,1.83,3.44,Overheating
5252.8,76.8,4.24,1.5,2.68,Normal
4652.8,94.4,2.97,5.57,3.21,Bearing Degradation
4704.7,81.4,3.68,2.24,3.68,Performance Degradation
5268.0,98.6,3.82,1.64,3.24,Overheating
4925.9,94.1,2.18,2.55,2.96,Low Oil Pressure
5328.1,107.8,3.55,1.89,3.58,Overheating
5213.5,102.8,3.73,1.65,3.28,Overheating
4490.5,86.3,3.35,6.08,3.21,Bearing Degradation
5195.7,76.7,4.34,1.4,2.75,Normal
4820.9,92.0,2.29,2.34,3.07,Low Oil Pressure
5213.4,76.0,4.28,1.22,2.78,Normal
5228.5,80.7,4.28,1.18,2.78,Normal
4708.2,85.0,4.0,2.31,3.59,Performance Degradation
5041.2,89.7,2.55,2.28,2.89,Low Oil Pressure
5127.3,76.3,4.23,0.94,2.57,Normal
4648.7,84.9,3.65,2.08,3.64,Performance Degradation
4923.7,97.8,2.36,2.64,2.88,Low Oil Pressure
5252.5,96.7,3.78,1.45,3.18,Overheating
4572.2,83.0,3.11,4.9,3.02,Bearing Degradation
5106.3,77.3,4.4,1.38,2.81,Normal
5162.6,75.4,4.29,1.37,2.75,Normal
5326.4,102.0,3.72,1.83,3.29,Overheating
4886.5,93.4,2.11,2.43,2.82,Low Oil Pressure
4833.4,92.9,2.55,2.33,3.06,Low Oil Pressure
4738.7,83.0,3.91,2.38,3.55,Performance Degradation
4924.2,98.6,2.0,2.79,2.87,Low Oil Pressure
4936.8,93.0,2.03,2.49,2.8,Low Oil Pressure
5016.3,96.2,2.16,2.62,3.0,Low Oil Pressure
4878.9,93.3,2.25,2.62,2.81,Low Oil Pressure
5277.5,105.1,3.65,1.7,3.51,Overheating
4741.4,88.2,3.45,4.88,2.97,Bearing Degradation
4851.7,92.6,2.46,2.17,3.17,Low Oil Pressure
4543.5,88.0,3.38,4.6,3.05,Bearing Degradation
5195.6,81.1,4.36,1.37,2.66,Normal
4844.9,90.4,2.61,2.42,3.02,Low Oil Pressure
4723.8,88.7,3.94,1.83,3.42,Performance Degradation
4650.4,87.3,3.7,1.92,3.52,Performance Degradation
4579.5,82.7,3.76,2.21,3.63,Performance Degradation
5175.5,79.0,4.34,1.37,2.61,Normal
4671.6,89.2,3.75,2.11,3.88,Performance Degradation
5144.9,79.5,4.3,1.12,2.64,Normal
4722.5,84.2,3.59,2.1,3.65,Performance Degradation
4846.2,90.5,2.54,2.31,2.73,Low Oil Pressure
4725.6,86.3,2.78,5.42,3.11,Bearing Degradation
5249.6,73.8,4.3,1.26,2.75,Normal
5209.1,98.2,3.82,1.54,3.27,Overheating
4718.2,89.7,3.08,4.66,2.93,Bearing Degradation
4647.2,83.5,3.36,4.2,3.19,Bearing Degradation
4711.2,86.3,3.9,1.62,3.51,Performance Degradation
4732.1,83.7,3.9,2.23,3.61,Performance Degradation
4942.2,94.1,2.36,2.43,3.07,Low Oil Pressure
5242.9,79.8,4.38,1.14,2.64,Normal
4631.4,83.2,4.13,2.3,3.42,Performance Degradation
4830.1,92.8,2.24,2.47,2.93,Low Oil Pressure
5259.3,77.8,4.46,1.23,2.73,Normal
5294.2,81.3,4.19,1.36,2.83,Normal
4712.4,88.5,3.06,3.79,3.12,Bearing Degradation
4819.4,86.9,3.34,4.72,3.07,Bearing Degradation
5237.8,99.7,3.65,1.54,3.13,Overheating
5243.9,79.8,4.35,1.19,2.78,Normal
4683.8,84.1,4.06,1.77,3.37,Performance Degradation
5193.8,103.6,3.62,1.93,3.09,Overheating
4642.9,87.6,3.48,4.91,3.12,Bearing Degradation
4898.3,89.9,2.42,2.64,2.95,Low Oil Pressure
5170.7,79.8,4.35,0.9,2.65,Normal
4496.4,85.4,3.2,4.98,3.19,Bearing Degradation
4613.5,92.6,3.55,5.42,3.28,Bearing Degradation
4762.2,91.5,2.34,2.49,3.02,Low Oil Pressure
5233.9,108.5,3.59,1.87,3.51,Overheating
5255.6,103.6,3.73,1.82,3.22,Overheating
4896.8,94.2,2.3,2.27,2.97,Low Oil Pressure
4892.0,89.8,2.11,2.4,2.83,Low Oil Pressure
4583.5,88.4,3.28,5.22,3.12,Bearing Degradation
4632.1,87.6,3.78,2.03,3.39,Performance Degradation
5258.0,78.0,4.2,1.13,2.78,Normal
5233.6,101.5,3.83,1.68,3.37,Overheating
5273.6,110.7,3.47,1.76,3.62,Overheating
4750.1,88.7,4.06,2.16,3.83,Performance Degradation
5228.0,77.0,4.07,1.07,2.81,Normal
4819.4,92.3,2.47,2.4,3.04,Low Oil Pressure
5164.1,78.9,4.44,1.28,2.71,Normal
4577.3,84.2,4.0,1.91,3.2,Performance Degradation
5158.6,80.3,4.34,1.36,2.64,Normal
4637.0,91.6,3.19,5.96,3.1,Bearing Degradation
5295.5,103.3,3.58,1.4,3.45,Overheating
4781.2,92.4,2.5,2.46,2.97,Low Oil Pressure
4563.5,80.1,3.82,1.91,4.03,Performance Degradation
4746.8,97.3,2.13,2.67,2.93,Low Oil Pressure
5146.6,75.9,4.48,1.33,2.72,Normal
5176.2,77.8,4.17,1.29,2.64,Normal
5246.2,102.9,3.63,1.96,3.26,Overheating
5205.4,79.6,4.35,1.15,2.65,Normal
4539.2,87.8,3.28,5.57,3.01,Bearing Degradation
5325.7,97.7,3.8,1.64,3.21,Overheating
5292.3,100.7,3.6,1.66,3.25,Overheating
4813.3,89.5,2.43,2.4,2.9,Low Oil Pressure
4484.7,81.7,3.77,1.92,3.69,Performance Degradation
4770.5,93.7,2.08,2.55,2.8,Low Oil Pressure
4913.9,93.9,2.18,2.48,2.79,Low Oil Pressure
5252.0,110.9,3.27,1.93,3.41,Overheating
4565.0,87.1,2.88,3.92,3.06,Bearing Degradation
4680.8,83.7,4.16,2.06,3.69,Performance Degradation
4631.7,83.5,3.96,1.93,3.31,Performance Degradation
4700.9,89.0,3.2,4.51,3.18,Bearing Degradation
5243.4,78.6,4.06,1.04,2.7,Normal
4541.4,88.0,3.39,3.94,3.01,Bearing Degradation
5151.9,77.7,4.44,1.26,2.66,Normal
4838.3,90.1,2.38,2.44,2.73,Low Oil Pressure
4816.7,87.7,3.55,5.23,2.77,Bearing Degradation
5277.8,107.2,3.76,1.73,3.39,Overheating
4971.8,89.0,2.5,2.4,2.77,Low Oil Pressure
5283.2,107.0,3.62,1.77,3.54,Overheating
5212.7,80.6,4.17,1.17,2.7,Normal
4760.9,89.4,3.04,6.01,3.48,Bearing Degradation
4994.3,90.8,2.48,2.55,2.86,Low Oil Pressure
4935.1,95.0,2.2,2.69,3.03,Low Oil Pressure
4833.7,94.1,2.05,2.7,2.89,Low Oil Pressure
4600.9,85.6,3.97,2.09,3.67,Performance Degradation
4587.3,84.3,3.97,2.42,3.32,Performance Degradation
4768.8,93.2,2.43,2.12,3.0,Low Oil Pressure
4690.4,83.7,3.71,1.79,3.44,Performance Degradation
4604.4,84.7,3.98,2.25,3.81,Performance Degradation
5295.0,107.4,3.6,1.89,3.54,Overheating
4788.2,86.7,2.3,2.71,3.1,Low Oil Pressure
5368.0,107.7,3.46,1.9,3.33,Overheating
4696.0,88.2,3.33,4.77,3.05,Bearing Degradation
4792.0,96.7,2.16,2.51,2.92,Low Oil Pressure
4777.9,90.2,2.65,2.34,2.83,Low Oil Pressure
5167.3,77.4,4.27,1.09,2.64,Normal
5209.5,76.4,4.24,1.33,2.69,Normal
5163.6,78.5,4.22,1.21,2.72,Normal
4636.6,82.3,4.06,2.05,3.94,Performance Degradation
5215.1,104.4,3.74,1.77,3.33,Overheating
4656.1,86.8,3.97,1.94,3.61,Performance Degradation
4852.1,92.0,2.43,2.21,2.99,Low Oil Pressure
4850.0,84.1,3.92,2.13,3.53,Performance Degradation
5340.7,102.0,3.71,1.83,3.25,Overheating
5244.6,101.8,3.82,1.91,3.26,Overheating
4642.5,90.5,3.3,5.88,2.91,Bearing Degradation
4778.2,89.4,3.29,5.39,2.96,Bearing Degradation
5283.3,96.5,3.85,1.46,3.17,Overheating
4827.5,93.8,2.07,2.85,2.92,Low Oil Pressure
4855.8,93.8,2.2,2.62,3.23,Low Oil Pressure
5273.2,105.5,3.54,1.7,3.48,Overheating
5225.1,76.0,4.32,0.97,2.69,Normal
4671.0,84.2,4.25,2.21,3.79,Performance Degradation
5351.6,103.4,3.57,1.83,3.32,Overheating
5220.3,103.2,3.53,1.45,3.23,Overheating
4605.1,86.9,3.16,4.62,3.21,Bearing Degradation
4601.7,83.9,3.82,2.2,3.95,Performance Degradation
5140.1,81.0,4.34,1.07,2.5,Normal
4642.1,83.6,3.73,2.19,3.27,Performance Degradation
4582.3,83.6,3.69,1.86,3.7,Performance Degradation
5189.9,77.7,4.3,1.37,2.67,Normal
5361.8,110.0,3.48,1.86,3.37,Overheating
4701.7,86.8,4.13,2.1,3.57,Performance Degradation
5271.8,104.6,3.7,1.8,3.29,Overheating
5260.5,104.1,3.69,1.75,3.44,Overheating
5230.9,77.9,4.22,1.38,2.63,Normal
5150.2,80.1,4.36,1.24,2.69,Normal
4636.4,88.1,4.0,2.37,3.44,Performance Degradation
5319.7,111.3,3.59,1.93,3.49,Overheating
4754.6,90.4,2.47,2.4,2.79,Low Oil Pressure
5226.1,104.6,3.52,1.74,3.34,Overheating
4647.3,88.0,3.39,4.0,2.85,Bearing Degradation
4588.7,83.4,3.7,2.26,3.38,Performance Degradation
4583.1,83.6,3.01,5.56,2.95,Bearing Degradation
4609.5,87.8,3.18,3.86,3.09,Bearing Degradation
4784.8,93.5,2.5,2.42,2.87,Low Oil Pressure
5197.5,75.7,4.1,1.32,2.75,Normal
4689.0,89.7,3.39,4.54,2.98,Bearing Degradation
4529.3,86.9,3.73,2.07,3.45,Performance Degradation
4624.1,82.3,3.79,2.07,3.64,Performance Degradation
5179.4,75.8,4.28,1.36,2.65,Normal
4803.1,84.4,3.76,2.43,3.69,Performance Degradation
5232.8,107.0,3.47,1.74,3.36,Overheating
5215.2,76.3,4.29,1.17,2.78,Normal
4828.0,92.5,2.37,2.64,2.82,Low Oil Pressure
5197.7,79.1,4.41,1.31,2.75,Normal
5440.3,107.0,3.58,2.03,3.43,Overheating
4662.9,84.3,3.72,2.07,3.61,Performance Degradation
5281.0,76.9,4.41,1.19,2.72,Normal
4835.4,93.4,2.34,2.69,2.7,Low Oil Pressure
4768.0,90.3,2.26,2.82,3.01,Low Oil Pressure
4904.6,88.9,2.51,2.4,2.88,Low Oil Pressure
5329.2,99.5,3.75,1.76,3.1,Overheating
4633.9,85.0,3.94,2.14,3.91,Performance Degradation
5268.5,107.5,3.63,1.95,3.26,Overheating
4611.6,83.2,3.96,1.94,3.62,Performance Degradation
4695.7,89.4,2.55,2.29,2.84,Low Oil Pressure
5338.0,108.5,3.45,1.67,3.46,Overheating
4680.6,83.4,4.0,2.18,3.56,Performance Degradation
4867.8,91.3,2.42,2.66,2.88,Low Oil Pressure
5320.3,109.5,3.56,1.79,3.5,Overheating
4590.6,83.8,3.85,2.21,3.67,Performance Degradation
4937.6,86.7,2.64,2.06,2.96,Low Oil Pressure
5286.1,74.3,4.31,1.24,2.73,Normal
4605.1,88.4,3.43,5.74,3.13,Bearing Degradation
4850.2,92.0,2.29,2.61,2.82,Low Oil Pressure
5210.1,76.1,4.46,0.93,2.76,Normal
5128.3,74.9,4.12,1.29,2.62,Normal
4596.1,84.7,3.56,5.58,3.02,Bearing Degradation
4567.8,79.8,3.77,2.1,3.54,Performance Degradation
5285.7,108.1,3.59,1.94,3.37,Overheating
4578.9,93.3,3.22,5.1,3.02,Bearing Degradation
4650.5,86.0,4.08,2.48,3.64,Performance Degradation
4816.3,89.7,3.21,4.74,3.14,Bearing Degradation
5219.8,79.8,4.25,1.31,2.75,Normal
4806.8,96.4,2.44,2.59,2.79,Low Oil Pressure
4685.4,89.7,3.11,5.7,3.05,Bearing Degradation
5253.1,77.8,4.38,1.09,2.63,Normal
4649.5,91.8,3.09,4.12,3.07,Bearing Degradation
4469.3,84.6,4.05,1.91,3.77,Performance Degradation
4648.8,84.0,3.94,2.12,3.61,Performance Degradation
4702.9,85.0,3.03,5.28,2.87,Bearing Degradation
4511.2,83.9,3.56,1.99,3.77,Performance Degradation
5329.0,103.8,3.64,1.59,3.31,Overheating
5186.9,76.1,4.38,1.07,2.64,Normal
4757.4,85.1,3.21,4.34,2.99,Bearing Degradation
5137.5,77.1,4.29,1.27,2.75,Normal
4654.9,88.6,3.15,4.55,3.21,Bearing Degradation
4841.3,88.1,2.65,2.09,3.04,Low Oil Pressure
5269.4,82.1,4.3,1.15,2.74,Normal
4703.9,87.3,3.3,5.71,3.2,Bearing Degradation
5293.7,108.7,3.59,1.95,3.55,Overheating
5298.8,99.7,3.85,1.78,3.26,Overheating
5214.9,78.5,4.4,1.5,2.71,Normal
5275.7,109.7,3.53,1.91,3.19,Overheating
4636.8,89.7,3.34,5.72,3.07,Bearing Degradation
4713.7,89.3,2.62,2.31,2.93,Low Oil Pressure
4854.7,88.8,2.37,2.57,2.78,Low Oil Pressure
4605.2,87.0,3.42,5.92,3.05,Bearing Degradation
4694.9,92.4,3.26,6.35,3.02,Bearing Degradation
4753.8,92.8,2.03,2.49,2.93,Low Oil Pressure
5136.7,77.7,4.18,1.15,2.66,Normal
4691.1,95.0,3.65,4.98,3.0,Bearing Degradation
4690.2,93.4,3.37,4.81,3.24,Bearing Degradation
4808.3,89.6,2.65,2.07,2.84,Low Oil Pressure
5150.0,78.7,4.37,1.2,2.72,Normal
5106.7,103.0,3.66,1.77,3.36,Overheating
5257.3,112.6,3.43,1.8,3.57,Overheating
4872.6,90.7,2.46,2.42,2.96,Low Oil Pressure
4593.9,85.9,3.83,2.21,3.47,Performance Degradation
5189.8,102.7,3.66,1.58,3.21,Overheating
4699.2,88.1,3.39,4.73,3.33,Bearing Degradation
5174.3,102.4,3.75,1.85,3.38,Overheating
5301.5,112.3,3.37,1.9,3.74,Overheating
5198.2,95.5,3.85,1.67,3.08,Overheating
4755.8,88.0,2.51,2.46,2.89,Low Oil Pressure
4732.5,91.2,3.19,5.98,3.11,Bearing Degradation
4654.2,85.8,3.18,4.66,3.01,Bearing Degradation
5212.9,76.3,4.32,1.33,2.72,Normal
4699.5,88.0,3.12,3.8,3.17,Bearing Degradation
4621.7,87.5,3.26,6.67,3.02,Bearing Degradation
4668.2,95.0,3.06,5.43,3.07,Bearing Degradation
4719.5,84.7,3.9,2.16,3.72,Performance Degradation
5181.4,110.0,3.47,2.07,3.47,Overheating
5343.4,109.2,3.63,2.02,3.37,Overheating
4742.4,83.7,3.89,2.17,3.63,Performance Degradation
4608.4,85.7,3.33,5.97,3.0,Bearing Degradation
4912.6,94.2,2.33,2.32,2.74,Low Oil Pressure
4771.6,86.2,4.08,1.72,3.74,Performance Degradation
4637.4,88.9,3.12,5.78,3.13,Bearing Degradation
4755.7,83.7,4.09,1.74,3.69,Performance Degradation
4688.1,83.3,3.59,2.04,3.7,Performance Degradation
4636.0,90.2,3.24,5.29,2.91,Bearing Degradation
5144.0,80.4,4.31,1.48,2.58,Normal
4718.0,90.0,4.02,2.34,3.2,Performance Degradation
5251.7,102.4,3.65,1.77,3.21,Overheating
5193.3,107.8,3.48,1.76,3.39,Overheating
5299.3,104.9,3.57,1.81,3.27,Overheating
4877.1,91.5,2.36,2.63,2.91,Low Oil Pressure
5298.6,106.1,3.51,1.73,3.48,Overheating
4704.7,84.1,3.96,2.12,3.74,Performance Degradation
4908.6,93.0,2.15,2.47,2.93,Low Oil Pressure
4791.9,89.9,2.9,3.98,2.87,Bearing Degradation
4690.9,84.2,3.94,1.98,3.52,Performance Degradation
5232.7,78.2,4.02,1.48,2.76,Normal
5274.4,103.5,3.56,1.83,3.44,Overheating
4522.0,92.2,3.41,4.37,3.28,Bearing Degradation
5230.2,101.4,3.68,1.63,3.26,Overheating
5362.3,103.5,3.69,1.88,3.35,Overheating
5198.4,77.9,4.18,1.46,2.78,Normal
4913.7,96.4,2.42,2.38,2.78,Low Oil Pressure
4640.6,91.7,3.5,5.14,2.97,Bearing Degradation
4616.1,86.9,3.11,3.75,3.08,Bearing Degradation
5192.2,78.9,4.39,1.24,2.67,Normal
4612.8,92.6,2.88,5.01,3.01,Bearing Degradation
4779.0,89.5,3.25,4.05,3.07,Bearing Degradation
5168.5,79.0,4.38,1.18,2.74,Normal
5321.9,99.8,3.73,1.54,3.17,Overheating
4648.9,89.6,3.09,4.54,3.28,Bearing Degradation
5255.3,112.1,3.38,2.01,3.56,Overheating
4783.3,93.9,2.31,2.73,3.05,Low Oil Pressure
4625.5,89.3,3.29,5.29,2.76,Bearing Degradation
4741.0,86.2,3.39,4.98,3.14,Bearing Degradation
4794.2,86.5,2.65,2.29,2.85,Low Oil Pressure
5276.7,103.6,3.69,1.83,3.43,Overheating
5311.7,100.0,3.69,1.51,3.33,Overheating
4839.8,92.4,2.23,2.62,3.0,Low Oil Pressure
4871.4,90.3,2.43,2.71,2.87,Low Oil Pressure
5181.1,79.9,4.39,1.18,2.74,Normal
4870.8,91.7,2.52,2.5,2.94,Low Oil Pressure
4839.7,93.1,2.34,2.58,2.85,Low Oil Pressure
5222.7,98.7,3.79,1.64,3.21,Overheating
4710.0,89.3,3.24,4.77,3.19,Bearing Degradation
4737.5,81.6,3.83,1.96,3.47,Performance Degradation
4734.2,87.7,4.12,2.24,3.66,Performance Degradation
5229.7,104.5,3.66,1.67,3.26,Overheating
4816.6,90.7,2.43,2.5,2.74,Low Oil Pressure
5230.1,101.3,3.66,1.47,3.33,Overheating
5266.0,78.1,4.52,1.23,2.51,Normal
5175.6,77.8,4.21,1.2,2.72,Normal
4830.8,89.1,2.44,2.64,2.93,Low Oil Pressure
4574.0,81.7,3.84,2.01,3.39,Performance Degradation
5234.4,99.1,3.65,1.51,3.39,Overheating
4572.9,92.9,3.23,5.22,2.99,Bearing Degradation
5195.5,75.8,4.28,1.15,2.62,Normal
5237.2,107.7,3.6,1.73,3.37,Overheating
5178.5,77.1,4.32,1.06,2.57,Normal
5136.0,79.4,4.15,1.15,2.6,Normal
5116.0,76.7,4.38,1.2,2.78,Normal
4788.2,89.1,3.15,5.78,2.94,Bearing Degradation
4934.0,92.3,2.34,2.48,2.95,Low Oil Pressure
4774.8,86.9,3.37,4.13,2.75,Bearing Degradation
5175.1,80.4,4.31,1.13,2.57,Normal
5234.2,75.7,4.51,1.5,2.73,Normal
4765.4,92.3,2.39,2.45,2.79,Low Oil Pressure
4976.4,91.9,2.51,2.36,2.83,Low Oil Pressure
5173.2,76.8,4.35,1.36,2.72,Normal
5243.9,73.6,4.26,1.37,2.69,Normal
5294.1,106.6,3.5,1.83,3.48,Overheating
4628.6,79.4,3.74,2.06,3.44,Performance Degradation
4700.9,82.7,3.99,2.07,3.71,Performance Degradation
5154.9,76.1,4.23,1.12,2.7,Normal
4834.0,87.8,2.6,2.26,2.79,Low Oil Pressure
5208.8,80.5,4.18,1.4,2.66,Normal
4774.3,93.1,2.65,2.3,2.96,Low Oil Pressure
4725.0,91.8,2.09,2.78,2.99,Low Oil Pressure
4801.4,91.5,2.37,2.44,2.96,Low Oil Pressure
5361.7,109.8,3.54,2.03,3.45,Overheating
5336.5,97.9,3.66,1.76,3.17,Overheating
5316.1,98.6,3.72,1.66,3.2,Overheating
4681.2,90.9,3.24,4.8,3.23,Bearing Degradation
5346.3,96.8,3.85,1.61,3.21,Overheating
5190.1,79.8,4.18,1.3,2.67,Normal
4894.0,95.4,2.14,2.64,2.91,Low Oil Pressure
4913.0,92.8,2.23,2.63,3.0,Low Oil Pressure
4901.1,93.3,2.11,2.74,3.02,Low Oil Pressure
5221.3,77.4,4.25,1.09,2.62,Normal
5233.3,105.1,3.48,1.94,3.37,Overheating
4566.2,86.3,3.93,2.37,3.75,Performance Degradation
4711.2,88.7,3.27,6.02,3.12,Bearing Degradation
5232.1,81.1,4.34,1.11,2.59,Normal
5202.7,77.2,4.12,1.29,2.74,Normal
4707.8,78.3,4.08,2.01,3.94,Performance Degradation
4702.8,90.2,3.13,4.87,3.03,Bearing Degradation
5128.3,76.6,4.35,1.24,2.72,Normal
4721.5,95.1,2.05,2.52,3.06,Low Oil Pressure
4687.1,84.6,4.12,2.2,3.36,Performance Degradation
4588.3,82.7,3.83,2.04,3.63,Performance Degradation
4795.0,90.8,2.59,2.02,2.82,Low Oil Pressure
4732.9,80.6,3.93,2.14,3.55,Performance Degradation
4698.1,83.5,3.82,2.52,3.39,Performance Degradation
4631.6,83.1,3.85,2.1,3.83,Performance Degradation
4847.1,93.0,2.14,2.9,3.01,Low Oil Pressure
5214.9,79.2,4.2,1.24,2.64,Normal
5270.8,111.1,3.47,2.13,3.8,Overheating
4868.5,89.4,2.26,2.78,2.72,Low Oil Pressure
5243.9,78.4,4.28,1.27,2.62,Normal
4765.1,92.9,2.17,2.58,2.8,Low Oil Pressure
5222.3,75.6,4.16,1.09,2.67,Normal
5210.3,102.0,3.51,1.69,3.34,Overheating
4582.2,81.6,3.96,2.02,3.92,Performance Degradation
5145.6,75.8,4.35,1.03,2.72,Normal
4552.7,86.8,3.38,4.81,3.19,Bearing Degradation
4838.8,93.7,2.42,2.24,2.92,Low Oil Pressure
5286.2,109.4,3.41,1.73,3.52,Overheating
4798.8,88.0,3.23,5.41,3.09,Bearing Degradation
4870.5,91.6,2.37,2.6,3.05,Low Oil Pressure
4603.3,85.4,4.03,2.14,4.05,Performance Degradation
4583.2,86.1,4.0,2.11,3.7,Performance Degradation
4796.2,90.0,2.18,2.42,2.89,Low Oil Pressure
4680.4,86.4,3.34,4.59,3.02,Bearing Degradation
5195.5,76.9,4.2,1.24,2.73,Normal
5175.9,77.1,4.29,1.37,2.79,Normal
5223.7,110.6,3.38,1.71,3.45,Overheating
4782.4,87.9,3.83,1.95,3.64,Performance Degradation
4690.4,88.4,3.93,2.42,3.64,Performance Degradation
4503.5,86.1,4.01,2.3,3.44,Performance Degradation
5340.4,106.9,3.71,1.76,3.53,Overheating
5238.1,99.3,3.85,1.68,3.08,Overheating
5265.1,114.5,3.43,2.22,3.65,Overheating
5242.8,100.1,3.75,1.69,3.18,Overheating
4610.7,83.5,3.71,2.15,3.71,Performance Degradation
4663.4,87.5,3.3,5.71,3.13,Bearing Degradation
5219.8,74.2,4.26,1.24,2.58,Normal
4498.7,82.6,4.08,1.99,3.93,Performance Degradation
5253.5,77.6,4.4,1.0,2.65,Normal
4945.4,85.9,2.38,2.33,2.82,Low Oil Pressure
5344.4,109.3,3.61,1.88,3.58,Overheating
5223.6,99.2,3.75,1.41,3.2,Overheating
4657.3,88.2,2.99,4.33,2.98,Bearing Degradation
5230.4,103.2,3.84,1.8,3.26,Overheating
4889.5,92.7,2.08,2.61,2.91,Low Oil Pressure
5262.5,105.3,3.53,1.67,3.46,Overheating
4796.8,88.0,3.45,4.37,3.11,Bearing Degradation
5247.0,78.9,4.35,1.18,2.67,Normal
4703.7,89.3,3.65,5.24,2.94,Bearing Degradation
4873.5,94.3,2.36,2.15,2.76,Low Oil Pressure
4665.0,84.0,3.87,2.14,3.41,Performance Degradation
5251.1,79.2,4.25,1.22,2.75,Normal
5326.5,107.6,3.57,1.8,3.42,Overheating
5249.9,107.3,3.64,1.81,3.55,Overheating
4609.0,86.9,3.33,6.34,3.01,Bearing Degradation
5222.9,101.4,3.69,1.48,3.32,Overheating
4706.7,84.2,4.2,2.2,3.35,Performance Degradation
4543.0,88.7,3.34,4.92,3.09,Bearing Degradation
5222.1,75.4,4.33,1.02,2.77,Normal
5234.1,78.1,4.34,1.14,2.81,Normal
4672.3,89.2,3.4,4.03,2.99,Bearing Degradation
5293.9,102.9,3.71,1.97,3.28,Overheating
4823.4,86.1,3.57,4.41,3.13,Bearing Degradation
4642.9,81.6,3.96,2.34,3.33,Performance Degradation
5214.7,80.2,4.35,1.32,2.89,Normal
4737.0,94.3,2.12,2.37,2.93,Low Oil Pressure
4703.7,84.0,3.84,2.12,3.34,Performance Degradation
4656.8,83.6,3.6,1.85,4.09,Performance Degradation
4692.6,84.6,4.0,2.15,3.73,Performance Degradation
5200.5,77.3,4.23,1.07,2.69,Normal
5265.8,100.6,3.65,1.72,3.18,Overheating
5211.1,113.9,3.41,1.98,3.55,Overheating
4869.2,89.2,2.34,2.23,2.95,Low Oil Pressure
5366.6,108.8,3.55,2.02,3.63,Overheating
5195.7,79.4,4.17,1.33,2.69,Normal
5210.9,76.5,4.2,1.22,2.69,Normal
4679.6,82.5,4.16,2.12,3.57,Performance Degradation
4900.7,97.2,2.44,2.35,2.8,Low Oil Pressure
5223.1,79.4,4.19,1.15,2.64,Normal
5211.5,77.3,4.22,1.3,2.72,Normal
4715.2,85.3,3.8,2.3,3.96,Performance Degradation
4505.9,83.6,3.91,2.25,3.57,Performance Degradation
5222.7,76.6,4.33,1.13,2.65,Normal
4788.7,89.7,3.13,5.33,2.89,Bearing Degradation
5217.0,78.4,4.32,1.06,2.68,Normal
4893.2,93.2,2.4,2.66,2.92,Low Oil Pressure
4578.5,81.2,3.77,1.92,4.16,Performance Degradation
4593.3,78.6,4.15,2.21,3.89,Performance Degradation
4851.2,92.9,2.24,2.53,2.84,Low Oil Pressure
5111.8,77.0,4.28,1.0,2.59,Normal
4607.3,94.0,3.39,6.21,3.03,Bearing Degradation
5246.1,109.5,3.44,1.93,3.68,Overheating
4966.3,93.6,2.19,2.79,3.11,Low Oil Pressure
4660.8,79.3,3.83,2.15,3.92,Performance Degradation
4853.0,89.3,2.51,2.29,2.65,Low Oil Pressure
5142.4,80.0,4.36,1.15,2.81,Normal
4870.3,89.6,2.53,2.46,3.02,Low Oil Pressure
4863.1,90.5,2.22,2.76,2.94,Low Oil Pressure
4600.7,87.9,3.73,2.3,3.78,Performance Degradation
5296.3,101.3,3.64,1.76,3.3,Overheating
4590.3,90.7,3.06,5.07,2.97,Bearing Degradation
5261.6,102.4,3.82,1.73,3.55,Overheating
4954.2,89.8,2.41,2.21,2.89,Low Oil Pressure
5274.9,81.1,4.16,1.5,2.82,Normal
5245.3,75.5,4.28,1.14,2.73,Normal
5353.3,109.1,3.45,1.88,3.38,Overheating
4550.7,93.8,3.26,5.44,3.25,Bearing Degradation
5152.9,79.0,4.18,1.12,2.76,Normal
4607.8,83.1,3.19,4.64,3.16,Bearing Degradation
4484.4,88.4,3.08,4.26,3.25,Bearing Degradation
4588.6,85.1,3.09,5.69,2.96,Bearing Degradation
4649.1,93.0,2.99,5.09,3.03,Bearing Degradation
4769.3,88.2,3.92,2.24,3.74,Performance Degradation
4582.1,89.2,3.37,5.43,2.83,Bearing Degradation
5250.6,109.8,3.39,1.91,3.57,Overheating
4690.1,88.0,3.28,4.93,3.11,Bearing Degradation
4617.7,83.7,4.13,2.47,4.01,Performance Degradation
4811.3,92.9,2.1,2.6,2.79,Low Oil Pressure
4563.9,85.9,3.92,1.78,3.39,Performance Degradation
5222.9,74.1,4.26,1.41,2.78,Normal
4839.7,88.3,3.2,4.35,3.21,Bearing Degradation
5196.9,112.7,3.38,1.99,3.53,Overheating
5278.3,107.7,3.66,1.96,3.41,Overheating
5203.3,106.5,3.62,1.84,3.25,Overheating
4876.6,96.6,1.95,2.6,2.94,Low Oil Pressure
4677.5,84.2,4.0,1.89,3.56,Performance Degradation
4798.9,91.8,2.49,2.28,2.64,Low Oil Pressure
5262.7,114.7,3.28,2.0,3.7,Overheating
4699.3,87.6,3.53,4.23,2.9,Bearing Degradation
4509.8,84.1,3.02,5.27,3.2,Bearing Degradation
4591.0,86.1,3.08,5.47,3.16,Bearing Degradation
4850.2,90.8,2.47,2.53,2.71,Low Oil Pressure
4795.2,93.6,2.17,2.69,2.74,Low Oil Pressure
4704.6,83.2,3.41,5.14,3.21,Bearing Degradation
5277.0,75.3,4.31,1.27,2.73,Normal
4692.3,88.6,3.17,5.25,2.99,Bearing Degradation
4641.7,86.3,3.32,5.91,3.18,Bearing Degradation
5134.1,109.0,3.47,1.93,3.34,Overheating
5308.9,102.2,3.73,1.82,3.43,Overheating
4731.8,92.0,3.46,3.72,3.1,Bearing Degradation
4631.7,87.5,3.82,2.03,3.47,Performance Degradation
5219.9,80.3,4.13,1.34,2.58,Normal
4594.4,86.1,3.46,5.04,3.26,Bearing Degradation
5272.0,100.0,3.85,1.8,3.26,Overheating
4562.9,80.2,3.78,2.03,3.92,Performance Degradation
4754.0,82.0,4.02,2.08,3.67,Performance Degradation
5157.6,104.7,3.57,1.8,3.22,Overheating
4699.0,86.7,3.37,6.13,3.28,Bearing Degradation
4882.1,89.9,2.57,2.29,2.81,Low Oil Pressure
4606.8,85.9,3.46,5.58,3.24,Bearing Degradation
5019.3,93.9,2.13,2.36,2.96,Low Oil Pressure
4797.7,89.6,2.38,2.47,3.06,Low Oil Pressure
4875.2,90.4,2.39,2.56,2.84,Low Oil Pressure
5201.1,104.4,3.69,1.78,3.33,Overheating
4792.2,90.8,2.5,2.59,3.04,Low Oil Pressure
4819.3,81.0,3.65,2.16,4.0,Performance Degradation
4645.3,81.5,3.8,2.07,3.5,Performance Degradation
5326.6,109.0,3.48,2.02,3.43,Overheating
5246.1,110.9,3.44,1.94,3.53,Overheating
4743.2,87.6,3.22,5.69,2.98,Bearing Degradation
4776.3,96.2,2.29,2.62,2.73,Low Oil Pressure
4645.3,89.0,3.26,4.52,3.11,Bearing Degradation
4715.1,84.9,3.8,1.92,3.48,Performance Degradation
5085.1,77.4,4.27,1.1,2.73,Normal
4893.0,93.0,2.05,2.67,2.78,Low Oil Pressure
4571.8,84.0,4.19,2.32,3.81,Performance Degradation
4760.7,89.7,2.85,4.53,3.15,Bearing Degradation
4498.2,82.4,3.65,2.03,3.96,Performance Degradation
5205.2,77.2,4.05,1.1,2.73,Normal
4829.1,91.9,2.29,2.62,2.96,Low Oil Pressure
4715.5,82.7,4.11,2.16,3.99,Performance Degradation
4540.7,82.5,3.86,2.21,3.91,Performance Degradation
5158.8,103.3,3.63,1.75,3.31,Overheating
4782.7,82.7,3.73,2.27,3.83,Performance Degradation
5215.3,104.3,3.64,1.85,3.32,Overheating
5288.7,106.9,3.58,1.6,3.51,Overheating
4895.9,96.4,2.08,2.72,2.97,Low Oil Pressure
5165.4,77.5,4.36,1.21,2.78,Normal
4863.9,92.8,1.98,2.88,2.91,Low Oil Pressure
5237.6,108.5,3.58,2.02,3.63,Overheating
4859.6,88.5,2.44,2.23,2.81,Low Oil Pressure
5148.6,105.2,3.58,1.79,3.36,Overheating
4513.6,92.2,3.48,5.2,3.02,Bearing Degradation
4761.6,97.2,2.28,2.3,2.92,Low Oil Pressure
4908.4,90.2,2.64,2.06,2.97,Low Oil Pressure
5227.1,120.2,3.17,2.23,3.7,Overheating
4636.7,89.3,3.29,5.25,3.12,Bearing Degradation
4522.5,89.0,3.2,5.52,2.93,Bearing Degradation
5273.4,107.6,3.59,1.82,3.24,Overheating
4566.8,84.7,3.96,2.01,3.65,Performance Degradation
4583.6,84.2,3.1,5.14,3.45,Bearing Degradation
4734.9,84.7,4.1,1.79,3.71,Performance Degradation
4654.7,85.3,4.1,2.26,3.5,Performance Degradation
4658.8,84.1,3.94,2.3,3.63,Performance Degradation
5163.6,73.6,4.23,1.34,2.69,Normal
5224.9,74.2,4.27,1.19,2.81,Normal
4754.1,89.3,2.65,2.26,2.94,Low Oil Pressure
4579.6,86.2,4.03,2.17,3.51,Performance Degradation
5197.1,100.2,3.68,1.56,3.27,Overheating
4833.7,92.3,2.21,2.44,2.67,Low Oil Pressure
5187.5,80.2,4.12,1.01,2.86,Normal
4850.1,95.0,2.45,2.38,2.69,Low Oil Pressure
5303.5,109.4,3.5,1.93,3.43,Overheating
5221.0,75.3,4.14,1.49,2.77,Normal
4697.8,90.7,3.17,6.03,3.16,Bearing Degradation
4832.5,87.5,2.65,2.24,2.74,Low Oil Pressure
4878.0,95.7,2.1,2.79,2.95,Low Oil Pressure
5140.5,77.3,4.25,1.28,2.75,Normal
4789.0,96.5,2.03,2.8,2.87,Low Oil Pressure
4881.6,91.6,2.52,2.43,2.96,Low Oil Pressure
4726.7,88.7,3.27,4.72,2.94,Bearing Degradation
4773.2,87.5,3.23,5.06,3.06,Bearing Degradation
4820.0,92.2,2.53,2.27,2.81,Low Oil Pressure
5275.9,107.7,3.43,1.66,3.4,Overheating
5310.5,98.5,3.68,1.53,3.17,Overheating
4542.1,86.1,3.77,2.08,3.63,Performance Degradation
5292.7,97.4,3.82,1.67,3.19,Overheating
5286.1,103.9,3.63,1.71,3.15,Overheating
4796.6,92.6,2.26,2.56,2.89,Low Oil Pressure
5284.5,77.6,4.27,1.0,2.79,Normal
4882.9,90.1,2.61,2.3,2.85,Low Oil Pressure
4574.2,92.5,2.95,4.56,3.38,Bearing Degradation
5240.9,110.3,3.52,1.83,3.65,Overheating
5244.9,99.2,3.75,1.48,3.19,Overheating
5182.0,77.9,4.3,1.16,2.72,Normal
4643.5,92.3,3.33,4.43,3.17,Bearing Degradation
5235.4,106.9,3.44,1.77,3.45,Overheating
4738.1,86.9,3.88,2.02,3.65,Performance Degradation
4853.4,91.9,2.5,2.1,2.85,Low Oil Pressure
4625.2,89.2,3.18,4.96,2.98,Bearing Degradation
5292.5,78.5,4.4,1.16,2.62,Normal
5153.3,77.4,4.22,1.32,2.74,Normal
5320.0,112.0,3.37,2.0,3.43,Overheating
4675.1,81.6,4.15,1.95,3.42,Performance Degradation
5161.4,75.7,4.23,1.45,2.71,Normal
5155.1,81.3,4.22,0.99,2.59,Normal
4704.1,82.0,3.12,5.1,2.98,Bearing Degradation
5313.2,95.5,3.81,1.66,3.0,Overheating
5198.9,77.2,4.28,1.13,2.62,Normal
4630.4,87.1,3.82,2.33,3.54,Performance Degradation
4579.9,88.7,2.89,5.47,2.94,Bearing Degradation
4836.1,87.1,3.51,4.74,3.07,Bearing Degradation
5252.8,78.4,4.3,1.2,2.69,Normal
4606.3,81.1,3.88,1.79,4.06,Performance Degradation
4844.9,89.5,2.37,2.48,3.04,Low Oil Pressure
4809.5,96.1,2.33,2.67,2.99,Low Oil Pressure
4680.7,82.5,3.75,2.39,3.81,Performance Degradation
5334.5,105.7,3.6,1.98,3.41,Overheating
5270.8,95.5,3.85,1.4,3.0,Overheating
5276.1,104.7,3.7,1.72,3.34,Overheating
5289.9,103.4,3.61,1.78,3.36,Overheating
5172.9,80.8,4.26,1.33,2.81,Normal
4986.9,85.0,2.65,2.34,2.88,Low Oil Pressure
5231.9,77.6,4.36,1.16,2.75,Normal
4746.6,93.7,2.17,2.39,2.72,Low Oil Pressure
4820.6,90.8,2.24,2.65,2.91,Low Oil Pressure
4830.5,92.6,2.35,2.44,2.94,Low Oil Pressure
5207.7,81.9,4.29,1.14,2.69,Normal
4861.1,91.6,2.55,2.19,2.96,Low Oil Pressure
4735.5,83.6,3.9,2.46,3.63,Performance Degradation
4450.0,94.1,2.94,5.98,3.02,Bearing Degradation
5166.1,80.6,4.3,1.27,2.63,Normal
5236.0,95.5,3.85,1.82,3.16,Overheating
4542.4,88.7,2.99,5.55,3.26,Bearing Degradation
4643.4,88.4,3.0,6.0,3.21,Bearing Degradation
4772.2,92.2,2.34,2.52,2.96,Low Oil Pressure
4845.9,92.9,2.09,2.57,3.0,Low Oil Pressure
4699.4,85.9,3.78,1.96,3.64,Performance Degradation
4852.1,94.2,2.35,2.52,2.86,Low Oil Pressure
4547.1,88.9,3.15,4.96,3.18,Bearing Degradation
4748.0,81.8,4.06,1.69,3.59,Performance Degradation
5216.4,109.8,3.4,1.9,3.49,Overheating
4889.4,90.3,2.45,2.64,2.7,Low Oil Pressure
5213.4,74.7,4.32,1.23,2.66,Normal
4973.1,90.4,2.19,2.63,2.66,Low Oil Pressure
4600.9,89.6,3.47,5.72,3.37,Bearing Degradation
4690.8,87.7,3.34,5.14,3.01,Bearing Degradation
5264.9,102.7,3.61,1.81,3.3,Overheating
4469.0,83.2,3.46,6.05,3.05,Bearing Degradation
4760.2,83.8,3.76,2.12,3.78,Performance Degradation
5230.4,75.0,4.31,1.13,2.76,Normal
4667.6,84.4,3.87,2.28,3.85,Performance Degradation
4840.7,92.0,2.15,2.5,2.73,Low Oil Pressure
4629.8,83.7,3.89,2.2,3.69,Performance Degradation
4748.6,90.4,2.4,2.49,2.57,Low Oil Pressure
5407.7,108.8,3.55,1.99,3.57,Overheating
4818.6,89.6,2.48,2.26,2.89,Low Oil Pressure
4643.2,88.4,4.06,1.84,3.83,Performance Degradation
4913.5,95.0,2.4,2.46,2.86,Low Oil Pressure
4876.1,93.8,2.29,2.54,2.8,Low Oil Pressure
4672.6,81.0,3.74,2.21,3.8,Performance Degradation
4691.3,79.4,3.89,1.72,3.43,Performance Degradation
5290.6,77.9,4.31,1.04,2.68,Normal
5233.7,78.4,4.32,1.34,2.72,Normal
4944.3,95.4,2.27,2.54,2.85,Low Oil Pressure
5288.4,111.0,3.38,1.96,3.72,Overheating
4643.1,92.2,3.1,4.35,2.92,Bearing Degradation
5198.3,98.7,3.71,1.53,3.22,Overheating
5290.3,103.8,3.55,1.52,3.45,Overheating
5203.9,74.8,4.44,1.2,2.59,Normal
5195.3,76.6,4.33,1.29,2.63,Normal
4735.3,85.0,3.5,5.46,3.05,Bearing Degradation
5167.6,77.8,4.32,1.09,2.7,Normal
4726.7,91.9,3.35,5.42,3.06,Bearing Degradation
4657.6,90.5,3.18,5.31,3.32,Bearing Degradation
5251.2,99.0,3.67,1.68,3.15,Overheating
5214.1,74.0,4.37,1.22,2.64,Normal
5202.0,80.0,4.49,1.31,2.45,Normal
5178.7,78.3,4.07,1.27,2.72,Normal
5334.8,102.9,3.74,1.69,3.24,Overheating
5196.4,76.0,4.02,1.15,2.72,Normal
4782.6,89.7,2.53,1.98,2.92,Low Oil Pressure
4637.9,90.2,3.35,3.88,3.29,Bearing Degradation
4751.5,82.7,3.99,2.15,3.41,Performance Degradation
4679.7,86.3,3.85,2.32,3.62,Performance Degradation
5145.5,76.2,4.21,1.35,2.81,Normal
5152.2,79.3,4.41,1.42,2.72,Normal
4858.2,92.9,2.27,2.58,2.82,Low Oil Pressure
4676.8,85.9,3.82,1.93,3.83,Performance Degradation
5196.0,80.4,4.23,1.22,2.75,Normal
4553.8,81.6,3.58,2.19,3.68,Performance Degradation
4975.2,92.5,2.5,2.09,3.02,Low Oil Pressure
4627.5,85.6,3.84,1.93,3.63,Performance Degradation
4777.6,92.1,2.51,2.61,3.02,Low Oil Pressure
5196.4,80.6,4.27,0.99,2.71,Normal
4721.9,91.2,2.38,2.53,2.92,Low Oil Pressure
4542.6,84.2,3.95,2.08,3.59,Performance Degradation
5166.4,76.5,4.3,1.06,2.64,Normal
5189.2,80.1,4.55,1.29,2.71,Normal
4840.9,92.0,2.1,2.62,2.95,Low Oil Pressure
4864.8,89.3,2.41,2.55,2.88,Low Oil Pressure
4619.4,85.7,3.24,5.56,2.96,Bearing Degradation
4634.9,85.8,4.01,2.09,3.85,Performance Degradation
4943.1,89.8,2.51,2.34,2.73,Low Oil Pressure
5208.2,110.3,3.49,1.94,3.46,Overheating
5252.0,102.3,3.85,1.63,3.38,Overheating
4666.0,89.1,3.26,5.91,2.86,Bearing Degradation
5189.0,77.5,4.4,1.18,2.64,Normal
5181.6,106.8,3.48,2.01,3.3,Overheating
4651.8,84.4,3.12,5.03,3.01,Bearing Degradation
4744.4,84.1,3.74,2.2,3.54,Performance Degradation
4766.8,96.1,2.09,2.49,2.75,Low Oil Pressure
4864.3,91.0,2.31,2.63,2.76,Low Oil Pressure
4693.6,83.1,4.12,2.04,3.49,Performance Degradation
4674.2,87.4,3.23,4.48,3.12,Bearing Degradation
4587.2,87.5,3.99,2.29,3.88,Performance Degradation
4613.0,80.7,3.88,2.03,3.77,Performance Degradation
4792.2,90.0,2.65,2.08,2.87,Low Oil Pressure
4799.0,89.4,2.17,2.47,2.75,Low Oil Pressure
4785.0,83.7,3.73,2.21,3.68,Performance Degradation
4916.1,90.1,2.47,2.82,2.9,Low Oil Pressure
4719.9,79.2,4.01,2.07,3.81,Performance Degradation
5225.7,75.5,4.27,1.32,2.75,Normal
4797.6,88.1,3.5,4.99,3.12,Bearing Degradation
5178.8,77.9,4.19,1.26,2.71,Normal
5183.6,76.8,4.37,1.41,2.74,Normal
4575.3,89.2,3.31,5.62,3.08,Bearing Degradation
4811.8,86.3,2.65,1.97,3.02,Low Oil Pressure
5212.0,75.7,4.37,1.11,2.71,Normal
4680.2,84.5,4.11,2.33,3.2,Performance Degradation
4559.9,87.7,3.46,5.18,3.12,Bearing Degradation
5196.8,101.8,3.66,1.71,3.23,Overheating
4743.7,83.3,3.69,2.16,3.46,Performance Degradation
5282.7,115.1,3.43,2.14,3.66,Overheating
4728.4,81.3,4.05,2.17,3.78,Performance Degradation
4711.7,86.1,3.94,2.3,4.03,Performance Degradation
4603.5,86.1,2.78,5.49,3.21,Bearing Degradation
5222.9,77.6,4.44,1.33,2.73,Normal
4629.6,94.9,3.28,3.96,3.1,Bearing Degradation
4813.5,97.0,2.18,2.47,2.84,Low Oil Pressure
5196.1,108.4,3.55,1.89,3.36,Overheating
4723.9,86.9,3.18,5.96,3.13,Bearing Degradation
4584.8,84.8,3.97,2.21,3.23,Performance Degradation
5224.2,101.6,3.58,1.74,3.3,Overheating
5316.6,102.9,3.57,1.68,3.27,Overheating
4789.0,88.1,3.19,4.32,3.23,Bearing Degradation
4654.4,80.5,4.02,1.98,3.44,Performance Degradation
4554.9,88.8,3.41,5.04,3.21,Bearing Degradation
4746.5,83.7,3.81,2.05,3.81,Performance Degradation
4639.3,85.2,3.1,4.93,3.15,Bearing Degradation
4654.0,85.2,3.16,6.02,2.84,Bearing Degradation
4860.1,87.1,2.65,2.31,2.98,Low Oil Pressure
4763.5,93.4,2.47,2.57,3.01,Low Oil Pressure
5152.3,76.6,4.45,1.24,2.73,Normal
5264.9,105.4,3.57,1.8,3.47,Overheating
4586.1,83.5,3.13,5.02,3.19,Bearing Degradation
5191.6,77.8,4.38,1.25,2.71,Normal
4566.8,88.1,3.09,4.15,2.97,Bearing Degradation
4604.3,86.6,3.74,2.53,3.51,Performance Degradation
4783.9,82.0,3.16,6.26,3.13,Bearing Degradation
4737.7,90.8,2.38,2.47,2.79,Low Oil Pressure
4975.7,93.7,2.39,2.3,2.85,Low Oil Pressure
4663.5,86.4,4.01,2.0,3.79,Performance Degradation
5218.9,73.8,4.3,1.22,2.83,Normal
5115.6,79.2,4.14,1.21,2.77,Normal
5249.8,101.2,3.63,1.67,3.24,Overheating
5176.4,77.3,4.45,1.29,2.57,Normal
5275.3,105.4,3.44,1.73,3.54,Overheating
4630.2,85.6,3.81,2.28,3.47,Performance Degradation
5261.0,110.9,3.55,1.78,3.61,Overheating
4754.2,91.5,2.54,2.6,2.86,Low Oil Pressure
4654.6,88.8,3.8,2.14,3.41,Performance Degradation
4918.5,92.7,2.31,2.49,2.9,Low Oil Pressure
4756.1,83.1,4.09,1.84,3.49,Performance Degradation
4762.6,93.7,2.21,2.72,2.92,Low Oil Pressure
5179.3,78.0,4.37,1.2,2.65,Normal
5172.9,79.6,4.39,1.0,2.67,Normal
4521.2,82.3,4.01,2.02,3.51,Performance Degradation
4789.8,95.3,2.23,2.6,2.82,Low Oil Pressure
5146.2,77.1,4.27,1.15,2.65,Normal
5199.0,75.5,4.16,1.28,2.8,Normal
5202.6,79.7,4.26,1.29,2.84,Normal
4898.1,95.8,2.26,2.48,2.94,Low Oil Pressure
4683.4,85.4,3.65,5.6,3.32,Bearing Degradation
5351.3,107.4,3.61,2.06,3.33,Overheating
4693.1,88.5,3.43,5.16,3.0,Bearing Degradation
4681.5,85.0,3.78,2.05,3.85,Performance Degradation
5120.9,77.3,4.25,1.14,2.66,Normal
4553.7,88.8,3.44,4.73,3.0,Bearing Degradation
5224.8,99.9,3.66,1.59,3.0,Overheating
5206.8,76.5,4.26,1.35,2.58,Normal
5183.4,79.8,4.38,1.09,2.56,Normal
4747.3,89.0,3.13,5.1,3.1,Bearing Degradation
5261.5,75.2,4.35,0.91,2.65,Normal
5241.2,99.8,3.57,1.86,3.33,Overheating
4860.0,92.7,2.46,2.41,2.93,Low Oil Pressure
4907.1,96.0,2.05,2.46,2.91,Low Oil Pressure
5169.8,76.3,4.19,0.99,2.64,Normal
5277.4,108.2,3.55,1.85,3.49,Overheating
4646.6,87.5,3.08,4.92,3.37,Bearing Degradation
4450.7,88.0,3.34,5.92,3.14,Bearing Degradation
4543.9,88.8,3.31,4.82,2.98,Bearing Degradation
5180.2,76.7,4.11,1.03,2.73,Normal
4677.4,88.6,3.5,5.08,3.34,Bearing Degradation
4764.2,88.4,2.64,2.13,3.02,Low Oil Pressure
5239.9,113.2,3.39,2.04,3.5,Overheating
4677.4,79.2,4.05,2.25,3.76,Performance Degradation
4881.2,92.4,2.3,2.68,2.8,Low Oil Pressure
5198.8,77.7,4.22,1.05,2.55,Normal
4540.4,78.6,3.88,2.25,3.48,Performance Degradation
5210.7,77.6,4.34,1.1,2.75,Normal
4916.3,92.1,2.35,2.51,2.91,Low Oil Pressure
5210.8,77.7,4.47,1.07,2.65,Normal
5194.1,75.8,4.27,1.19,2.66,Normal
4528.0,82.9,3.78,2.21,3.52,Performance Degradation
5401.2,110.0,3.36,1.93,3.43,Overheating
5151.7,77.3,4.36,1.05,2.56,Normal
4664.2,89.1,3.33,6.62,3.04,Bearing Degradation
4822.7,84.3,4.01,2.52,3.61,Performance Degradation
5350.9,107.3,3.56,1.92,3.45,Overheating
4690.9,88.5,2.99,4.22,3.37,Bearing Degradation
4682.3,85.5,3.42,5.61,3.08,Bearing Degradation
4696.4,88.8,3.28,4.42,3.21,Bearing Degradation
4724.7,91.2,2.39,2.48,2.85,Low Oil Pressure
5313.8,100.2,3.71,1.67,3.26,Overheating
5222.2,77.4,4.33,1.33,2.69,Normal
4492.2,90.9,3.02,4.68,3.24,Bearing Degradation
4761.7,85.4,3.75,2.06,3.91,Performance Degradation
5189.4,79.6,4.31,1.11,2.71,Normal
4849.8,97.2,2.21,2.45,3.0,Low Oil Pressure
5233.9,80.2,4.24,1.09,2.76,Normal
4714.1,95.2,2.1,2.49,2.93,Low Oil Pressure
4756.5,85.9,3.34,4.13,3.35,Bearing Degradation
4826.3,92.1,2.24,2.42,2.81,Low Oil Pressure
4769.2,89.0,3.65,4.02,3.0,Bearing Degradation
5187.4,103.0,3.66,1.94,3.26,Overheating
5126.7,98.3,3.85,1.56,3.2,Overheating
4701.6,84.2,3.39,4.76,3.11,Bearing Degradation
4528.6,85.7,3.67,2.18,3.68,Performance Degradation
4851.9,94.0,2.37,2.3,2.92,Low Oil Pressure
4835.3,96.1,2.28,2.31,2.9,Low Oil Pressure
5171.0,76.9,4.23,1.47,2.6,Normal
5237.6,76.6,4.2,1.23,2.67,Normal
4855.8,93.0,3.53,5.07,3.14,Bearing Degradation
4674.4,83.4,3.56,1.95,3.46,Performance Degradation
5176.8,100.5,3.65,1.76,3.36,Overheating
5157.3,77.9,4.25,0.97,2.65,Normal
4770.1,88.9,3.38,5.21,2.99,Bearing Degradation
5344.8,104.0,3.72,1.91,3.64,Overheating
4762.8,89.2,3.65,5.63,3.22,Bearing Degradation
4594.9,83.9,4.07,2.25,3.66,Performance Degradation
5179.0,109.9,3.42,1.96,3.38,Overheating
5285.5,102.7,3.59,1.75,3.33,Overheating
5317.0,104.5,3.77,1.79,3.33,Overheating
4942.0,95.9,1.96,2.71,3.26,Low Oil Pressure
4651.1,84.3,4.15,1.94,3.57,Performance Degradation
5003.2,92.2,2.4,2.7,2.72,Low Oil Pressure
4661.1,86.4,3.71,2.58,3.89,Performance Degradation
4646.4,86.9,3.96,2.13,3.93,Performance Degradation
4940.7,94.4,2.29,2.29,3.05,Low Oil Pressure
4733.6,86.6,4.06,2.16,3.48,Performance Degradation
4826.6,88.9,2.65,1.88,2.89,Low Oil Pressure
5158.5,79.2,4.39,1.21,2.64,Normal
4569.4,82.3,3.82,2.27,3.87,Performance Degradation
4785.6,87.3,4.0,1.85,4.0,Performance Degradation
4782.0,94.5,2.37,2.36,3.22,Low Oil Pressure
4605.6,89.9,3.33,5.17,2.92,Bearing Degradation
4550.7,82.5,3.8,2.16,3.77,Performance Degradation
4511.7,85.8,3.11,6.04,2.95,Bearing Degradation
5192.2,79.4,4.38,1.3,2.68,Normal
4913.3,90.0,2.29,2.42,2.91,Low Oil Pressure
5163.9,78.2,4.4,1.2,2.76,Normal
5167.2,105.6,3.37,1.71,3.37,Overheating
5340.3,99.5,3.56,1.57,3.21,Overheating
5228.2,77.6,4.33,1.32,2.45,Normal
5309.6,105.6,3.61,1.99,3.44,Overheating
5208.1,77.6,4.36,1.3,2.58,Normal
5282.2,76.5,4.24,1.25,2.71,Normal
4716.4,88.7,2.47,2.58,2.87,Low Oil Pressure
4678.2,81.1,3.79,2.25,3.45,Performance Degradation
5221.6,78.9,4.3,1.03,2.76,Normal
5208.3,103.0,3.49,1.71,3.17,Overheating
4623.9,87.1,3.84,2.02,3.45,Performance Degradation
5191.8,76.4,4.28,1.18,2.52,Normal
4648.8,90.4,3.22,4.51,3.1,Bearing Degradation
5343.7,79.5,4.04,1.07,2.73,Normal
4749.1,89.4,3.65,5.35,3.06,Bearing Degradation
4607.4,86.9,3.81,2.38,3.43,Performance Degradation
5322.8,114.1,3.36,1.87,3.38,Overheating
5266.8,112.1,3.37,2.08,3.58,Overheating
4561.9,90.0,3.12,4.39,3.37,Bearing Degradation
4641.5,92.3,3.24,5.88,2.7,Bearing Degradation
4612.2,88.8,3.34,4.27,3.18,Bearing Degradation
4763.7,88.8,2.95,5.99,3.0,Bearing Degradation
4562.0,92.5,3.08,5.72,3.09,Bearing Degradation
4584.2,84.2,4.0,2.2,3.66,Performance Degradation
4609.2,88.5,3.43,4.96,3.12,Bearing Degradation
4706.9,91.5,3.22,4.69,2.89,Bearing Degradation
4511.7,84.7,3.89,1.97,3.37,Performance Degradation
5192.4,79.9,4.36,1.12,2.69,Normal
4579.2,83.0,3.85,2.17,3.81,Performance Degradation
4601.8,93.8,3.57,5.33,2.98,Bearing Degradation
4743.4,90.2,3.0,5.22,3.17,Bearing Degradation
4823.5,94.3,1.99,2.53,2.92,Low Oil Pressure
5260.7,100.0,3.72,1.73,3.3,Overheating
4852.4,89.4,2.65,2.28,3.1,Low Oil Pressure
4662.6,82.1,3.85,2.17,3.53,Performance Degradation
5274.5,100.5,3.73,1.78,3.19,Overheating
5213.6,74.2,4.27,1.2,2.75,Normal
5247.4,104.6,3.6,1.96,3.17,Overheating
4696.6,90.2,3.42,4.83,3.09,Bearing Degradation
5233.4,100.5,3.76,1.89,3.28,Overheating
5264.6,107.6,3.48,1.77,3.46,Overheating
5196.8,74.9,4.41,1.15,2.71,Normal
5164.0,78.0,4.4,1.1,2.67,Normal
4823.0,87.2,2.65,2.0,2.99,Low Oil Pressure
4807.7,92.5,2.06,2.61,2.93,Low Oil Pressure
4817.6,89.5,3.54,5.09,3.17,Bearing Degradation
4744.8,87.8,3.15,5.17,3.07,Bearing Degradation
4663.8,90.3,3.61,4.91,3.44,Bearing Degradation
4616.7,90.4,3.35,4.34,3.1,Bearing Degradation
4778.9,86.4,4.07,2.15,3.66,Performance Degradation
5205.6,98.5,3.82,1.77,3.16,Overheating
4865.8,94.8,2.23,2.46,2.65,Low Oil Pressure
5187.8,75.4,4.38,1.17,2.67,Normal
4597.7,89.6,3.26,5.27,3.09,Bearing Degradation
4881.4,90.1,2.53,2.31,2.77,Low Oil Pressure
5262.5,107.6,3.47,1.66,3.3,Overheating
4708.4,81.5,4.03,2.2,3.46,Performance Degradation
5271.5,108.7,3.49,1.64,3.51,Overheating
4711.7,86.3,3.91,1.98,3.49,Performance Degradation
5174.1,76.8,4.25,1.36,2.53,Normal
5167.6,80.2,4.26,1.15,2.76,Normal
4642.7,85.2,3.99,2.09,3.84,Performance Degradation
5172.5,78.8,4.21,1.14,2.54,Normal
4759.9,94.0,2.38,2.47,2.84,Low Oil Pressure
4670.6,90.0,3.11,4.86,3.29,Bearing Degradation
4607.4,88.1,3.28,4.41,3.21,Bearing Degradation
4669.3,90.4,3.17,6.14,3.13,Bearing Degradation
4625.0,83.0,3.57,5.47,3.03,Bearing Degradation
5248.5,107.6,3.41,1.77,3.41,Overheating
4736.6,95.2,2.13,2.54,2.66,Low Oil Pressure
4722.4,89.9,3.03,4.05,3.25,Bearing Degradation
4813.2,99.4,2.16,2.49,2.83,Low Oil Pressure
4684.1,89.0,3.37,5.54,3.21,Bearing Degradation
4550.5,83.0,4.03,2.28,3.64,Performance Degradation
4636.3,86.7,2.94,3.95,3.06,Bearing Degradation
5406.7,103.3,3.58,1.76,3.42,Overheating
4729.6,94.9,2.15,2.61,2.7,Low Oil Pressure
4767.8,91.7,2.33,2.51,2.92,Low Oil Pressure
4912.2,94.5,2.51,2.28,2.96,Low Oil Pressure
4698.8,87.8,3.76,2.27,3.33,Performance Degradation
4710.9,86.5,4.12,2.17,3.59,Performance Degradation
4794.0,86.0,3.82,1.93,3.88,Performance Degradation
5167.9,78.9,4.37,1.11,2.67,Normal
5256.5,114.3,3.47,2.18,3.49,Overheating
5234.6,106.2,3.57,2.03,3.49,Overheating
5274.7,103.4,3.56,1.8,3.39,Overheating
4516.2,87.2,3.62,2.19,4.2,Performance Degradation
5278.4,106.5,3.51,1.89,3.36,Overheating
5165.0,74.1,4.2,1.29,2.77,Normal
4647.4,83.5,3.85,1.74,3.7,Performance Degradation
4668.5,87.4,3.28,3.7,3.08,Bearing Degradation
4660.6,85.6,3.66,2.13,3.86,Performance Degradation
5223.5,78.1,4.3,1.11,2.76,Normal
5194.2,76.8,4.34,1.19,2.61,Normal
4851.5,88.6,2.63,2.22,3.01,Low Oil Pressure
4829.6,82.8,4.02,2.31,3.89,Performance Degradation
5214.7,107.8,3.52,1.91,3.42,Overheating
4799.8,85.7,3.88,1.83,3.23,Performance Degradation
4716.2,87.3,3.26,5.32,2.83,Bearing Degradation
4543.7,88.1,3.4,5.25,3.05,Bearing Degradation
4658.2,84.9,3.77,2.02,4.04,Performance Degradation
4621.0,86.0,3.17,4.02,3.1,Bearing Degradation
4791.1,92.8,2.23,2.39,2.95,Low Oil Pressure
4614.8,88.6,3.35,5.05,3.2,Bearing Degradation
5149.4,81.1,4.29,1.19,2.78,Normal
5149.4,78.0,4.25,1.46,2.69,Normal
4783.9,94.1,2.38,2.34,2.78,Low Oil Pressure
4679.8,89.2,3.32,4.4,3.27,Bearing Degradation
5213.8,78.9,4.23,1.2,2.77,Normal
5236.6,107.3,3.7,1.97,3.44,Overheating
4666.0,86.1,4.01,2.24,3.5,Performance Degradation
5326.5,97.8,3.69,1.49,3.17,Overheating
4582.1,88.1,3.3,5.46,3.2,Bearing Degradation
4870.3,94.0,2.51,2.45,3.07,Low Oil Pressure
5212.1,78.4,4.1,1.09,2.73,Normal
4806.0,93.8,2.2,2.66,2.92,Low Oil Pressure
5218.6,76.8,4.19,1.19,2.75,Normal
5150.8,79.8,4.18,1.31,2.62,Normal
5279.8,101.3,3.66,1.76,3.35,Overheating
4973.7,90.0,2.16,2.68,2.84,Low Oil Pressure
4586.0,83.7,3.98,1.77,3.59,Performance Degradation
5170.6,75.3,4.52,1.28,2.67,Normal
4541.5,83.9,3.89,2.26,3.63,Performance Degradation
5171.8,83.0,4.5,1.19,2.74,Normal
5210.6,103.9,3.62,1.8,3.34,Overheating
4706.0,89.1,3.19,5.54,3.15,Bearing Degradation
5148.6,79.0,4.36,1.16,2.71,Normal
5136.0,79.7,4.14,1.5,2.76,Normal
4798.1,91.6,2.22,2.66,3.08,Low Oil Pressure
4643.2,82.5,4.06,2.34,3.8,Performance Degradation
5164.3,81.0,4.33,1.08,2.76,Normal
4610.6,82.9,3.99,2.02,3.42,Performance Degradation
4770.2,83.9,4.21,2.31,3.53,Performance Degradation
4792.1,91.2,2.65,2.16,2.8,Low Oil Pressure
5188.3,81.4,4.47,1.37,2.72,Normal
4778.9,89.6,2.37,2.55,3.04,Low Oil Pressure
4825.3,93.1,2.3,2.4,2.65,Low Oil Pressure
4633.1,84.8,3.93,1.98,3.36,Performance Degradation
4554.9,88.4,3.29,4.76,3.24,Bearing Degradation
4633.1,87.3,3.18,5.66,3.04,Bearing Degradation
4658.4,89.7,3.15,3.83,2.89,Bearing Degradation
5269.6,75.8,4.23,1.43,2.67,Normal
5306.4,104.5,3.6,1.87,3.33,Overheating
5168.9,72.0,4.17,1.31,2.71,Normal
4777.8,92.0,3.44,4.13,3.0,Bearing Degradation
5218.0,79.4,4.38,0.99,2.81,Normal
5206.0,76.3,4.24,1.11,2.79,Normal
5339.9,101.2,3.84,1.65,3.27,Overheating
4616.5,83.8,3.96,1.93,3.83,Performance Degradation
4835.1,91.9,2.53,2.23,2.82,Low Oil Pressure
4657.5,92.1,3.38,5.14,3.17,Bearing Degradation
5174.2,104.2,3.56,1.64,3.39,Overheating
5341.2,113.5,3.5,1.87,3.46,Overheating
5270.9,110.4,3.66,1.95,3.58,Overheating
4599.0,90.8,3.45,5.01,3.03,Bearing Degradation
4704.0,85.2,3.63,2.12,3.53,Performance Degradation
5217.7,75.3,4.17,1.29,2.61,Normal
4650.5,91.4,2.97,5.2,3.0,Bearing Degradation
4691.8,86.6,3.25,5.88,3.17,Bearing Degradation
4819.6,91.6,2.49,2.2,2.88,Low Oil Pressure
4599.7,91.6,3.4,4.76,3.23,Bearing Degradation
5212.6,101.2,3.81,1.58,3.56,Overheating
4635.7,87.1,3.14,5.32,3.24,Bearing Degradation
5357.7,97.4,3.74,1.72,3.06,Overheating
4576.5,89.8,3.19,5.36,2.92,Bearing Degradation
5230.6,80.0,4.3,1.12,2.76,Normal
5234.9,107.9,3.48,1.97,3.64,Overheating
4656.6,89.7,3.13,4.46,3.35,Bearing Degradation
4889.9,93.9,2.43,2.74,2.65,Low Oil Pressure
4731.9,96.4,2.32,2.11,2.97,Low Oil Pressure
4921.9,92.6,2.2,2.9,2.95,Low Oil Pressure
4591.0,83.6,4.05,2.24,3.45,Performance Degradation
5350.0,78.0,4.19,1.12,2.73,Normal
5302.3,106.8,3.49,1.9,3.39,Overheating
4618.6,84.4,3.73,1.96,3.59,Performance Degradation
5379.1,101.6,3.75,1.65,3.22,Overheating
4797.6,94.2,2.0,2.8,2.97,Low Oil Pressure
5006.3,96.5,1.95,2.81,2.8,Low Oil Pressure
5216.5,75.6,4.31,1.24,2.66,Normal
4538.2,93.1,3.56,5.02,3.14,Bearing Degradation
5185.5,78.1,4.35,1.15,2.59,Normal
4687.4,92.3,3.24,4.99,3.21,Bearing Degradation
4849.8,86.8,2.65,2.14,2.79,Low Oil Pressure
4827.0,92.7,2.52,2.36,2.71,Low Oil Pressure
4692.1,87.5,3.74,2.09,3.62,Performance Degradation
5202.0,76.3,4.26,1.19,2.66,Normal
4822.0,90.2,2.31,2.52,3.09,Low Oil Pressure
4951.7,92.0,2.11,2.54,2.81,Low Oil Pressure
5100.5,102.1,3.61,1.84,3.24,Overheating
4612.2,89.6,3.03,3.7,3.19,Bearing Degradation
5312.0,113.4,3.34,2.07,3.56,Overheating
5277.1,108.9,3.51,1.91,3.38,Overheating
4870.2,95.2,2.38,2.74,2.97,Low Oil Pressure
5289.4,107.8,3.47,1.71,3.55,Overheating
5178.2,72.3,4.5,1.1,2.64,Normal
4665.5,81.5,3.79,2.32,3.49,Performance Degradation
5252.3,104.9,3.55,1.95,3.48,Overheating
4519.5,87.4,3.18,5.67,2.97,Bearing Degradation
5249.5,75.6,4.42,1.24,2.76,Normal
5214.0,80.1,4.1,1.5,2.58,Normal
4501.6,87.2,3.32,5.41,2.98,Bearing Degradation
4682.1,85.2,3.21,4.94,3.13,Bearing Degradation
5319.0,78.1,4.47,1.18,2.7,Normal
4968.9,92.4,2.29,2.55,2.83,Low Oil Pressure
4719.7,85.5,3.38,4.95,2.97,Bearing Degradation
5254.1,76.2,4.38,1.2,2.51,Normal
5154.3,81.8,4.46,1.2,2.58,Normal
4665.3,84.4,2.83,4.68,2.93,Bearing Degradation
5251.9,104.1,3.55,1.65,3.31,Overheating
4823.0,88.5,2.65,2.32,2.78,Low Oil Pressure
4820.3,92.0,3.2,5.03,2.87,Bearing Degradation
5323.2,102.6,3.63,1.68,3.4,Overheating
5216.4,78.5,4.35,1.15,2.77,Normal
5327.9,100.4,3.75,1.73,3.27,Overheating
5291.5,105.8,3.51,1.63,3.47,Overheating
4680.4,89.9,2.98,4.38,3.19,Bearing Degradation
4868.4,94.3,2.19,2.63,2.81,Low Oil Pressure
5263.4,79.7,4.28,1.42,2.81,Normal
4767.5,90.1,2.58,2.31,2.86,Low Oil Pressure
5261.2,113.9,3.26,1.84,3.41,Overheating
4598.9,91.8,3.27,5.13,2.99,Bearing Degradation
5216.1,79.2,4.23,1.24,2.79,Normal
5221.9,78.5,4.32,1.23,2.57,Normal
4715.5,83.0,4.0,2.06,3.78,Performance Degradation
5191.9,79.4,4.25,1.38,2.66,Normal
5158.7,76.2,4.18,1.11,2.65,Normal
5378.5,105.4,3.68,1.86,3.53,Overheating
4664.9,82.2,3.65,2.49,3.79,Performance Degradation
4853.7,88.7,3.61,3.93,3.08,Bearing Degradation
4531.9,94.6,3.25,6.2,3.25,Bearing Degradation
4693.8,83.8,3.64,2.49,3.55,Performance Degradation
5316.5,77.1,4.39,1.07,2.72,Normal
4767.1,86.7,3.27,3.96,3.05,Bearing Degradation
4774.0,83.9,3.82,2.15,3.72,Performance Degradation
5308.6,105.7,3.49,1.67,3.4,Overheating
5229.1,106.7,3.6,1.8,3.53,Overheating
4843.3,90.6,2.34,2.34,3.03,Low Oil Pressure
4844.5,94.0,2.35,2.24,2.83,Low Oil Pressure
4796.3,90.1,3.36,4.4,3.01,Bearing Degradation
5336.5,104.0,3.69,1.64,3.41,Overheating
5317.5,104.9,3.57,1.9,3.34,Overheating
5136.7,77.6,4.31,1.18,2.68,Normal
4545.6,90.8,3.53,4.88,3.25,Bearing Degradation
5217.6,102.5,3.82,1.88,3.14,Overheating
4687.9,89.9,3.02,5.24,2.91,Bearing Degradation
4635.7,88.9,4.09,2.11,3.92,Performance Degradation
4712.7,82.0,3.68,1.87,3.75,Performance Degradation
4863.3,93.1,2.23,2.64,2.8,Low Oil Pressure
4696.5,83.8,3.32,4.44,2.97,Bearing Degradation
4928.5,89.7,2.54,2.63,2.9,Low Oil Pressure
4925.0,92.4,2.27,2.59,2.98,Low Oil Pressure
5231.6,77.5,4.23,1.36,2.76,Normal
4890.6,93.8,2.21,2.52,2.89,Low Oil Pressure
5299.9,99.6,3.72,1.59,3.33,Overheating
5355.7,95.5,3.8,1.49,3.0,Overheating
4670.3,84.0,3.29,5.29,2.95,Bearing Degradation
4625.0,86.3,4.18,2.34,3.68,Performance Degradation
4720.4,83.9,3.86,1.91,3.44,Performance Degradation
4659.9,87.5,3.34,4.64,2.93,Bearing Degradation
5235.7,77.4,4.3,1.07,2.67,Normal
5196.5,77.4,4.25,1.15,2.72,Normal
4707.7,91.5,2.41,2.48,2.97,Low Oil Pressure
5298.6,98.8,3.66,1.69,3.21,Overheating
4680.3,84.4,3.42,5.79,3.09,Bearing Degradation
4624.3,88.2,3.25,4.96,2.92,Bearing Degradation
4880.5,89.9,2.53,2.13,2.73,Low Oil Pressure
4866.4,85.1,2.65,2.02,3.01,Low Oil Pressure
4450.0,88.7,3.34,5.47,3.18,Bearing Degradation
5220.9,97.9,3.72,1.95,3.2,Overheating
5242.9,80.1,4.19,1.28,2.66,Normal
4603.4,81.6,4.03,2.38,4.02,Performance Degradation
4651.2,85.5,3.01,5.99,3.05,Bearing Degradation
4630.9,82.3,3.78,1.97,3.58,Performance Degradation
4746.1,85.3,3.99,1.84,3.64,Performance Degradation
4662.9,86.4,3.28,4.36,2.99,Bearing Degradation
4871.7,93.7,2.05,2.73,2.94,Low Oil Pressure
4588.3,86.4,3.84,1.86,3.66,Performance Degradation
5198.4,77.5,4.11,1.25,2.76,Normal
4781.9,92.9,2.18,2.57,2.89,Low Oil Pressure
5229.1,102.2,3.66,1.64,3.32,Overheating
4577.2,84.4,3.87,2.41,3.33,Performance Degradation
4896.7,91.4,2.52,2.3,2.56,Low Oil Pressure
5326.4,99.8,3.75,1.77,3.28,Overheating
5261.0,76.8,4.24,1.17,2.71,Normal
5357.9,106.3,3.56,1.77,3.24,Overheating
4549.3,92.5,3.32,4.7,3.0,Bearing Degradation
4653.7,85.9,3.88,2.15,3.56,Performance Degradation
5199.1,80.4,4.34,0.95,2.88,Normal
4552.6,85.3,3.79,1.73,3.64,Performance Degradation
4512.5,83.5,3.18,4.83,3.31,Bearing Degradation
4652.5,85.5,3.94,1.89,4.07,Performance Degradation
5366.4,103.6,3.65,1.89,3.38,Overheating
4874.0,93.0,2.15,2.46,2.9,Low Oil Pressure
5328.8,102.9,3.66,1.68,3.29,Overheating
4788.0,83.6,3.17,5.13,3.12,Bearing Degradation
4676.3,83.0,3.76,2.18,3.48,Performance Degradation
4630.2,88.5,3.34,5.17,3.15,Bearing Degradation
5131.8,76.4,4.43,1.22,2.65,Normal
5288.7,108.7,3.48,1.88,3.55,Overheating
4708.0,86.9,3.79,2.35,3.52,Performance Degradation
5303.0,105.8,3.51,1.98,3.33,Overheating
5333.8,109.2,3.43,1.81,3.51,Overheating
5229.6,79.1,4.31,1.14,2.7,Normal
4744.0,81.6,3.82,2.24,3.52,Performance Degradation
4570.2,81.1,4.09,2.1,3.28,Performance Degradation
4789.5,88.5,3.15,4.16,3.29,Bearing Degradation
4854.6,92.1,2.18,2.75,2.8,Low Oil Pressure
5269.8,110.8,3.49,1.97,3.55,Overheating
4787.9,89.1,3.05,5.16,3.09,Bearing Degradation
4548.6,80.2,3.9,2.14,3.73,Performance Degradation
4657.6,88.2,3.23,5.84,3.08,Bearing Degradation
4617.9,86.9,3.02,5.75,2.85,Bearing Degradation
4635.1,81.6,4.18,2.27,3.94,Performance Degradation
5177.8,81.6,4.31,1.35,2.82,Normal
5313.4,106.0,3.53,1.87,3.36,Overheating
4870.7,93.0,2.14,2.72,2.64,Low Oil Pressure
4550.7,80.9,3.64,2.17,3.71,Performance Degradation
4788.3,92.0,2.65,2.24,2.92,Low Oil Pressure
4509.6,85.5,3.41,5.16,2.88,Bearing Degradation
4762.1,83.8,3.28,4.56,3.15,Bearing Degradation
4791.3,89.5,2.31,2.41,2.83,Low Oil Pressure
4891.7,92.3,2.44,2.6,2.85,Low Oil Pressure
4916.2,93.6,2.32,2.48,3.02,Low Oil Pressure
5270.4,78.4,4.29,1.25,2.64,Normal
4723.1,82.7,3.12,4.86,3.28,Bearing Degradation
4706.4,90.0,3.35,5.14,3.09,Bearing Degradation
4951.8,93.0,2.36,2.33,2.97,Low Oil Pressure
4622.7,83.9,3.79,1.86,3.71,Performance Degradation
5069.7,79.7,4.35,1.18,2.78,Normal
4626.3,85.3,3.97,2.09,3.69,Performance Degradation
4848.8,93.0,2.39,2.41,2.88,Low Oil Pressure
4530.3,89.0,3.07,4.78,3.23,Bearing Degradation
4739.2,91.1,3.36,4.33,3.28,Bearing Degradation
5251.4,72.9,4.25,1.27,2.68,Normal
5300.1,111.1,3.37,2.03,3.48,Overheating
4649.3,82.2,3.82,2.04,3.84,Performance Degradation
5300.1,102.9,3.6,1.64,3.32,Overheating
5341.8,96.1,3.79,1.53,3.25,Overheating
5209.3,115.3,3.24,1.85,3.7,Overheating
4717.6,85.0,3.95,1.85,3.39,Performance Degradation
5331.1,109.1,3.43,1.87,3.52,Overheating
5296.5,79.4,4.18,0.99,2.67,Normal
4541.1,80.9,3.6,2.09,3.81,Performance Degradation
4766.4,92.3,2.24,2.95,2.86,Low Oil Pressure
5298.0,107.5,3.51,1.85,3.37,Overheating
5314.3,106.0,3.58,1.79,3.42,Overheating
5227.1,100.7,3.65,1.56,3.3,Overheating
4678.2,86.7,3.28,4.88,3.26,Bearing Degradation
5271.6,102.3,3.7,1.83,3.27,Overheating
4742.3,87.8,3.34,5.23,3.13,Bearing Degradation
5248.1,105.0,3.65,1.67,3.21,Overheating
4659.9,84.2,3.96,2.22,3.43,Performance Degradation
5265.4,78.4,4.33,1.05,2.82,Normal
5220.4,77.9,4.44,1.2,2.71,Normal
4655.9,81.7,3.89,2.38,3.43,Performance Degradation
5418.0,108.8,3.55,1.95,3.35,Overheating
5266.2,74.6,4.34,1.26,2.64,Normal
5223.1,80.0,4.26,1.18,2.67,Normal
5304.0,99.7,3.77,1.8,3.28,Overheating
5233.2,103.6,3.66,1.51,3.38,Overheating
5187.1,108.4,3.54,1.94,3.42,Overheating
5214.8,77.7,4.31,1.01,2.68,Normal
5183.5,103.7,3.73,1.82,3.15,Overheating
4482.4,85.3,4.05,2.28,3.47,Performance Degradation
5202.1,77.5,4.33,1.26,2.69,Normal
4518.3,85.4,4.11,2.11,3.62,Performance Degradation
4712.6,87.1,3.57,4.89,2.88,Bearing Degradation
4777.1,94.8,2.21,2.4,2.78,Low Oil Pressure
4846.7,88.9,2.42,2.65,2.83,Low Oil Pressure
5318.1,102.6,3.7,1.86,3.53,Overheating
5390.5,109.9,3.46,2.04,3.49,Overheating
5337.1,96.4,3.85,1.47,3.0,Overheating
5205.4,78.9,4.26,1.06,2.79,Normal
4843.4,88.2,3.82,1.87,3.41,Performance Degradation
5248.3,77.8,4.18,1.2,2.72,Normal
5287.0,98.2,3.8,1.72,3.22,Overheating
4769.0,88.4,3.23,4.66,3.07,Bearing Degradation
4589.5,85.2,3.77,1.94,3.68,Performance Degradation
5208.6,78.2,4.22,1.19,2.66,Normal
4804.8,90.9,2.27,2.45,2.79,Low Oil Pressure
4614.9,87.4,3.26,5.14,3.27,Bearing Degradation
4790.4,85.6,2.95,5.15,2.88,Bearing Degradation
5165.2,79.1,4.32,1.21,2.62,Normal
5071.8,77.3,4.4,1.27,2.7,Normal
4563.7,89.7,3.12,5.77,3.05,Bearing Degradation
4845.4,86.7,3.3,4.64,3.05,Bearing Degradation
4834.0,91.2,2.1,2.94,3.07,Low Oil Pressure
4623.0,81.5,4.02,1.71,3.45,Performance Degradation
5163.2,78.1,4.32,1.29,2.71,Normal
4554.1,87.9,3.79,2.29,3.45,Performance Degradation
4634.4,80.2,3.65,2.17,3.58,Performance Degradation
4771.0,79.9,4.05,2.28,3.74,Performance Degradation
4773.9,80.8,3.88,2.2,3.72,Performance Degradation
4638.4,87.2,3.43,5.07,3.29,Bearing Degradation
5242.1,78.2,4.39,1.12,2.73,Normal
4531.4,87.6,2.99,5.15,3.16,Bearing Degradation
4632.9,85.8,4.02,2.1,3.85,Performance Degradation
4866.5,92.1,2.27,2.33,2.86,Low Oil Pressure
5184.6,76.3,4.44,1.06,2.66,Normal
5220.6,77.5,4.41,1.42,2.67,Normal
4632.7,81.6,3.88,2.13,3.55,Performance Degradation
5330.4,106.0,3.55,1.84,3.63,Overheating
4763.1,81.1,4.04,2.25,3.68,Performance Degradation
4833.6,91.2,2.48,2.23,2.88,Low Oil Pressure
4660.4,87.9,3.65,4.39,2.8,Bearing Degradation
5171.3,103.4,3.83,1.81,3.35,Overheating
4889.7,96.4,1.95,3.05,2.95,Low Oil Pressure
4938.6,92.3,2.29,2.53,2.8,Low Oil Pressure
5279.0,103.3,3.68,1.61,3.42,Overheating
4753.1,85.3,3.45,5.49,3.21,Bearing Degradation
4841.3,88.8,2.47,2.47,2.9,Low Oil Pressure
4805.6,84.3,3.94,1.63,3.65,Performance Degradation
4588.5,85.2,3.82,2.2,3.31,Performance Degradation
4676.4,88.5,3.18,6.13,3.03,Bearing Degradation
5198.7,78.9,4.42,1.3,2.65,Normal
4838.4,92.1,2.17,2.55,2.74,Low Oil Pressure
5305.4,107.0,3.74,1.92,3.52,Overheating
4789.5,91.8,2.36,2.34,3.06,Low Oil Pressure
4850.6,86.6,3.07,3.7,3.2,Bearing Degradation
4668.4,84.5,3.44,5.15,3.14,Bearing Degradation
4759.1,92.4,2.41,2.2,2.91,Low Oil Pressure
4684.1,82.5,3.95,2.19,3.61,Performance Degradation
4576.8,90.2,3.35,5.37,3.14,Bearing Degradation
5211.7,82.1,4.29,1.2,2.78,Normal
5316.1,81.8,4.27,1.29,2.69,Normal
5227.9,79.0,4.0,1.18,2.69,Normal
4668.1,85.7,3.45,4.67,3.06,Bearing Degradation
5293.0,108.7,3.43,1.77,3.41,Overheating
4706.3,85.1,3.9,2.33,3.86,Performance Degradation
5194.0,77.1,4.42,1.45,2.75,Normal
4693.9,85.6,3.86,2.43,3.76,Performance Degradation
4793.0,90.8,2.34,2.5,2.92,Low Oil Pressure
4749.8,88.4,3.27,5.71,3.19,Bearing Degradation
4669.8,86.9,3.09,5.1,3.01,Bearing Degradation
5253.5,74.0,4.2,1.4,2.75,Normal
4794.8,91.0,2.33,2.32,2.88,Low Oil Pressure
4834.6,94.2,2.6,2.29,2.8,Low Oil Pressure
4635.1,90.7,3.41,4.75,3.16,Bearing Degradation
4840.4,84.8,4.03,2.25,3.7,Performance Degradation
4839.3,92.5,2.28,2.43,2.79,Low Oil Pressure
5212.4,105.4,3.56,1.85,3.29,Overheating
4789.0,95.9,1.93,2.87,2.95,Low Oil Pressure
4588.9,88.6,3.36,4.49,3.2,Bearing Degradation
4621.0,86.5,4.04,2.25,3.78,Performance Degradation
5139.4,79.0,4.32,1.37,2.75,Normal
4765.8,92.5,3.23,4.49,3.19,Bearing Degradation
4621.0,87.8,3.4,5.16,2.95,Bearing Degradation
5317.6,105.8,3.59,1.74,3.53,Overheating
5248.5,76.8,4.28,1.26,2.73,Normal
5210.5,103.6,3.45,1.63,3.4,Overheating
4848.3,88.9,2.49,2.32,2.95,Low Oil Pressure
5168.2,77.2,4.44,1.04,2.72,Normal
4815.4,93.6,2.48,2.38,2.95,Low Oil Pressure
4664.7,83.6,3.91,2.03,3.88,Performance Degradation
4857.6,92.7,2.16,2.53,3.04,Low Oil Pressure
4490.1,92.7,3.0,5.0,3.11,Bearing Degradation
5158.9,111.8,3.38,1.73,3.57,Overheating
4816.3,88.2,2.38,2.59,2.71,Low Oil Pressure
5225.3,76.8,4.34,1.04,2.68,Normal
4806.5,90.2,3.58,5.53,3.08,Bearing Degradation
4677.9,84.3,4.0,2.12,3.75,Performance Degradation
5133.2,81.3,4.47,1.08,2.69,Normal
4674.8,87.5,3.87,2.3,4.0,Performance Degradation
4610.2,93.6,2.97,5.07,3.24,Bearing Degradation
5294.9,108.6,3.54,1.93,3.33,Overheating
4604.0,87.8,3.59,5.87,3.08,Bearing Degradation
5265.3,78.3,4.19,1.33,2.72,Normal
4532.8,83.3,3.85,2.3,3.2,Performance Degradation
5257.6,101.6,3.58,1.67,3.3,Overheating
5303.6,109.5,3.47,1.83,3.32,Overheating
5383.0,111.6,3.31,1.97,3.48,Overheating
4686.0,84.0,3.69,2.15,3.37,Performance Degradation
4951.4,91.6,2.5,2.28,3.02,Low Oil Pressure
4637.1,86.5,3.04,5.28,3.2,Bearing Degradation
4858.0,93.3,2.43,2.68,2.72,Low Oil Pressure
4565.5,85.2,3.77,2.13,3.84,Performance Degradation
5228.8,75.5,4.6,1.14,2.83,Normal
4611.5,80.6,3.79,2.42,3.93,Performance Degradation
5363.9,108.3,3.45,2.07,3.21,Overheating
5123.8,75.1,4.17,1.34,2.8,Normal
5193.0,74.2,4.38,1.34,2.64,Normal
5223.3,72.9,4.46,1.08,2.86,Normal
4885.2,91.4,2.23,2.43,2.94,Low Oil Pressure
4617.5,90.6,2.95,4.95,3.11,Bearing Degradation
5193.0,102.6,3.66,1.82,3.28,Overheating
4730.9,86.4,3.9,2.25,3.72,Performance Degradation
5267.1,103.3,3.69,1.82,3.47,Overheating
5307.8,107.9,3.5,1.94,3.51,Overheating
4779.7,93.2,2.48,2.21,2.84,Low Oil Pressure
4912.5,88.8,1.98,2.91,2.83,Low Oil Pressure
4853.4,92.6,2.29,2.64,3.02,Low Oil Pressure
4730.5,83.0,3.83,2.1,3.55,Performance Degradation
4820.6,89.5,2.39,2.21,2.82,Low Oil Pressure
4540.2,84.1,3.02,5.13,3.22,Bearing Degradation
4611.3,82.9,3.83,2.06,3.59,Performance Degradation
5284.5,107.7,3.55,1.77,3.36,Overheating
5227.7,77.7,4.35,1.26,2.69,Normal
5329.8,108.7,3.58,2.12,3.35,Overheating
4900.8,89.4,2.57,2.34,2.83,Low Oil Pressure
5156.5,79.5,4.33,1.17,2.69,Normal
4752.1,85.3,3.38,5.03,3.2,Bearing Degradation
5110.6,77.1,4.27,1.36,2.81,Normal
4659.9,89.9,3.1,4.18,3.1,Bearing Degradation
4920.4,93.8,1.9,2.72,2.87,Low Oil Pressure
4699.4,88.4,4.05,1.9,3.62,Performance Degradation
4652.3,88.1,4.04,2.14,3.2,Performance Degradation
5315.0,102.6,3.64,1.71,3.38,Overheating
5273.1,107.2,3.48,1.82,3.38,Overheating
4749.6,92.6,2.36,2.55,2.9,Low Oil Pressure
4648.4,80.5,4.02,2.1,3.49,Performance Degradation
5290.2,102.2,3.73,1.63,3.48,Overheating
4808.0,94.6,2.18,2.1,2.79,Low Oil Pressure
5221.3,104.3,3.65,1.74,3.12,Overheating
5230.1,78.5,4.22,1.09,2.63,Normal
4648.6,85.1,2.99,4.85,3.11,Bearing Degradation
4616.1,87.6,3.3,5.15,3.33,Bearing Degradation
4640.0,82.7,4.05,2.21,3.72,Performance Degradation
4839.2,86.0,2.65,1.88,2.84,Low Oil Pressure
5398.3,109.1,3.61,1.82,3.42,Overheating
5222.0,80.9,4.28,1.07,2.74,Normal
5211.1,102.5,3.67,1.62,3.15,Overheating
5216.3,80.8,4.18,1.3,2.7,Normal
5226.8,77.8,4.22,1.33,2.72,Normal
5215.5,77.3,4.29,1.04,2.6,Normal
5211.7,76.4,4.27,1.24,2.67,Normal
4649.4,89.9,3.41,4.81,3.0,Bearing Degradation
5313.7,73.5,4.4,1.22,2.53,Normal
5194.9,106.1,3.48,1.96,3.33,Overheating
4764.5,92.2,2.2,2.48,2.93,Low Oil Pressure
5307.0,102.0,3.58,1.81,3.41,Overheating
4594.8,88.3,3.25,5.52,3.2,Bearing Degradation
5217.8,78.3,4.32,1.16,2.55,Normal
4925.6,91.4,2.33,2.34,3.13,Low Oil Pressure
4782.6,84.6,3.2,5.74,2.94,Bearing Degradation
5234.4,102.6,3.71,1.9,3.36,Overheating
4834.4,89.5,2.28,2.41,3.12,Low Oil Pressure
5167.1,76.6,4.14,1.23,2.7,Normal
5202.5,78.4,4.32,1.28,2.66,Normal
5207.7,77.2,4.38,1.35,2.69,Normal
5188.9,77.5,4.42,1.24,2.79,Normal
4605.3,83.1,3.94,2.06,3.78,Performance Degradation
4695.5,86.2,3.82,2.09,3.6,Performance Degradation
5282.7,73.4,4.29,1.22,2.73,Normal
5222.7,106.1,3.49,1.61,3.35,Overheating
5251.5,81.5,4.38,0.98,2.73,Normal
4683.9,86.1,3.67,2.19,3.75,Performance Degradation
4548.9,86.9,3.48,5.81,3.16,Bearing Degradation
4643.1,85.2,3.97,2.03,3.72,Performance Degradation
4865.5,93.9,2.15,2.32,2.9,Low Oil Pressure
5315.1,77.6,4.4,1.11,2.7,Normal
4675.2,84.7,3.95,2.24,4.07,Performance Degradation
4635.9,85.8,3.04,4.11,3.38,Bearing Degradation
5191.6,77.7,4.33,1.29,2.71,Normal
4789.7,87.5,3.19,4.85,3.2,Bearing Degradation
5154.8,116.6,3.23,2.07,3.51,Overheating
4802.8,88.8,2.65,2.33,3.1,Low Oil Pressure
5200.2,76.9,4.21,1.16,2.75,Normal
5203.4,75.0,4.38,1.15,2.71,Normal
5225.7,107.7,3.48,1.76,3.49,Overheating
4578.5,83.7,3.95,1.89,3.74,Performance Degradation
5243.4,81.2,4.26,1.39,2.56,Normal
4705.8,92.8,3.35,5.26,3.07,Bearing Degradation
5275.0,98.2,3.55,1.63,3.08,Overheating
4748.4,85.3,3.85,2.13,3.7,Performance Degradation
4799.1,89.8,2.44,2.35,3.09,Low Oil Pressure
4643.7,84.8,3.65,5.11,3.17,Bearing Degradation
4752.9,95.0,2.28,2.23,2.77,Low Oil Pressure
5206.7,80.8,4.22,1.23,2.74,Normal
4661.4,84.2,3.77,2.27,3.7,Performance Degradation
5251.3,82.4,4.23,1.1,2.71,Normal
5168.8,110.5,3.46,1.79,3.61,Overheating
5247.4,77.7,4.26,1.24,2.67,Normal
4861.8,92.1,2.56,2.2,2.8,Low Oil Pressure
5142.4,78.3,4.44,1.15,2.72,Normal
5233.8,109.2,3.55,1.92,3.33,Overheating
4510.0,86.8,3.79,2.21,3.48,Performance Degradation
4753.3,81.7,3.84,2.08,3.93,Performance Degradation
4735.3,82.8,3.71,2.1,3.62,Performance Degradation
4524.3,85.6,3.62,1.66,3.88,Performance Degradation
4678.7,86.8,4.01,2.45,3.52,Performance Degradation
4670.6,83.8,3.94,1.89,3.88,Performance Degradation
5172.4,76.1,4.32,1.23,2.87,Normal
5265.7,106.5,3.66,1.95,3.44,Overheating
4672.7,86.8,3.19,4.59,3.38,Bearing Degradation
5241.8,102.2,3.74,1.61,3.2,Overheating
4770.6,87.9,2.57,2.4,2.97,Low Oil Pressure
4783.9,89.9,3.23,4.95,3.16,Bearing Degradation
4626.4,83.5,3.78,2.55,3.6,Performance Degradation
4910.6,89.9,2.65,2.4,2.9,Low Oil Pressure
4679.2,91.4,3.12,5.18,3.27,Bearing Degradation
4650.6,82.0,3.21,5.2,3.14,Bearing Degradation
4626.0,83.2,3.79,2.36,3.49,Performance Degradation
5283.8,99.0,3.85,1.85,3.13,Overheating
5210.5,77.4,4.31,1.06,2.7,Normal
4576.2,86.0,3.81,2.03,3.5,Performance Degradation
4787.8,85.5,3.86,2.15,3.79,Performance Degradation
5187.9,78.0,4.32,1.02,2.65,Normal
5345.9,107.6,3.58,1.96,3.41,Overheating
4863.8,92.7,2.19,2.48,2.89,Low Oil Pressure
4662.7,79.2,4.06,2.18,4.08,Performance Degradation
4724.8,81.5,3.97,2.18,3.37,Performance Degradation
4834.9,88.8,2.57,2.37,2.87,Low Oil Pressure
5214.4,76.8,4.24,1.32,2.73,Normal
4918.8,88.3,2.36,2.27,2.72,Low Oil Pressure
4631.7,90.4,3.28,4.66,3.33,Bearing Degradation
5295.1,97.7,3.83,1.64,3.23,Overheating
5196.2,105.0,3.61,1.74,3.38,Overheating
5279.2,98.8,3.68,1.75,3.16,Overheating
5292.4,100.0,3.76,1.56,3.09,Overheating
5292.3,104.7,3.61,1.77,3.33,Overheating
5232.3,77.7,4.24,1.04,2.76,Normal
5343.8,101.8,3.69,1.75,3.38,Overheating
4878.7,92.1,2.53,2.59,2.92,Low Oil Pressure
4562.4,85.0,4.04,2.09,3.6,Performance Degradation
5192.7,75.6,4.29,1.09,2.61,Normal
5285.9,101.1,3.55,1.74,3.28,Overheating
5207.6,78.0,4.4,1.38,2.75,Normal
5193.4,75.5,4.32,1.15,2.65,Normal
4581.7,86.8,3.25,4.77,2.93,Bearing Degradation
4693.0,83.0,3.77,1.85,4.12,Performance Degradation
4623.0,87.0,4.01,2.2,3.52,Performance Degradation
4812.2,92.1,2.41,2.29,2.83,Low Oil Pressure
5141.6,81.2,4.25,1.29,2.71,Normal
5185.8,77.1,4.3,1.09,2.66,Normal
4767.7,82.7,3.4,5.36,3.05,Bearing Degradation
4519.8,82.9,4.0,1.88,3.79,Performance Degradation
4787.1,91.8,2.13,2.35,2.86,Low Oil Pressure
4582.8,94.3,3.06,5.47,2.85,Bearing Degradation
5222.9,76.9,4.18,1.17,2.68,Normal
4762.0,83.6,3.98,2.55,3.94,Performance Degradation
4753.6,86.1,3.9,1.97,3.34,Performance Degradation
5161.4,77.3,4.25,1.16,2.72,Normal
4609.3,84.4,3.29,5.3,3.41,Bearing Degradation
4577.8,86.4,4.03,2.08,3.36,Performance Degradation
5226.4,108.5,3.5,1.93,3.55,Overheating
4634.2,83.3,3.1,5.21,3.3,Bearing Degradation
4538.0,81.3,3.84,2.15,3.89,Performance Degradation
4601.0,88.4,3.23,5.01,3.04,Bearing Degradation
5364.0,102.2,3.72,1.69,3.45,Overheating
4702.5,85.0,3.98,2.55,3.46,Performance Degradation
4823.5,92.3,2.24,2.62,2.85,Low Oil Pressure
5217.1,106.9,3.64,1.76,3.39,Overheating
5216.3,79.9,4.36,1.27,2.78,Normal
5088.8,82.9,4.34,1.21,2.7,Normal
5202.2,76.1,4.54,0.99,2.61,Normal
5326.1,99.7,3.59,1.64,3.2,Overheating
4631.9,83.0,3.77,1.65,3.59,Performance Degradation
4675.3,84.7,3.69,2.37,3.4,Performance Degradation
4680.8,85.1,4.03,1.97,3.73,Performance Degradation
4722.9,90.9,2.22,2.34,2.98,Low Oil Pressure
4512.4,84.8,3.82,2.34,3.59,Performance Degradation
4529.4,84.4,3.28,6.6,3.25,Bearing Degradation
4699.3,90.0,3.61,6.11,3.03,Bearing Degradation
4633.8,83.8,3.85,2.29,3.57,Performance Degradation
5210.1,76.7,4.34,1.11,2.6,Normal
4638.8,83.7,3.89,2.08,3.39,Performance Degradation
5160.2,78.9,4.41,1.03,2.75,Normal
4539.2,84.3,3.82,1.93,3.65,Performance Degradation
4571.4,87.8,3.43,5.62,2.92,Bearing Degradation
4668.6,84.7,3.92,2.31,3.54,Performance Degradation
5284.7,102.7,3.55,1.8,3.49,Overheating
5275.0,103.8,3.66,1.85,3.46,Overheating
4586.4,84.4,3.77,2.09,3.56,Performance Degradation
4561.7,87.8,3.83,2.26,3.77,Performance Degradation
4797.0,85.9,4.0,2.1,3.52,Performance Degradation
4821.5,92.2,2.31,2.83,2.95,Low Oil Pressure
4640.3,90.2,3.46,4.28,3.15,Bearing Degradation
4631.3,89.8,3.12,6.67,3.32,Bearing Degradation
5277.4,105.6,3.62,1.75,3.3,Overheating
5376.6,111.7,3.4,1.84,3.7,Overheating
4715.5,79.7,3.88,2.23,3.5,Performance Degradation
4720.2,92.6,2.18,2.64,3.12,Low Oil Pressure
5293.5,107.9,3.47,1.99,3.46,Overheating
4899.8,89.0,2.54,2.4,2.89,Low Oil Pressure
4465.7,84.8,3.32,5.12,2.84,Bearing Degradation
5368.0,105.3,3.67,1.56,3.32,Overheating
5307.8,104.2,3.69,1.65,3.32,Overheating
4550.7,85.9,3.49,4.49,3.14,Bearing Degradation
4538.0,83.5,3.91,2.17,3.72,Performance Degradation
5262.1,104.2,3.72,1.98,3.59,Overheating
4493.9,85.1,3.15,6.39,3.19,Bearing Degradation
5178.2,82.2,4.33,1.17,2.68,Normal
4743.6,90.7,2.5,2.43,2.95,Low Oil Pressure
4822.0,84.7,3.75,2.19,3.36,Performance Degradation
4481.2,90.4,3.31,5.95,3.14,Bearing Degradation
5255.3,95.5,3.85,1.4,3.0,Overheating
5280.9,110.8,3.47,1.81,3.63,Overheating
5170.8,77.7,4.4,1.28,2.68,Normal
5292.7,80.1,4.44,1.06,2.72,Normal
4813.9,94.0,2.62,2.06,3.01,Low Oil Pressure
5269.3,107.2,3.71,1.82,3.55,Overheating
4561.6,84.0,3.73,1.99,3.95,Performance Degradation
4854.7,97.0,2.21,2.44,2.84,Low Oil Pressure
5235.7,104.0,3.74,1.76,3.35,Overheating
4632.3,91.5,3.29,5.65,3.15,Bearing Degradation
5262.3,77.2,4.25,1.43,2.6,Normal
5131.6,75.5,4.32,1.15,2.71,Normal
5166.3,78.5,4.36,1.12,2.72,Normal
4662.2,87.4,3.86,2.16,3.56,Performance Degradation
5294.9,105.6,3.51,1.91,3.44,Overheating
5285.5,111.5,3.42,1.87,3.45,Overheating
5231.5,79.2,4.37,1.22,2.82,Normal
5213.5,76.9,4.3,1.24,2.73,Normal
5315.8,76.7,4.37,1.13,2.76,Normal
5180.7,78.9,4.25,1.21,2.66,Normal
5303.2,102.6,3.62,1.53,3.18,Overheating
4689.2,90.1,3.65,5.0,3.21,Bearing Degradation
4702.8,87.6,3.1,4.45,2.93,Bearing Degradation
4634.6,87.9,3.11,5.24,3.12,Bearing Degradation
5268.9,101.6,3.59,1.95,3.5,Overheating
5321.7,111.5,3.48,2.18,3.45,Overheating
5259.7,106.7,3.59,1.72,3.57,Overheating
5228.1,79.4,4.47,1.37,2.7,Normal
4551.2,88.2,3.43,4.91,3.07,Bearing Degradation
4683.6,86.4,3.27,4.91,2.92,Bearing Degradation
4598.1,90.4,3.43,4.57,2.95,Bearing Degradation
5282.1,113.0,3.33,1.73,3.66,Overheating
4679.8,82.8,4.0,2.01,3.57,Performance Degradation
4542.0,84.9,3.89,2.33,3.56,Performance Degradation
4663.9,85.1,4.13,2.0,3.6,Performance Degradation
4682.5,87.2,3.23,4.29,3.08,Bearing Degradation
4645.6,88.0,3.18,4.96,3.15,Bearing Degradation
5193.1,78.1,4.37,1.36,2.71,Normal
5337.4,104.9,3.65,1.53,3.38,Overheating
5327.0,101.4,3.74,1.95,3.33,Overheating
5273.0,101.4,3.69,2.03,3.4,Overheating
4894.2,90.6,2.42,2.31,2.67,Low Oil Pressure
4724.9,91.2,3.19,6.19,2.99,Bearing Degradation
4880.2,89.6,2.52,2.5,3.02,Low Oil Pressure
5295.1,102.5,3.65,1.52,3.39,Overheating
5251.7,97.3,3.73,1.75,3.17,Overheating
4625.3,82.2,3.92,2.21,3.37,Performance Degradation
5231.9,73.7,4.4,1.44,2.63,Normal
4673.3,90.7,3.05,5.12,2.88,Bearing Degradation
5205.4,74.4,4.31,1.33,2.7,Normal
5272.3,75.4,4.42,1.19,2.69,Normal
4823.1,83.6,3.86,2.32,3.5,Performance Degradation
5266.5,101.8,3.65,1.58,3.28,Overheating
5162.2,77.0,4.45,1.21,2.71,Normal
4582.0,94.2,3.06,6.19,2.93,Bearing Degradation
4619.0,82.7,3.92,2.06,3.66,Performance Degradation
4628.3,89.7,3.0,4.97,3.01,Bearing Degradation
5207.2,81.2,4.37,1.39,2.67,Normal
4652.6,86.2,3.43,5.76,2.93,Bearing Degradation
4598.8,86.6,3.8,2.43,3.22,Performance Degradation
4841.6,92.7,2.4,2.53,3.07,Low Oil Pressure
5286.9,101.2,3.71,1.59,3.15,Overheating
5252.3,78.3,4.15,1.27,2.72,Normal
4715.6,86.0,3.96,2.01,3.8,Performance Degradation
4560.9,87.0,3.09,5.16,3.08,Bearing Degradation
4597.8,88.3,3.44,5.26,3.17,Bearing Degradation
4642.2,86.0,3.75,2.34,3.4,Performance Degradation
5117.2,78.8,4.35,0.99,2.64,Normal
4650.3,86.6,3.82,1.97,3.2,Performance Degradation
5284.3,81.8,4.47,1.5,2.6,Normal
5165.7,79.8,4.42,1.33,2.56,Normal
4904.2,92.4,2.48,2.39,2.94,Low Oil Pressure
4770.5,90.8,3.16,5.1,2.98,Bearing Degradation
4805.6,91.0,3.59,5.15,3.02,Bearing Degradation
4849.2,96.9,2.04,2.6,2.9,Low Oil Pressure
4823.9,96.7,1.98,2.64,2.92,Low Oil Pressure
5203.3,77.3,4.37,1.16,2.71,Normal
5330.0,95.5,3.85,1.4,3.02,Overheating
5224.6,79.1,4.28,1.19,2.65,Normal
5187.3,78.1,4.37,0.99,2.71,Normal
5264.3,105.5,3.49,1.84,3.32,Overheating
4634.9,91.0,3.45,5.2,2.84,Bearing Degradation
4608.7,80.8,3.63,1.92,3.8,Performance Degradation
5173.0,78.4,4.41,1.1,2.79,Normal
5333.4,112.6,3.31,1.89,3.44,Overheating
5176.1,73.8,4.44,1.19,2.67,Normal
5248.8,108.8,3.48,1.97,3.51,Overheating
4847.1,93.8,2.35,2.24,2.83,Low Oil Pressure
5331.9,111.1,3.58,2.06,3.65,Overheating
4664.4,87.9,3.95,1.78,3.82,Performance Degradation
4603.0,86.4,3.31,6.42,3.06,Bearing Degradation
4454.3,86.0,3.22,6.29,3.27,Bearing Degradation
4640.1,91.1,3.09,4.85,3.13,Bearing Degradation
5212.6,76.8,4.45,1.37,2.65,Normal
4618.9,92.3,2.93,5.77,3.16,Bearing Degradation
4684.8,83.2,3.66,2.6,3.3,Performance Degradation
5267.5,111.1,3.38,1.89,3.57,Overheating
4757.2,82.8,3.79,2.21,3.58,Performance Degradation
5225.9,77.5,4.25,1.32,2.71,Normal
4638.6,80.9,3.63,1.97,3.82,Performance Degradation
4683.4,83.6,3.65,1.87,3.6,Performance Degradation
4956.9,93.4,2.23,2.47,2.96,Low Oil Pressure
5288.0,109.3,3.5,1.68,3.57,Overheating
4593.3,83.9,3.76,2.03,3.72,Performance Degradation
5244.2,78.7,4.3,1.24,2.68,Normal
5269.9,110.2,3.46,1.87,3.31,Overheating
4658.1,85.5,3.8,2.13,3.65,Performance Degradation
4931.3,94.9,2.16,2.69,2.78,Low Oil Pressure
4671.5,91.5,3.1,4.42,3.15,Bearing Degradation
4624.0,88.0,3.2,4.87,3.21,Bearing Degradation
4857.6,83.5,3.36,3.7,3.1,Bearing Degradation
4898.4,86.9,2.65,2.15,2.73,Low Oil Pressure
4589.8,89.4,2.89,4.44,3.24,Bearing Degradation
4679.4,92.5,3.28,5.52,2.91,Bearing Degradation
5314.2,110.9,3.4,1.83,3.54,Overheating
4873.9,93.1,2.48,2.48,2.95,Low Oil Pressure
5190.6,77.4,4.24,1.16,2.6,Normal
5248.2,78.1,4.32,1.47,2.8,Normal
5242.4,96.6,3.84,1.69,3.25,Overheating
4838.4,91.7,2.46,2.46,3.04,Low Oil Pressure
4595.2,85.5,4.03,2.21,3.55,Performance Degradation
4594.6,90.5,3.48,4.24,2.88,Bearing Degradation
4656.5,90.5,3.26,4.06,3.06,Bearing Degradation
5242.2,78.4,4.35,1.09,2.63,Normal
4564.2,87.1,3.96,2.12,3.35,Performance Degradation
4904.6,90.1,2.5,2.35,3.0,Low Oil Pressure
5165.9,72.9,4.3,1.4,2.84,Normal
4734.0,89.1,3.27,5.03,3.35,Bearing Degradation
5171.0,79.9,4.41,1.14,2.67,Normal
4691.9,84.5,3.85,1.85,4.0,Performance Degradation
5255.2,100.9,3.72,1.67,3.4,Overheating
4605.0,86.0,3.87,2.06,3.69,Performance Degradation
5207.9,76.6,4.24,1.08,2.73,Normal
4772.8,92.5,2.26,2.65,2.68,Low Oil Pressure
4615.9,81.6,4.05,2.12,3.97,Performance Degradation
5244.8,76.5,4.32,1.29,2.86,Normal
5333.3,109.5,3.44,1.77,3.41,Overheating
4946.8,92.5,2.44,2.56,2.93,Low Oil Pressure
4780.2,87.4,3.12,3.97,2.98,Bearing Degradation
4694.7,88.5,3.69,2.39,3.65,Performance Degradation
5250.9,99.7,3.78,1.65,3.27,Overheating
4813.0,93.6,2.08,2.74,2.94,Low Oil Pressure
5163.5,75.9,4.3,1.03,2.67,Normal
4617.9,90.7,3.47,5.08,2.99,Bearing Degradation
4713.3,89.9,3.23,5.55,3.19,Bearing Degradation
5385.8,111.5,3.36,2.17,3.37,Overheating
5223.1,75.7,4.39,1.22,2.7,Normal
4620.1,92.6,3.29,6.29,3.0,Bearing Degradation
4799.9,91.5,2.55,2.1,3.05,Low Oil Pressure
4585.0,89.4,3.11,4.56,3.27,Bearing Degradation
4596.3,88.4,3.3,4.43,3.06,Bearing Degradation
5240.3,104.7,3.6,1.77,3.4,Overheating
5314.8,103.0,3.68,1.7,3.23,Overheating
5214.0,80.9,4.38,1.09,2.58,Normal
5227.0,79.7,4.13,1.14,2.75,Normal
4667.3,88.9,3.65,5.01,3.07,Bearing Degradation
4615.0,85.6,3.94,2.1,3.75,Performance Degradation
5198.3,75.5,4.26,1.08,2.71,Normal
4995.8,95.9,1.92,2.65,2.86,Low Oil Pressure
5139.2,81.1,4.27,1.11,2.74,Normal
4570.5,88.8,3.35,4.9,3.24,Bearing Degradation
4593.8,95.0,3.07,5.39,3.33,Bearing Degradation
4574.3,81.5,4.08,2.2,3.68,Performance Degradation
4878.3,91.0,2.34,2.22,2.87,Low Oil Pressure
4580.0,85.4,3.31,6.12,3.0,Bearing Degradation
4692.4,88.4,3.78,2.2,3.93,Performance Degradation
4624.7,87.0,3.83,2.29,3.56,Performance Degradation
4668.1,83.2,3.71,2.1,3.53,Performance Degradation
4563.5,86.3,3.48,5.97,3.32,Bearing Degradation
5176.1,79.4,4.31,1.26,2.6,Normal
5221.1,78.6,4.13,1.26,2.69,Normal
4873.6,96.7,2.28,2.54,2.72,Low Oil Pressure
5183.3,108.5,3.6,1.7,3.5,Overheating
4617.1,83.2,3.89,2.14,3.76,Performance Degradation
4843.0,90.7,2.24,2.44,2.86,Low Oil Pressure
5219.6,77.2,4.18,1.25,2.76,Normal
4649.5,90.6,3.22,5.8,3.01,Bearing Degradation
4635.5,82.3,4.08,2.22,3.81,Performance Degradation
4478.0,86.8,3.51,5.63,3.12,Bearing Degradation
5320.8,108.1,3.47,1.8,3.34,Overheating
4896.6,94.9,2.2,2.42,2.87,Low Oil Pressure
5369.9,100.0,3.85,1.53,3.23,Overheating
5243.8,74.9,4.3,1.06,2.75,Normal
4891.4,95.9,2.25,2.36,2.86,Low Oil Pressure
4618.7,82.5,3.71,2.15,3.59,Performance Degradation
5298.9,98.6,3.62,1.82,3.2,Overheating
5275.1,77.6,4.31,1.42,2.64,Normal
4643.5,86.9,3.23,3.7,2.94,Bearing Degradation
5212.7,108.2,3.57,1.9,3.54,Overheating
4648.2,89.0,3.28,4.74,2.94,Bearing Degradation
4580.3,82.7,3.79,1.97,3.67,Performance Degradation
5171.9,78.9,4.19,0.92,2.82,Normal
5304.4,106.8,3.51,1.95,3.59,Overheating
5284.6,104.7,3.67,1.85,3.29,Overheating
5224.2,76.8,4.3,1.15,2.72,Normal
4921.6,87.8,2.44,2.36,2.69,Low Oil Pressure
5221.6,103.5,3.59,1.77,3.41,Overheating
4474.7,88.4,4.12,1.98,3.69,Performance Degradation
4933.1,90.8,2.3,2.44,3.06,Low Oil Pressure
4645.9,91.4,3.27,4.41,3.23,Bearing Degradation
4939.3,91.1,2.21,2.69,3.02,Low Oil Pressure
4946.5,91.4,2.35,2.65,2.78,Low Oil Pressure
5218.2,75.8,4.2,1.26,2.67,Normal
4914.9,94.3,2.25,2.38,2.98,Low Oil Pressure
5180.8,78.6,4.38,1.11,2.79,Normal
5244.0,112.3,3.25,2.16,3.61,Overheating
4958.0,92.9,2.54,2.16,2.92,Low Oil Pressure
5232.0,111.8,3.46,1.94,3.48,Overheating
4701.2,79.6,3.91,1.98,3.2,Performance Degradation
4637.6,79.5,3.91,2.31,3.73,Performance Degradation
5296.5,103.7,3.67,1.8,3.25,Overheating
4557.9,86.2,3.02,5.01,3.01,Bearing Degradation
4874.6,89.9,2.54,2.39,2.94,Low Oil Pressure
4700.4,85.8,4.02,1.91,3.64,Performance Degradation
5220.6,108.6,3.59,1.77,3.51,Overheating
4637.0,85.2,4.13,2.08,3.65,Performance Degradation
4642.5,81.4,3.91,2.31,3.59,Performance Degradation
4604.5,83.7,3.81,2.17,3.76,Performance Degradation
4612.1,92.7,2.82,6.02,2.9,Bearing Degradation
5204.7,75.4,4.26,1.18,2.75,Normal
4584.8,78.0,4.02,2.08,3.47,Performance Degradation
4839.3,88.2,3.35,5.62,2.98,Bearing Degradation
4620.1,90.2,3.07,5.29,3.02,Bearing Degradation
5355.8,104.2,3.6,1.6,3.34,Overheating
5219.4,76.5,4.26,1.27,2.64,Normal
4804.1,95.3,2.22,2.66,3.02,Low Oil Pressure
4739.1,82.0,3.26,4.85,3.19,Bearing Degradation
4579.4,88.9,3.26,4.27,2.97,Bearing Degradation
5339.1,112.5,3.4,1.95,3.67,Overheating
5284.1,95.5,3.85,1.78,3.15,Overheating
5282.1,109.2,3.43,2.06,3.41,Overheating
4717.7,93.1,2.43,2.43,2.9,Low Oil Pressure
5259.8,76.7,4.25,1.33,2.7,Normal
4721.3,84.7,3.9,2.0,3.85,Performance Degradation
4732.2,92.4,2.36,2.49,2.7,Low Oil Pressure
4741.7,89.4,3.35,4.78,3.18,Bearing Degradation
4938.8,94.0,2.48,2.42,2.76,Low Oil Pressure
4842.8,91.6,2.21,2.54,2.87,Low Oil Pressure
5133.1,79.6,4.28,1.22,2.71,Normal
5145.0,103.1,3.59,1.87,3.4,Overheating
4726.9,90.3,2.9,3.77,3.0,Bearing Degradation
4678.1,83.9,3.83,2.07,3.49,Performance Degradation
5287.2,100.3,3.78,1.55,3.23,Overheating
5164.2,78.4,4.27,1.16,2.73,Normal
5245.2,107.2,3.48,1.6,3.29,Overheating
4664.2,89.3,3.28,5.2,3.4,Bearing Degradation
4733.6,88.7,3.42,6.41,3.03,Bearing Degradation
4823.7,84.1,3.3,5.2,3.27,Bearing Degradation
4603.0,87.1,4.12,2.14,3.74,Performance Degradation
5263.1,78.0,4.4,1.11,2.73,Normal
5322.4,78.0,4.27,1.31,2.68,Normal
4678.3,84.1,3.68,1.8,4.06,Performance Degradation
4697.7,80.5,3.94,2.12,3.57,Performance Degradation
4871.9,91.3,2.36,2.6,3.14,Low Oil Pressure
4819.5,83.7,4.0,1.71,3.68,Performance Degradation
4605.0,88.0,3.24,5.34,2.95,Bearing Degradation
5301.4,78.2,4.59,1.11,2.75,Normal
4678.9,83.8,4.05,2.27,3.78,Performance Degradation
5214.5,77.8,4.43,1.21,2.58,Normal
4608.8,84.0,3.76,1.96,3.48,Performance Degradation
4731.3,94.9,2.1,2.64,2.91,Low Oil Pressure
4662.9,84.5,3.7,2.4,3.34,Performance Degradation
5128.2,81.2,4.55,1.07,2.66,Normal
4584.1,84.3,4.06,2.07,3.59,Performance Degradation
4724.4,87.4,3.09,5.1,3.05,Bearing Degradation
5290.1,96.7,3.85,1.56,3.14,Overheating
4825.6,95.0,2.05,2.66,2.85,Low Oil Pressure
4727.4,82.1,4.08,2.32,3.7,Performance Degradation
4932.8,90.8,2.56,2.27,2.8,Low Oil Pressure
5222.1,107.5,3.38,2.06,3.49,Overheating
4824.0,88.9,2.29,2.55,3.12,Low Oil Pressure
5251.8,98.1,3.85,1.47,3.17,Overheating
4584.2,83.6,3.93,1.98,3.47,Performance Degradation
5312.2,107.7,3.66,2.04,3.27,Overheating
5248.9,100.3,3.73,1.56,3.37,Overheating
5232.5,77.4,4.5,1.17,2.75,Normal
5251.2,107.0,3.42,2.06,3.52,Overheating
4699.7,92.2,2.98,5.98,3.17,Bearing Degradation
4850.0,83.5,4.02,2.3,3.41,Performance Degradation
4637.8,79.6,4.17,2.24,3.78,Performance Degradation
4569.6,88.7,3.43,5.79,3.09,Bearing Degradation
4974.7,94.4,2.17,2.64,2.72,Low Oil Pressure
4828.6,90.1,2.34,2.62,2.84,Low Oil Pressure
4649.6,87.9,4.01,2.1,3.55,Performance Degradation
5343.9,107.7,3.57,2.0,3.51,Overheating
4566.6,80.6,4.04,1.77,3.56,Performance Degradation
4959.3,92.7,2.53,2.38,3.03,Low Oil Pressure
5349.1,103.6,3.7,1.68,3.51,Overheating
5159.2,82.4,4.23,1.17,2.63,Normal
5181.5,79.1,4.27,1.03,2.71,Normal
4580.1,90.0,3.17,4.41,3.0,Bearing Degradation
5126.0,76.6,4.3,1.04,2.79,Normal
5219.3,78.1,4.42,1.28,2.79,Normal
4817.9,93.1,2.41,2.49,3.03,Low Oil Pressure
4638.6,81.5,4.02,1.92,3.5,Performance Degradation
4682.9,95.0,2.77,5.34,3.31,Bearing Degradation
4706.3,91.9,3.31,4.68,3.03,Bearing Degradation
4793.2,93.0,2.97,5.05,3.16,Bearing Degradation
4800.4,91.6,2.42,2.56,2.9,Low Oil Pressure
4616.0,79.3,3.72,1.94,3.5,Performance Degradation
5200.9,78.7,4.31,1.32,2.75,Normal
4823.1,89.0,2.4,2.36,3.16,Low Oil Pressure
5162.7,80.1,4.26,1.17,2.82,Normal
4594.3,83.1,3.73,1.95,3.87,Performance Degradation
4787.5,94.9,2.19,2.38,3.06,Low Oil Pressure
5225.9,111.0,3.42,2.18,3.51,Overheating
4671.7,88.2,3.43,3.7,3.05,Bearing Degradation
4576.0,91.1,3.12,4.75,3.16,Bearing Degradation
5270.6,109.5,3.41,1.86,3.35,Overheating
4737.1,86.7,3.43,5.59,3.34,Bearing Degradation
5263.7,99.0,3.62,1.58,3.11,Overheating
5208.3,76.0,4.27,1.43,2.72,Normal
4856.2,85.4,3.17,5.29,3.18,Bearing Degradation
4622.6,85.7,3.85,1.85,3.83,Performance Degradation
4705.9,89.2,3.48,5.45,3.05,Bearing Degradation
5170.9,77.2,4.34,1.17,2.73,Normal
4843.3,94.4,2.18,2.63,3.01,Low Oil Pressure
4523.7,82.7,4.09,2.14,3.82,Performance Degradation
4600.5,87.1,3.39,5.26,3.09,Bearing Degradation
4708.9,82.2,3.82,2.01,3.65,Performance Degradation
4813.2,90.5,2.34,2.31,2.94,Low Oil Pressure
5171.2,72.2,4.35,1.09,2.78,Normal
4688.8,90.4,3.19,6.4,3.03,Bearing Degradation
4552.3,82.7,3.71,1.99,3.76,Performance Degradation
4681.1,83.7,3.18,5.07,3.0,Bearing Degradation
4642.8,80.7,3.72,2.14,3.34,Performance Degradation
4737.9,85.9,3.23,5.92,3.44,Bearing Degradation
4758.0,82.6,3.77,2.03,3.83,Performance Degradation
4806.3,91.0,2.52,2.26,2.9,Low Oil Pressure
4655.6,82.6,3.88,2.31,3.78,Performance Degradation
4546.4,85.9,4.07,2.13,3.9,Performance Degradation
4639.4,92.2,2.99,6.4,3.14,Bearing Degradation
4722.5,83.7,4.11,2.03,3.47,Performance Degradation
5204.8,75.3,4.28,1.09,2.77,Normal
5321.6,111.2,3.42,1.9,3.32,Overheating
4688.6,82.2,4.05,2.18,3.83,Performance Degradation
4672.3,84.2,3.75,2.02,3.87,Performance Degradation
5188.3,76.3,4.28,1.1,2.79,Normal
4621.9,84.2,3.9,1.94,3.6,Performance Degradation
5200.6,74.8,4.3,1.18,2.83,Normal
5048.3,92.7,2.22,2.64,2.73,Low Oil Pressure
4716.0,85.9,3.5,2.46,3.32,Performance Degradation
5321.4,106.7,3.56,1.77,3.36,Overheating
5237.5,76.5,4.37,1.32,2.75,Normal
4802.8,91.4,2.31,2.77,2.72,Low Oil Pressure
4652.0,81.2,3.91,2.07,3.72,Performance Degradation
4759.7,84.3,3.86,2.41,3.41,Performance Degradation
5236.4,102.0,3.57,1.61,3.26,Overheating
4591.6,90.2,3.21,4.77,3.25,Bearing Degradation
4861.0,88.6,2.36,2.34,2.94,Low Oil Pressure
4865.7,91.6,2.17,2.38,2.85,Low Oil Pressure
5243.6,78.6,4.44,1.21,2.77,Normal
4627.4,94.0,3.41,4.17,3.2,Bearing Degradation
4482.6,83.0,3.76,1.71,3.47,Performance Degradation
4712.8,81.3,4.06,2.08,3.76,Performance Degradation
4708.2,87.9,4.07,2.08,4.18,Performance Degradation
5067.7,75.8,4.3,1.28,2.76,Normal
5172.7,97.3,3.85,1.82,3.12,Overheating
5228.7,78.9,4.32,1.27,2.63,Normal
5290.7,105.8,3.63,1.85,3.56,Overheating
5280.9,78.5,4.37,1.29,2.79,Normal
4693.2,87.1,3.24,5.05,3.09,Bearing Degradation
4694.2,85.5,3.41,4.65,3.15,Bearing Degradation
4717.4,88.1,3.2,5.41,3.15,Bearing Degradation
5223.9,102.4,3.63,1.5,3.45,Overheating
5308.5,105.3,3.64,1.95,3.27,Overheating
4610.1,87.1,2.99,5.64,3.24,Bearing Degradation
5150.4,80.8,4.3,1.06,2.65,Normal
4797.7,79.5,4.03,2.13,3.61,Performance Degradation
4844.8,91.1,2.65,2.4,2.91,Low Oil Pressure
4522.5,82.6,3.3,5.33,3.32,Bearing Degradation
4652.3,83.7,3.85,2.07,3.9,Performance Degradation
5246.8,104.9,3.6,1.87,3.48,Overheating
4821.9,90.6,2.11,2.35,3.13,Low Oil Pressure
4542.8,82.5,3.73,2.38,3.65,Performance Degradation
4703.8,83.6,3.95,1.6,3.53,Performance Degradation
4693.7,78.0,3.91,2.15,4.12,Performance Degradation
4808.2,82.8,4.16,2.11,3.83,Performance Degradation
5224.3,79.6,4.47,1.25,2.76,Normal
5303.3,97.5,3.75,1.69,3.24,Overheating
5315.3,107.7,3.49,1.7,3.53,Overheating
4593.8,88.9,2.97,4.52,3.07,Bearing Degradation
5275.8,107.6,3.57,1.93,3.25,Overheating
5215.6,81.3,4.41,1.09,2.66,Normal
4746.6,94.1,2.18,2.44,3.0,Low Oil Pressure
5226.7,78.7,4.28,1.26,2.7,Normal
4674.7,86.1,3.03,5.49,3.11,Bearing Degradation
4727.7,87.0,3.14,5.42,3.21,Bearing Degradation
5242.8,77.3,4.24,1.23,2.77,Normal
5299.0,106.9,3.54,1.86,3.38,Overheating
5285.4,75.5,4.28,1.18,2.76,Normal
4958.0,88.4,2.44,2.34,2.93,Low Oil Pressure
4567.4,91.8,3.26,4.33,3.25,Bearing Degradation
5286.0,111.6,3.42,2.01,3.57,Overheating
4539.0,83.9,3.84,1.96,3.67,Performance Degradation
4797.5,91.4,3.27,3.97,3.14,Bearing Degradation
5279.4,106.1,3.6,1.81,3.27,Overheating
5238.5,107.6,3.4,1.9,3.7,Overheating
4614.5,84.4,3.83,2.24,3.8,Performance Degradation
4581.5,80.4,4.11,2.34,3.83,Performance Degradation
4734.1,83.0,3.69,2.22,3.84,Performance Degradation
4650.2,87.4,3.07,4.58,3.12,Bearing Degradation
4939.0,88.0,2.5,2.19,2.84,Low Oil Pressure
4690.7,86.5,3.23,5.35,3.36,Bearing Degradation
5258.1,105.5,3.63,1.79,3.33,Overheating
4723.5,91.5,2.24,2.71,2.92,Low Oil Pressure
4602.7,85.1,3.04,4.71,2.92,Bearing Degradation
4843.1,92.1,2.44,2.54,3.0,Low Oil Pressure
4685.9,86.1,3.45,5.26,3.3,Bearing Degradation
4513.0,89.9,3.25,5.36,3.18,Bearing Degradation
4859.1,93.1,2.1,2.29,3.08,Low Oil Pressure
5247.6,80.2,4.31,1.36,2.56,Normal
4823.5,95.0,1.9,2.95,3.12,Low Oil Pressure
4834.0,94.9,2.41,2.31,2.82,Low Oil Pressure
4778.0,87.6,3.6,4.57,3.04,Bearing Degradation
5156.6,79.1,4.34,1.1,2.77,Normal
5294.5,106.9,3.59,1.91,3.45,Overheating
5136.3,78.8,4.15,1.13,2.51,Normal
4591.1,84.9,3.58,2.31,3.28,Performance Degradation
5180.0,99.9,3.79,1.84,3.35,Overheating
5237.7,103.6,3.46,1.73,3.22,Overheating
4735.2,90.7,3.33,6.25,2.96,Bearing Degradation
4649.5,86.6,3.46,5.26,2.83,Bearing Degradation
4802.0,89.4,2.5,2.11,3.01,Low Oil Pressure
4654.0,84.4,4.06,2.24,3.69,Performance Degradation
5335.1,102.6,3.66,1.67,3.3,Overheating
4884.3,86.1,2.65,2.2,2.97,Low Oil Pressure
4831.5,86.6,2.64,2.41,2.92,Low Oil Pressure
4798.6,91.5,2.38,2.53,2.82,Low Oil Pressure
4701.6,84.7,3.64,2.02,3.2,Performance Degradation
5297.3,107.1,3.56,1.88,3.5,Overheating
5226.5,75.3,4.3,1.1,2.6,Normal
4793.5,95.6,2.44,2.26,2.82,Low Oil Pressure
5261.4,98.3,3.82,1.5,3.18,Overheating
5158.3,76.0,4.12,1.25,2.75,Normal
4643.1,84.3,4.12,2.58,3.69,Performance Degradation
4816.7,92.1,2.35,2.57,2.96,Low Oil Pressure
4762.1,87.2,3.71,2.03,3.32,Performance Degradation
4708.2,82.2,3.71,2.24,3.69,Performance Degradation
4633.8,83.7,3.99,2.36,3.72,Performance Degradation
4686.0,88.5,3.42,5.17,3.05,Bearing Degradation
4614.1,82.0,3.69,1.93,3.7,Performance Degradation
5222.3,114.1,3.41,2.18,3.78,Overheating
4837.6,94.9,1.98,2.58,2.89,Low Oil Pressure
4802.2,88.9,3.2,5.14,2.99,Bearing Degradation
4651.3,82.5,3.6,2.27,4.01,Performance Degradation
5265.6,102.8,3.63,1.6,3.3,Overheating
4658.7,93.3,3.18,4.95,3.02,Bearing Degradation
4734.6,82.6,3.41,2.24,3.64,Performance Degradation
5232.2,99.9,3.79,1.64,3.2,Overheating
4809.8,90.0,2.42,2.24,2.8,Low Oil Pressure
5227.4,77.6,4.41,1.07,2.84,Normal
4717.0,83.6,4.2,2.31,3.52,Performance Degradation
4748.9,95.3,2.08,2.72,3.06,Low Oil Pressure
4668.6,87.1,3.99,1.93,3.87,Performance Degradation
4781.1,93.9,3.4,4.5,2.98,Bearing Degradation
4512.8,90.4,3.34,4.76,3.05,Bearing Degradation
4704.6,88.9,3.1,4.63,2.91,Bearing Degradation
4625.8,85.3,3.94,1.96,3.23,Performance Degradation
4574.6,94.8,3.41,5.62,3.14,Bearing Degradation
4823.3,90.9,2.55,2.34,3.03,Low Oil Pressure
5224.4,80.6,4.38,1.1,2.68,Normal
5219.2,105.0,3.59,1.63,3.47,Overheating
4721.7,86.9,2.87,5.48,3.21,Bearing Degradation
5351.6,110.5,3.37,1.89,3.18,Overheating
5086.1,79.9,4.37,1.09,2.63,Normal
5417.4,104.5,3.54,1.79,3.32,Overheating
5258.9,102.3,3.69,1.77,3.39,Overheating
4897.8,94.5,2.39,2.27,2.77,Low Oil Pressure
4877.0,94.2,2.09,2.66,2.91,Low Oil Pressure
4518.7,88.4,4.02,1.84,3.57,Performance Degradation
4805.9,92.0,2.28,2.62,2.93,Low Oil Pressure
5272.7,95.5,3.85,1.58,3.2,Overheating
4653.8,83.4,3.93,1.96,3.88,Performance Degradation
4590.7,91.8,2.95,5.15,3.22,Bearing Degradation
4769.6,94.2,2.21,2.59,2.91,Low Oil Pressure
4871.7,90.0,2.37,2.45,2.97,Low Oil Pressure
4583.4,89.2,3.48,4.72,3.08,Bearing Degradation
5263.3,110.8,3.41,1.75,3.35,Overheating
4851.2,90.2,2.53,2.34,3.0,Low Oil Pressure
4556.5,85.6,3.69,2.37,3.88,Performance Degradation
4531.6,84.3,3.85,2.02,3.76,Performance Degradation
5186.1,74.4,4.14,1.18,2.54,Normal
4687.6,87.0,3.34,6.14,3.22,Bearing Degradation
4622.5,89.7,3.16,5.23,3.16,Bearing Degradation
4622.9,88.0,3.29,4.51,3.08,Bearing Degradation
4714.8,88.6,3.36,4.02,3.14,Bearing Degradation
4756.1,85.6,3.51,5.25,2.98,Bearing Degradation
4692.6,82.7,3.99,1.96,3.59,Performance Degradation
4693.9,85.7,3.28,4.54,3.22,Bearing Degradation
5173.8,74.7,4.38,1.1,2.7,Normal
4749.6,92.9,2.41,2.5,3.08,Low Oil Pressure
4497.3,91.9,2.94,5.62,3.11,Bearing Degradation
4730.3,86.4,3.07,4.99,2.89,Bearing Degradation
5190.9,76.9,4.29,1.1,2.79,Normal
5260.1,108.4,3.61,1.93,3.44,Overheating
4643.9,87.5,3.41,5.22,3.04,Bearing Degradation
4769.2,87.0,3.52,5.87,3.18,Bearing Degradation
5148.2,81.6,4.22,1.33,2.61,Normal
4727.6,91.5,3.36,4.61,3.14,Bearing Degradation
4576.2,90.7,3.15,4.95,3.1,Bearing Degradation
5186.1,107.2,3.54,1.88,3.4,Overheating
5173.8,77.8,4.27,1.09,2.65,Normal
5264.7,102.8,3.67,1.69,3.26,Overheating
5192.1,78.4,4.39,1.15,2.74,Normal
4694.1,90.6,3.47,5.22,3.06,Bearing Degradation
4856.6,88.4,2.56,2.13,2.84,Low Oil Pressure
4621.1,86.7,3.1,5.53,2.82,Bearing Degradation
4797.6,85.9,2.65,1.86,2.85,Low Oil Pressure
5213.9,79.5,4.3,0.93,2.68,Normal
5003.4,93.9,2.0,2.56,2.95,Low Oil Pressure
5252.6,103.3,3.69,1.93,3.26,Overheating
5158.5,81.5,4.41,1.31,2.77,Normal
5137.9,79.7,4.27,1.17,2.72,Normal
4627.2,89.4,3.11,5.88,3.12,Bearing Degradation
4604.0,91.8,3.24,5.45,3.12,Bearing Degradation
5205.6,110.8,3.47,1.95,3.55,Overheating
5197.2,79.6,4.2,1.27,2.61,Normal
4933.2,92.6,2.44,2.57,2.71,Low Oil Pressure
5241.2,95.6,3.73,1.7,3.04,Overheating
4699.5,82.2,3.91,1.88,3.5,Performance Degradation
4570.2,81.5,3.72,2.11,3.48,Performance Degradation
4770.6,91.0,2.57,2.33,2.77,Low Oil Pressure
5262.6,103.9,3.54,1.81,3.53,Overheating
4688.0,86.8,3.23,4.46,3.15,Bearing Degradation
4626.0,83.8,3.97,2.1,3.54,Performance Degradation
5235.8,105.1,3.64,1.92,3.6,Overheating
4450.1,88.1,3.13,5.36,3.1,Bearing Degradation
5252.1,75.8,4.24,1.14,2.69,Normal
5247.1,77.6,4.34,1.11,2.7,Normal
5317.0,99.6,3.71,1.58,3.25,Overheating
4764.6,90.7,3.45,5.29,2.82,Bearing Degradation
5206.3,105.6,3.64,1.93,3.38,Overheating
5231.4,79.1,4.37,1.28,2.69,Normal
5242.3,99.0,3.72,1.77,3.33,Overheating
5354.4,104.4,3.58,1.69,3.46,Overheating
5150.2,75.2,4.24,1.38,2.7,Normal
4561.8,84.5,3.16,3.92,3.2,Bearing Degradation
4887.2,88.0,2.59,2.12,2.86,Low Oil Pressure
4635.9,84.6,3.96,2.17,3.76,Performance Degradation
5170.7,77.2,4.37,1.12,2.8,Normal
4521.2,78.0,4.13,2.06,3.81,Performance Degradation
4784.6,87.4,2.65,2.01,3.0,Low Oil Pressure
4866.8,89.3,2.52,2.29,3.07,Low Oil Pressure
5211.2,76.7,4.42,1.21,2.74,Normal
4694.8,82.3,3.82,2.0,3.63,Performance Degradation
5317.0,100.6,3.81,1.7,3.28,Overheating
4748.1,82.6,3.14,4.89,3.15,Bearing Degradation
4615.6,93.2,3.53,5.75,3.1,Bearing Degradation
5249.9,76.3,4.24,1.32,2.7,Normal
4474.8,90.2,3.4,4.69,2.97,Bearing Degradation
4589.1,92.2,3.23,5.56,2.82,Bearing Degradation
5266.6,76.6,4.2,1.09,2.62,Normal
4712.4,93.8,2.17,2.77,2.83,Low Oil Pressure
4669.8,88.8,3.18,6.13,3.21,Bearing Degradation
5214.2,101.9,3.7,1.79,3.11,Overheating
5236.7,103.1,3.69,1.79,3.15,Overheating
4919.1,93.8,2.21,2.37,2.95,Low Oil Pressure
4613.7,85.9,4.02,1.98,3.29,Performance Degradation
4674.2,87.4,3.9,2.01,3.76,Performance Degradation
4712.6,87.4,2.87,4.84,3.2,Bearing Degradation
4687.8,86.4,3.7,2.33,3.37,Performance Degradation
5234.1,100.8,3.66,1.75,3.24,Overheating
4646.2,88.2,3.99,2.13,3.77,Performance Degradation
5204.8,109.1,3.49,2.01,3.48,Overheating
5164.5,77.8,4.38,1.17,2.81,Normal
5404.3,100.3,3.7,1.59,3.35,Overheating
4662.4,82.0,3.64,2.01,3.61,Performance Degradation
4520.5,85.4,3.85,2.03,3.66,Performance Degradation
4858.7,90.8,2.49,2.37,2.77,Low Oil Pressure
4824.4,84.5,3.39,4.27,3.1,Bearing Degradation
4673.7,82.2,3.91,2.05,3.85,Performance Degradation
4655.7,91.2,2.9,5.16,3.1,Bearing Degradation
4678.0,84.7,4.09,1.94,3.62,Performance Degradation
5318.9,98.0,3.85,1.62,3.2,Overheating
5260.9,76.0,4.2,1.05,2.71,Normal
5186.3,76.0,4.28,1.35,2.62,Normal
4629.6,89.8,3.34,5.75,3.13,Bearing Degradation
5159.1,79.6,4.29,1.22,2.61,Normal
5263.9,104.0,3.71,1.9,3.28,Overheating
4521.3,84.1,3.88,2.08,3.63,Performance Degradation
4690.2,84.4,3.98,2.27,3.59,Performance Degradation
5203.0,78.5,4.41,1.16,2.62,Normal
5242.9,78.5,4.46,1.23,2.6,Normal
4635.0,89.7,3.15,5.82,3.18,Bearing Degradation
4899.8,92.3,2.5,2.24,2.85,Low Oil Pressure
4731.1,83.1,3.5,2.26,3.39,Performance Degradation
5312.6,107.6,3.48,1.86,3.45,Overheating
5240.1,106.6,3.71,1.74,3.55,Overheating
5217.4,103.4,3.7,1.59,3.3,Overheating
4687.1,78.0,4.1,1.82,3.69,Performance Degradation
4772.2,80.0,3.96,2.05,3.71,Performance Degradation
5306.9,104.3,3.53,1.82,3.26,Overheating
5190.1,77.9,4.24,1.14,2.8,Normal
5349.5,101.0,3.77,1.66,3.43,Overheating
4540.8,82.2,4.06,2.25,3.93,Performance Degradation
5219.1,80.5,4.39,1.36,2.81,Normal
4631.2,85.3,3.86,1.85,3.76,Performance Degradation
5267.6,78.3,4.42,1.28,2.67,Normal
5202.1,77.4,4.24,1.3,2.76,Normal
4666.3,89.3,3.65,4.3,3.33,Bearing Degradation
4681.3,90.4,3.45,4.95,3.12,Bearing Degradation
4631.1,84.9,3.77,1.82,4.02,Performance Degradation
4648.8,87.3,4.03,2.1,3.6,Performance Degradation
5192.5,82.5,4.37,1.15,2.82,Normal
4957.8,89.9,2.17,2.78,2.94,Low Oil Pressure
5207.2,103.8,3.54,2.03,3.33,Overheating
4652.3,83.4,4.17,2.01,3.61,Performance Degradation
5271.9,110.6,3.38,1.94,3.52,Overheating
4720.5,82.8,3.66,2.32,3.57,Performance Degradation
5261.8,113.4,3.44,2.07,3.64,Overheating
5250.7,81.3,4.23,1.3,2.71,Normal
5225.4,72.1,4.4,1.07,2.76,Normal
5186.1,78.6,4.29,1.21,2.72,Normal
4634.8,83.1,3.94,2.3,3.82,Performance Degradation
4885.1,89.7,2.65,2.37,3.01,Low Oil Pressure
5241.1,105.7,3.59,2.09,3.47,Overheating
4674.1,88.5,3.27,4.46,3.15,Bearing Degradation
5194.1,77.2,4.3,1.27,2.72,Normal
4615.2,87.5,3.51,4.64,3.01,Bearing Degradation
5147.4,104.1,3.63,1.86,3.26,Overheating
5182.7,76.3,4.32,1.32,2.61,Normal
4697.1,85.3,3.39,5.86,2.86,Bearing Degradation
4756.7,95.0,3.17,4.93,3.31,Bearing Degradation
4562.4,85.8,3.17,5.5,3.05,Bearing Degradation
5174.1,77.6,4.34,1.12,2.65,Normal
5191.2,113.1,3.51,1.98,3.49,Overheating
4891.8,94.0,2.2,2.87,3.03,Low Oil Pressure
4878.9,89.8,2.39,2.41,2.96,Low Oil Pressure
5289.2,105.2,3.56,1.66,3.35,Overheating
4818.9,89.4,2.5,2.34,2.75,Low Oil Pressure
4537.6,90.3,3.13,5.62,3.29,Bearing Degradation
5213.0,76.6,4.27,0.86,2.74,Normal
4550.0,84.8,3.94,2.08,3.34,Performance Degradation
5182.6,77.4,4.13,1.32,2.8,Normal
4874.3,93.6,2.25,2.22,2.72,Low Oil Pressure
4733.5,87.5,2.43,2.2,2.94,Low Oil Pressure
4583.1,83.4,3.04,5.54,3.08,Bearing Degradation
4696.4,83.1,4.05,2.25,3.78,Performance Degradation
4549.6,86.1,3.61,5.52,2.96,Bearing Degradation
4610.5,85.7,4.19,1.98,3.88,Performance Degradation
4912.6,95.0,2.04,2.59,2.77,Low Oil Pressure
4548.5,88.6,3.4,4.45,3.15,Bearing Degradation
5261.6,79.0,4.19,1.26,2.7,Normal
5161.9,77.1,4.26,1.2,2.75,Normal
4690.4,85.9,3.26,5.45,2.88,Bearing Degradation
4763.6,91.7,3.4,4.59,2.99,Bearing Degradation
5167.8,74.3,4.33,1.3,2.68,Normal
4856.9,94.8,2.25,2.43,3.01,Low Oil Pressure
4804.9,95.8,2.1,2.55,2.99,Low Oil Pressure
5352.7,105.6,3.68,1.75,3.29,Overheating
5179.4,78.3,4.13,1.15,2.72,Normal
4657.4,89.7,3.1,5.64,3.0,Bearing Degradation
4646.5,80.3,4.1,1.71,3.7,Performance Degradation
4823.1,94.7,2.01,2.63,3.1,Low Oil Pressure
4853.8,89.6,2.25,2.47,3.13,Low Oil Pressure
5096.4,82.7,4.43,1.16,2.82,Normal
5292.3,98.9,3.58,1.74,3.23,Overheating
5220.1,77.4,4.26,1.19,2.6,Normal
4454.9,83.3,3.97,2.28,3.2,Performance Degradation
5176.8,83.0,4.29,1.09,2.61,Normal
5120.8,79.3,4.34,1.26,2.8,Normal
4670.1,85.5,3.71,2.14,3.2,Performance Degradation
5151.5,76.8,4.34,1.25,2.87,Normal
4860.4,93.4,2.33,2.26,3.07,Low Oil Pressure
5197.1,78.1,4.31,1.22,2.75,Normal
4713.2,90.8,2.96,4.46,3.13,Bearing Degradation
4736.7,83.0,3.73,2.03,3.63,Performance Degradation
5341.4,105.0,3.53,1.99,3.35,Overheating
4828.1,86.4,2.65,2.25,2.83,Low Oil Pressure
4488.1,85.8,4.16,1.82,3.57,Performance Degradation
4918.9,89.9,2.65,2.09,3.05,Low Oil Pressure
4569.4,87.0,3.63,1.97,3.95,Performance Degradation
5341.9,95.5,3.85,1.78,3.25,Overheating
4690.7,85.0,2.89,6.25,2.94,Bearing Degradation
4853.2,89.4,2.41,2.41,2.83,Low Oil Pressure
4646.0,86.1,4.08,2.28,3.63,Performance Degradation
4990.1,95.4,2.16,2.48,2.95,Low Oil Pressure
4789.3,82.3,3.93,2.3,3.55,Performance Degradation
5250.6,106.0,3.47,1.98,3.66,Overheating
4913.4,94.3,1.97,2.62,3.09,Low Oil Pressure
4712.7,84.0,3.99,1.82,3.99,Performance Degradation
5223.5,105.6,3.64,1.72,3.48,Overheating
5267.3,102.8,3.67,2.04,3.18,Overheating
5171.0,77.5,4.32,1.32,2.68,Normal
4549.9,86.1,3.21,4.97,3.21,Bearing Degradation
5227.2,109.9,3.61,1.71,3.48,Overheating
4705.5,87.6,3.37,4.28,3.17,Bearing Degradation
5284.0,77.2,4.35,1.18,2.71,Normal
4668.1,79.6,3.98,1.87,3.82,Performance Degradation
4853.4,94.1,2.25,2.53,3.05,Low Oil Pressure
5238.4,106.1,3.44,1.81,3.44,Overheating
5316.4,101.0,3.66,1.73,3.13,Overheating
5324.7,106.1,3.58,1.69,3.43,Overheating
4882.1,93.4,2.26,2.48,3.05,Low Oil Pressure
4590.8,87.2,3.2,4.39,2.97,Bearing Degradation
4602.3,82.1,3.81,2.1,3.47,Performance Degradation
4660.4,81.0,3.93,2.05,3.72,Performance Degradation
4752.4,93.7,2.25,2.49,2.9,Low Oil Pressure
4851.1,90.7,2.29,2.57,3.06,Low Oil Pressure
4912.4,92.6,2.58,2.28,2.72,Low Oil Pressure
4531.7,80.6,3.84,2.19,3.55,Performance Degradation
4850.0,81.9,3.96,2.35,3.65,Performance Degradation
4686.0,87.6,3.28,5.55,2.99,Bearing Degradation
4683.5,88.1,3.05,3.95,3.21,Bearing Degradation
5240.2,103.8,3.45,1.69,3.39,Overheating
4915.2,93.1,1.71,2.94,2.93,Low Oil Pressure
5299.6,106.5,3.69,1.86,3.49,Overheating
4664.6,88.3,3.2,4.58,3.16,Bearing Degradation
4661.2,83.2,3.89,2.45,3.43,Performance Degradation
5281.2,107.0,3.61,1.77,3.45,Overheating
4879.5,90.4,2.65,2.29,2.97,Low Oil Pressure
4525.4,89.1,3.28,5.89,3.12,Bearing Degradation
4781.0,89.0,2.58,1.97,2.97,Low Oil Pressure
4516.4,86.9,3.18,6.24,3.34,Bearing Degradation
4572.1,83.1,3.11,4.12,3.0,Bearing Degradation
4700.9,86.4,3.27,5.12,3.08,Bearing Degradation
5297.9,101.9,3.61,1.88,3.37,Overheating
4711.6,83.6,3.56,5.52,3.34,Bearing Degradation
5310.5,76.3,4.25,1.26,2.71,Normal
5277.2,105.5,3.55,1.77,3.49,Overheating
5211.0,74.7,4.4,1.15,2.74,Normal
4652.9,91.8,3.04,5.04,3.17,Bearing Degradation
4755.6,84.4,3.86,1.95,3.53,Performance Degradation
4751.2,85.2,4.02,2.3,3.38,Performance Degradation
4642.2,86.3,3.92,2.51,3.51,Performance Degradation
4777.4,88.3,3.07,5.43,3.34,Bearing Degradation
4720.6,84.6,3.08,4.95,3.13,Bearing Degradation
4659.1,83.4,4.05,1.98,3.99,Performance Degradation
5222.2,78.4,4.15,1.24,2.66,Normal
4607.7,91.2,3.5,5.79,2.98,Bearing Degradation
5287.0,101.5,3.7,1.91,3.24,Overheating
4738.5,89.8,3.29,5.59,3.31,Bearing Degradation
4541.1,81.4,3.68,2.19,3.73,Performance Degradation
5225.1,105.8,3.51,1.79,3.54,Overheating
4934.6,93.4,2.26,2.57,2.96,Low Oil Pressure
4596.5,88.7,3.35,5.6,3.14,Bearing Degradation
5258.6,101.1,3.71,1.9,3.27,Overheating
4826.7,94.4,2.52,2.16,2.8,Low Oil Pressure
4873.3,91.5,2.51,2.39,3.11,Low Oil Pressure
5279.0,103.6,3.61,1.54,3.38,Overheating
4690.1,86.9,3.97,2.35,3.25,Performance Degradation
5197.0,106.1,3.51,1.99,3.34,Overheating
5172.8,82.2,4.28,1.27,2.68,Normal
4550.4,85.5,3.47,4.67,2.95,Bearing Degradation
5279.4,104.5,3.55,1.86,3.28,Overheating
4605.6,86.0,3.78,2.08,3.77,Performance Degradation
4697.2,82.2,3.87,2.36,3.34,Performance Degradation
5333.7,108.2,3.48,1.99,3.48,Overheating
4913.3,89.7,2.54,2.07,2.87,Low Oil Pressure
5437.2,104.5,3.46,1.82,3.38,Overheating
4911.6,89.8,2.65,2.17,2.81,Low Oil Pressure
4706.7,91.3,3.35,4.49,3.0,Bearing Degradation
4808.7,84.9,3.72,2.44,3.77,Performance Degradation
5197.5,80.9,4.5,1.49,2.68,Normal
4734.3,86.3,3.79,2.4,3.81,Performance Degradation
5301.9,102.3,3.61,1.56,3.38,Overheating
4841.0,89.4,2.35,2.31,3.01,Low Oil Pressure
5277.7,74.3,4.53,1.34,2.7,Normal
4699.0,87.5,3.16,5.46,3.18,Bearing Degradation
5156.1,77.1,4.28,1.17,2.75,Normal
5107.5,108.5,3.48,1.81,3.56,Overheating
5235.7,114.0,3.49,2.17,3.53,Overheating
4619.4,80.9,3.67,1.9,3.71,Performance Degradation
5256.8,76.3,4.3,1.32,2.72,Normal
4748.8,90.3,2.41,2.23,2.85,Low Oil Pressure
5266.4,79.2,4.3,1.08,2.66,Normal
5191.3,76.2,4.37,1.49,2.62,Normal
4812.5,88.5,2.81,4.53,3.03,Bearing Degradation
4466.1,83.4,4.23,1.65,3.62,Performance Degradation
5139.2,106.9,3.67,2.06,3.33,Overheating
4651.7,85.3,2.98,5.11,3.07,Bearing Degradation
5247.2,80.2,4.16,1.18,2.65,Normal
5239.8,102.9,3.7,1.67,3.33,Overheating
4464.1,89.7,3.37,4.81,2.96,Bearing Degradation
4803.5,93.6,2.3,2.55,3.0,Low Oil Pressure
5293.4,78.2,4.47,1.36,2.76,Normal
5334.3,110.1,3.51,1.79,3.42,Overheating
5275.5,107.5,3.59,1.84,3.49,Overheating
4892.6,86.4,3.37,4.54,3.08,Bearing Degradation
5313.6,104.7,3.65,1.7,3.37,Overheating
4623.8,85.4,3.32,5.21,3.15,Bearing Degradation
4719.6,87.3,3.18,5.71,3.06,Bearing Degradation
4606.7,87.0,3.21,3.73,3.28,Bearing Degradation
4699.2,87.0,3.64,4.82,3.19,Bearing Degradation
5253.6,107.0,3.52,1.68,3.52,Overheating
4866.5,92.2,2.19,2.41,3.07,Low Oil Pressure
4959.2,89.0,2.54,2.2,2.89,Low Oil Pressure
5129.1,77.3,4.3,1.19,2.7,Normal
5342.7,108.0,3.51,1.82,3.53,Overheating
5128.8,79.3,4.57,1.4,2.53,Normal
5305.7,99.3,3.66,1.54,3.2,Overheating
5215.0,80.0,4.32,1.24,2.65,Normal
5207.2,79.4,4.19,1.13,2.63,Normal
4683.9,83.3,3.72,2.19,3.68,Performance Degradation
4920.6,91.3,2.53,2.24,2.95,Low Oil Pressure
4619.5,89.3,3.14,6.29,2.96,Bearing Degradation
4610.1,89.2,3.05,5.5,3.2,Bearing Degradation
4772.4,92.6,3.23,3.82,3.16,Bearing Degradation
4824.4,93.9,2.44,2.56,2.88,Low Oil Pressure
5220.0,77.6,4.31,1.27,2.69,Normal
5249.8,75.1,4.31,1.24,2.62,Normal
4887.0,94.1,2.25,2.55,2.92,Low Oil Pressure
4713.3,82.3,3.95,2.33,3.25,Performance Degradation
5279.3,103.2,3.72,1.78,3.56,Overheating
5202.8,75.6,4.34,1.36,2.72,Normal
5220.5,82.0,4.22,1.17,2.74,Normal
4681.8,87.9,2.89,5.2,3.31,Bearing Degradation
4913.0,94.6,2.34,2.32,2.85,Low Oil Pressure
4738.8,91.9,2.27,2.5,3.06,Low Oil Pressure
5233.2,74.7,4.22,1.22,2.71,Normal
5323.1,108.4,3.36,1.77,3.55,Overheating
5151.1,108.0,3.61,2.02,3.53,Overheating
5243.0,77.9,4.05,1.11,2.76,Normal
5230.6,107.1,3.53,2.0,3.15,Overheating
4825.2,85.7,3.28,4.38,3.06,Bearing Degradation
4688.7,84.9,3.98,1.85,3.51,Performance Degradation
5223.8,76.2,4.18,1.19,2.67,Normal
5149.5,81.0,4.37,1.42,2.69,Normal
5150.7,76.6,4.29,1.27,2.68,Normal
5237.5,114.8,3.33,1.78,3.65,Overheating
4736.0,88.4,3.44,4.6,2.95,Bearing Degradation
4609.3,86.7,3.81,1.81,3.86,Performance Degradation
4639.4,81.4,3.84,1.92,3.35,Performance Degradation
4545.6,87.9,3.04,5.21,3.0,Bearing Degradation
5209.6,75.5,4.42,1.27,2.61,Normal
5223.0,76.6,4.28,1.21,2.66,Normal
5212.9,108.6,3.4,2.05,3.31,Overheating
4905.3,93.7,2.47,2.17,2.78,Low Oil Pressure
4660.4,82.2,4.1,1.95,3.94,Performance Degradation
4711.7,92.7,3.65,5.23,2.96,Bearing Degradation
4696.4,90.2,3.44,5.92,2.96,Bearing Degradation
4549.5,84.0,3.79,2.26,3.51,Performance Degradation
5298.5,77.2,4.33,1.31,2.76,Normal
5168.2,107.3,3.52,1.8,3.24,Overheating
4460.9,85.4,3.85,2.26,3.54,Performance Degradation
5184.8,75.3,4.25,1.24,2.69,Normal
5218.6,79.4,4.21,1.5,2.58,Normal
5278.1,95.5,3.85,1.6,3.12,Overheating
5263.8,105.2,3.58,1.89,3.35,Overheating
4899.8,89.0,2.47,2.46,2.88,Low Oil Pressure
5386.5,108.8,3.56,1.87,3.4,Overheating
5147.3,77.0,4.36,1.09,2.73,Normal
5185.5,74.1,4.31,1.11,2.69,Normal
4794.7,90.9,2.47,2.12,2.98,Low Oil Pressure
5206.6,78.8,4.44,1.18,2.64,Normal
4708.0,85.3,3.58,4.94,2.97,Bearing Degradation
5118.9,77.3,4.34,1.22,2.74,Normal
4915.3,94.9,2.21,2.6,2.9,Low Oil Pressure
4669.1,84.0,4.01,2.14,3.67,Performance Degradation
5196.0,77.2,4.35,0.97,2.69,Normal
4848.7,93.9,2.43,2.58,2.99,Low Oil Pressure
5181.6,77.2,4.24,1.28,2.7,Normal
5226.0,100.6,3.77,1.59,3.29,Overheating
4891.5,91.8,2.17,2.59,2.92,Low Oil Pressure
5268.3,114.5,3.2,2.07,3.54,Overheating
4542.5,84.0,2.97,4.89,3.26,Bearing Degradation
4876.8,98.2,1.79,2.89,2.87,Low Oil Pressure
5167.7,81.3,4.28,1.05,2.8,Normal
5156.4,81.7,4.47,0.96,2.83,Normal
5283.9,102.8,3.71,1.79,3.22,Overheating
5254.3,77.4,4.37,1.2,2.62,Normal
4635.8,85.4,3.18,4.95,3.16,Bearing Degradation
4600.4,81.2,3.98,2.12,3.6,Performance Degradation
4477.5,89.9,3.07,5.43,3.45,Bearing Degradation
4764.2,82.0,3.76,2.25,3.42,Performance Degradation
5223.3,116.0,3.38,2.0,3.59,Overheating
5195.5,101.6,3.6,1.75,3.21,Overheating
4817.9,80.7,3.47,2.21,3.27,Performance Degradation
4575.1,85.0,4.1,2.08,3.62,Performance Degradation
4445.5,86.5,4.13,1.93,3.63,Performance Degradation
4721.7,91.4,2.39,2.46,2.95,Low Oil Pressure
5342.7,104.8,3.59,1.89,3.27,Overheating
4540.0,91.6,3.38,5.05,3.04,Bearing Degradation
5171.5,114.8,3.34,2.0,3.54,Overheating
5297.9,113.5,3.27,1.79,3.5,Overheating
4967.4,91.4,2.34,2.42,3.11,Low Oil Pressure
5331.2,107.7,3.57,1.81,3.64,Overheating
4753.6,82.2,3.77,2.07,3.8,Performance Degradation
4703.0,93.2,3.08,4.42,2.85,Bearing Degradation
5226.2,107.3,3.4,1.77,3.47,Overheating
4763.7,94.8,2.37,2.24,2.79,Low Oil Pressure
5337.8,110.8,3.55,1.96,3.57,Overheating
4686.7,90.3,3.47,6.04,3.0,Bearing Degradation
5188.4,73.0,4.18,1.04,2.7,Normal
4878.5,96.0,2.26,2.56,2.86,Low Oil Pressure
4935.7,90.3,2.65,2.1,2.96,Low Oil Pressure
4588.9,81.7,4.02,2.07,3.46,Performance Degradation
4550.1,82.9,3.75,2.13,3.92,Performance Degradation
4649.4,88.0,3.39,5.41,3.0,Bearing Degradation
4677.8,91.2,3.38,5.85,3.26,Bearing Degradation
4893.3,90.8,2.55,2.35,2.83,Low Oil Pressure
5261.8,74.1,4.2,1.22,2.78,Normal
4891.6,89.4,2.65,2.06,2.76,Low Oil Pressure
4771.2,86.9,3.08,4.6,3.22,Bearing Degradation
5209.7,79.6,4.44,1.16,2.55,Normal
4528.4,83.0,3.73,2.25,3.65,Performance Degradation
5113.7,76.9,4.41,1.32,2.62,Normal
4670.9,86.9,3.41,5.32,3.02,Bearing Degradation
4875.9,91.6,2.21,2.57,2.81,Low Oil Pressure
5261.4,105.7,3.57,1.81,3.38,Overheating
4657.4,86.4,3.15,4.87,2.88,Bearing Degradation
4629.8,86.8,3.23,5.24,3.24,Bearing Degradation
4680.2,84.0,2.94,5.65,3.35,Bearing Degradation
5255.7,102.6,3.81,1.76,3.31,Overheating
4737.2,87.0,3.88,2.14,3.8,Performance Degradation
5341.5,102.3,3.68,1.58,3.35,Overheating
5293.0,97.5,3.84,1.61,3.42,Overheating
4678.4,91.2,3.38,4.46,3.27,Bearing Degradation
4511.6,90.1,3.29,5.77,3.14,Bearing Degradation
4865.9,92.3,2.39,2.36,2.61,Low Oil Pressure
5194.5,79.0,4.15,1.26,2.59,Normal
5165.2,77.1,4.49,1.2,2.82,Normal
4548.6,82.7,4.25,1.8,3.77,Performance Degradation
4633.3,90.0,3.86,2.2,3.99,Performance Degradation
4664.6,81.6,4.08,1.95,3.64,Performance Degradation
5239.7,104.3,3.69,1.77,3.35,Overheating
4536.8,86.0,3.45,4.88,3.02,Bearing Degradation
4744.7,93.1,2.47,2.45,2.82,Low Oil Pressure
4797.8,82.7,3.95,2.14,3.9,Performance Degradation
4771.2,89.9,2.3,2.54,2.88,Low Oil Pressure
5252.6,78.4,4.29,1.25,2.61,Normal
5175.2,77.3,4.26,1.17,2.72,Normal
5219.4,108.4,3.59,1.86,3.4,Overheating
5170.9,77.0,4.32,1.44,2.65,Normal
4575.5,87.9,3.2,5.05,2.91,Bearing Degradation
4844.3,91.8,2.37,2.38,2.79,Low Oil Pressure
5154.7,78.0,4.22,1.14,2.71,Normal
5256.1,81.6,4.35,1.27,2.8,Normal
5313.2,103.3,3.57,1.93,3.3,Overheating
5269.5,105.5,3.74,1.98,3.39,Overheating
5279.3,107.4,3.54,1.78,3.2,Overheating
4643.7,84.6,3.9,1.91,3.56,Performance Degradation
4874.7,88.5,2.43,2.29,3.01,Low Oil Pressure
4986.8,95.0,2.04,2.6,2.79,Low Oil Pressure
4741.2,84.8,4.21,2.18,3.91,Performance Degradation
4826.4,89.0,2.42,2.25,2.76,Low Oil Pressure
4548.3,83.5,4.0,2.17,3.46,Performance Degradation
5214.8,77.2,4.31,1.36,2.78,Normal
4712.6,83.4,3.83,2.06,3.95,Performance Degradation
5224.2,100.4,3.71,1.63,3.07,Overheating
5267.4,95.5,3.85,1.45,3.0,Overheating
4859.0,90.0,2.5,2.19,2.88,Low Oil Pressure
4464.2,82.5,4.17,1.88,3.66,Performance Degradation
5253.1,105.0,3.58,1.88,3.29,Overheating
4662.2,85.0,3.46,5.1,3.03,Bearing Degradation
5223.2,77.4,4.21,1.19,2.61,Normal
5258.0,103.6,3.59,1.68,3.58,Overheating
5271.3,103.7,3.65,1.77,3.31,Overheating
4667.7,83.6,3.22,5.89,2.88,Bearing Degradation
4568.3,80.8,3.8,2.29,3.53,Performance Degradation
5201.3,77.3,4.09,1.17,2.8,Normal
4557.7,82.7,3.46,2.11,3.76,Performance Degradation
5246.3,82.0,4.33,1.27,2.57,Normal
5355.9,112.3,3.46,1.9,3.49,Overheating
5188.1,82.0,4.48,1.39,2.76,Normal
4633.9,83.2,3.33,6.6,2.94,Bearing Degradation
4826.3,93.0,2.28,2.65,2.83,Low Oil Pressure
5166.1,76.0,4.35,1.36,2.79,Normal
4950.4,96.5,2.19,2.38,3.08,Low Oil Pressure
4689.0,90.3,3.04,5.25,3.01,Bearing Degradation
5210.5,76.9,4.29,1.29,2.63,Normal
4900.5,88.8,2.65,2.09,3.03,Low Oil Pressure
4518.8,81.3,3.91,2.25,3.5,Performance Degradation
4836.2,91.1,2.3,2.44,3.02,Low Oil Pressure
4581.5,82.4,4.04,1.8,3.76,Performance Degradation
4567.4,82.4,4.04,2.01,3.88,Performance Degradation
5202.6,76.7,4.0,1.16,2.88,Normal
4836.8,91.0,2.47,2.54,3.01,Low Oil Pressure
4896.4,88.5,2.58,2.18,2.86,Low Oil Pressure
4636.6,79.5,4.17,2.27,3.27,Performance Degradation
5110.1,79.2,4.19,1.19,2.6,Normal
5216.7,80.0,4.34,1.25,2.67,Normal
4765.8,94.8,2.24,2.54,2.8,Low Oil Pressure
4714.1,84.1,3.69,1.95,3.43,Performance Degradation
4543.8,84.6,3.36,5.33,3.3,Bearing Degradation
4902.9,92.9,2.36,2.23,2.79,Low Oil Pressure
5261.4,110.6,3.35,1.66,3.38,Overheating
4854.9,91.9,2.08,2.87,2.63,Low Oil Pressure
5284.9,103.0,3.72,1.74,3.45,Overheating
4488.5,85.9,3.27,5.67,3.11,Bearing Degradation
5248.7,102.1,3.74,1.75,3.36,Overheating
4764.4,96.9,1.94,2.84,2.97,Low Oil Pressure
4784.9,91.6,2.55,2.41,3.0,Low Oil Pressure
4554.0,91.2,3.25,5.23,3.14,Bearing Degradation
5236.2,103.5,3.71,1.71,3.6,Overheating
5315.9,110.7,3.59,1.73,3.54,Overheating
5206.5,105.4,3.53,1.82,3.38,Overheating
4777.9,88.4,3.28,4.4,3.2,Bearing Degradation
5196.8,73.1,4.32,1.1,2.79,Normal
4892.5,95.3,2.04,2.76,3.07,Low Oil Pressure
5204.9,76.5,4.41,1.33,2.58,Normal
5209.0,80.1,4.14,1.1,2.69,Normal
5303.7,102.5,3.6,1.66,3.2,Overheating
5216.2,101.8,3.74,1.7,3.28,Overheating
5369.0,111.7,3.4,2.08,3.58,Overheating
5231.9,77.5,4.42,1.14,2.88,Normal
4808.5,93.7,2.34,2.37,2.82,Low Oil Pressure
5287.5,99.6,3.76,1.84,3.16,Overheating
4874.8,92.7,2.39,2.57,2.83,Low Oil Pressure
4826.6,92.5,2.26,2.64,2.86,Low Oil Pressure
5284.7,78.2,4.21,1.24,2.68,Normal
5198.9,77.2,4.27,1.1,2.59,Normal
5262.5,107.1,3.55,2.0,3.39,Overheating
5220.7,75.4,4.23,1.06,2.68,Normal
5296.9,107.3,3.66,1.86,3.53,Overheating
4941.6,93.8,2.26,2.43,3.06,Low Oil Pressure
5232.7,77.8,4.16,1.02,2.61,Normal
4562.9,86.0,3.98,2.26,3.69,Performance Degradation
4619.5,88.4,3.22,4.59,3.15,Bearing Degradation
4692.2,82.0,3.85,1.91,3.47,Performance Degradation
4858.9,89.7,3.48,4.57,3.17,Bearing Degradation
5246.4,114.6,3.37,2.03,3.75,Overheating
4584.2,80.8,3.75,2.07,3.61,Performance Degradation
5362.3,106.0,3.59,1.87,3.4,Overheating
5087.5,76.8,4.33,1.23,2.66,Normal
4576.7,90.1,3.44,5.16,3.38,Bearing Degradation
5183.6,115.5,3.27,2.06,3.79,Overheating
5367.9,103.2,3.58,1.72,3.29,Overheating
4610.8,84.1,3.83,2.02,3.55,Performance Degradation
4796.1,91.3,2.56,2.28,3.01,Low Oil Pressure
4741.4,89.3,3.26,4.6,3.01,Bearing Degradation
5338.5,75.3,4.16,1.17,2.88,Normal
5224.4,78.9,4.32,1.14,2.62,Normal
4559.2,84.8,3.48,5.76,3.07,Bearing Degradation
4660.7,84.4,3.12,4.48,3.2,Bearing Degradation
5244.9,106.5,3.49,1.76,3.43,Overheating
4820.6,83.9,3.93,2.31,3.54,Performance Degradation
4582.5,82.7,3.82,2.04,3.75,Performance Degradation
4821.8,95.0,2.28,2.58,3.01,Low Oil Pressure
4635.4,81.6,3.78,2.12,3.62,Performance Degradation
5297.8,103.3,3.65,1.98,3.35,Overheating
5229.1,76.0,4.35,1.08,2.61,Normal
4715.0,90.2,3.16,4.96,3.04,Bearing Degradation
4581.9,92.1,3.16,4.99,3.2,Bearing Degradation
5313.1,106.3,3.43,1.81,3.39,Overheating
4578.6,84.9,3.12,6.27,3.28,Bearing Degradation
4579.7,85.7,3.23,5.38,3.2,Bearing Degradation
4584.4,85.1,3.76,2.28,3.53,Performance Degradation
4685.4,82.2,3.85,2.28,3.61,Performance Degradation
4859.4,91.9,2.44,2.57,3.02,Low Oil Pressure
4513.6,90.0,3.1,5.09,3.03,Bearing Degradation
4617.5,88.1,3.41,6.65,3.04,Bearing Degradation
5315.1,101.7,3.61,1.7,3.24,Overheating
4630.6,88.2,3.83,2.06,3.97,Performance Degradation
5342.7,102.2,3.66,1.99,3.36,Overheating
5202.8,109.1,3.56,2.0,3.37,Overheating
5111.5,80.1,4.37,1.26,2.7,Normal
4655.9,80.4,3.51,1.98,3.78,Performance Degradation
5210.3,103.7,3.55,1.8,3.25,Overheating
5279.4,108.0,3.58,1.65,3.37,Overheating
5190.3,78.3,4.32,1.43,2.6,Normal
4698.9,95.0,3.06,4.99,3.0,Bearing Degradation
5194.2,76.8,4.18,1.28,2.67,Normal
4693.8,88.8,3.2,5.66,3.23,Bearing Degradation
4835.4,81.5,3.9,2.11,3.93,Performance Degradation
5276.6,110.9,3.55,1.89,3.49,Overheating
4843.8,89.1,2.36,2.5,2.86,Low Oil Pressure
4763.7,93.1,2.14,2.59,2.77,Low Oil Pressure
5202.2,79.2,4.38,1.2,2.72,Normal
4593.2,90.1,3.16,5.76,2.97,Bearing Degradation
5139.3,75.9,4.3,1.24,2.72,Normal
4514.7,84.7,3.33,5.82,2.89,Bearing Degradation
4714.2,92.2,3.17,5.58,3.09,Bearing Degradation
5304.2,77.3,4.06,1.34,2.57,Normal
4527.4,87.5,3.88,2.02,3.77,Performance Degradation
5132.4,78.8,4.34,1.3,2.71,Normal
5178.8,73.7,4.23,1.2,2.54,Normal
4514.5,85.0,3.78,1.84,3.56,Performance Degradation
4764.6,86.5,3.79,2.15,3.62,Performance Degradation
4692.5,87.3,3.39,5.75,3.1,Bearing Degradation
4703.8,84.3,3.9,2.15,3.46,Performance Degradation
4679.9,86.1,4.08,2.17,3.48,Performance Degradation
4678.4,84.1,3.83,2.02,3.61,Performance Degradation
4795.8,92.0,2.49,2.33,2.87,Low Oil Pressure
4663.1,80.6,3.72,2.6,3.47,Performance Degradation
4676.9,87.4,3.34,4.99,3.24,Bearing Degradation
4776.1,93.8,2.38,2.44,2.87,Low Oil Pressure
4891.7,92.3,2.36,2.51,3.06,Low Oil Pressure
5391.1,110.5,3.55,1.96,3.63,Overheating
4822.8,93.4,2.54,2.3,2.86,Low Oil Pressure
4576.9,89.2,3.33,6.03,3.28,Bearing Degradation
4902.6,91.6,2.2,2.79,2.89,Low Oil Pressure
5238.8,75.8,4.34,1.43,2.72,Normal
4665.2,82.3,3.91,2.2,3.73,Performance Degradation
5189.8,74.3,4.29,1.3,2.67,Normal
4756.7,87.0,3.39,4.23,3.08,Bearing Degradation
4680.6,83.9,3.86,2.14,3.47,Performance Degradation
4677.7,85.1,4.07,2.41,3.75,Performance Degradation
4776.6,93.3,2.16,2.96,3.01,Low Oil Pressure
4852.9,89.4,2.36,2.57,2.93,Low Oil Pressure
4675.6,89.5,3.28,5.38,2.98,Bearing Degradation
5152.7,101.7,3.76,1.65,3.19,Overheating
5268.5,77.7,4.43,0.8,2.83,Normal
4638.4,88.4,3.09,5.41,2.93,Bearing Degradation
5225.0,76.8,4.44,1.13,2.83,Normal
5182.3,77.2,4.2,1.21,2.72,Normal
4900.7,88.7,2.65,2.28,3.03,Low Oil Pressure
5215.4,111.6,3.4,1.84,3.56,Overheating
5251.0,95.5,3.85,1.54,3.08,Overheating
4817.9,91.7,2.24,2.31,2.95,Low Oil Pressure
4665.1,91.6,3.3,4.19,3.32,Bearing Degradation
5240.5,78.8,4.19,1.09,2.86,Normal
4469.2,85.9,3.84,2.32,3.5,Performance Degradation
5186.1,79.7,4.34,1.32,2.68,Normal
4858.3,94.0,2.35,2.28,3.05,Low Oil Pressure
4568.0,89.5,2.89,4.8,3.03,Bearing Degradation
5314.8,109.2,3.36,1.79,3.51,Overheating
5216.9,80.5,4.27,1.02,2.7,Normal
4609.1,91.9,3.33,4.45,3.05,Bearing Degradation
4685.0,84.9,3.86,1.74,3.43,Performance Degradation
5305.6,110.0,3.44,1.8,3.4,Overheating
4666.5,85.2,3.91,1.93,3.31,Performance Degradation
4700.9,93.1,3.06,4.74,3.23,Bearing Degradation
4755.9,84.3,3.47,3.83,3.01,Bearing Degradation
4832.9,90.3,2.0,2.87,2.81,Low Oil Pressure
5341.2,110.6,3.44,1.8,3.42,Overheating
4591.5,88.3,2.83,4.95,2.94,Bearing Degradation
5346.0,105.2,3.55,1.84,3.35,Overheating
4794.1,90.4,2.54,2.41,3.06,Low Oil Pressure
5168.8,79.0,4.15,1.28,2.78,Normal
5249.8,100.6,3.67,1.93,3.3,Overheating
5289.1,100.1,3.72,1.69,3.31,Overheating
5219.0,112.5,3.3,1.88,3.6,Overheating
4552.9,85.2,4.07,2.22,3.7,Performance Degradation
4797.9,92.9,3.26,4.42,3.04,Bearing Degradation
4796.6,92.6,2.29,2.63,3.05,Low Oil Pressure
5189.6,78.0,4.14,1.33,2.72,Normal
5192.2,77.8,4.18,1.23,2.58,Normal
4679.1,84.5,3.78,2.36,3.37,Performance Degradation
4830.6,92.2,2.33,2.62,2.8,Low Oil Pressure
4680.0,90.9,3.29,5.25,3.2,Bearing Degradation
4652.1,86.0,3.73,2.18,3.85,Performance Degradation
4612.7,89.3,3.42,4.18,3.06,Bearing Degradation
4728.1,87.8,3.36,4.11,3.14,Bearing Degradation
5149.2,77.4,4.24,1.23,2.71,Normal
5267.6,78.5,4.24,1.22,2.68,Normal
4688.5,86.9,3.6,2.07,3.64,Performance Degradation
4462.9,91.3,3.17,5.14,3.03,Bearing Degradation
4590.7,84.0,3.7,2.05,3.66,Performance Degradation
5333.4,113.1,3.42,1.97,3.46,Overheating
5256.8,74.8,4.26,1.3,2.72,Normal
5189.7,104.2,3.7,1.85,3.41,Overheating
5265.1,81.5,4.37,1.1,2.71,Normal
5144.5,74.3,4.37,1.35,2.6,Normal
4601.4,79.7,3.87,1.89,3.7,Performance Degradation
4541.8,92.3,3.34,4.89,3.03,Bearing Degradation
4597.4,85.9,3.97,2.04,3.57,Performance Degradation
5213.9,78.8,4.17,0.96,2.65,Normal
5301.2,101.4,3.64,1.93,3.33,Overheating
5294.2,109.4,3.46,1.76,3.38,Overheating
4873.6,89.1,3.24,4.23,3.06,Bearing Degradation
5290.7,107.4,3.49,1.83,3.48,Overheating
4759.1,91.6,2.36,2.56,3.0,Low Oil Pressure
5239.7,77.6,4.4,1.1,2.66,Normal
5262.6,79.0,4.26,1.16,2.67,Normal
5190.6,76.0,4.37,1.44,2.62,Normal
4666.8,85.0,3.64,2.17,3.9,Performance Degradation
5450.0,107.6,3.62,1.88,3.41,Overheating
4904.8,92.6,1.95,2.38,2.98,Low Oil Pressure
4661.4,87.3,3.09,4.05,3.3,Bearing Degradation
5146.2,77.8,4.33,1.49,2.78,Normal
5155.5,80.8,4.23,1.24,2.67,Normal
4691.1,89.9,3.16,5.36,3.13,Bearing Degradation
5224.6,78.7,4.43,1.2,2.72,Normal
5244.9,102.0,3.66,1.87,3.34,Overheating
4708.8,86.8,3.37,4.59,3.28,Bearing Degradation
4559.1,87.5,3.92,2.18,3.6,Performance Degradation
4707.9,89.3,3.38,4.25,3.19,Bearing Degradation
4898.7,91.4,2.49,2.68,2.88,Low Oil Pressure
4896.8,88.4,2.53,2.52,3.06,Low Oil Pressure
5163.6,76.9,4.43,1.19,2.58,Normal
4487.7,86.1,4.1,2.01,3.83,Performance Degradation
5190.6,78.3,4.41,1.06,2.69,Normal
5312.3,106.0,3.54,1.89,3.5,Overheating
5270.6,101.2,3.61,1.71,3.15,Overheating
4682.8,89.1,3.17,4.69,3.28,Bearing Degradation
5145.0,78.7,4.2,1.2,2.77,Normal
4615.8,88.6,3.38,5.01,3.23,Bearing Degradation
5253.1,78.8,4.26,1.26,2.66,Normal
4582.0,86.9,2.93,4.33,2.97,Bearing Degradation
4604.7,89.3,3.57,5.45,3.16,Bearing Degradation
5313.1,102.5,3.66,1.84,3.39,Overheating
5272.6,96.0,3.85,1.51,3.06,Overheating
4650.2,87.4,3.88,2.17,3.92,Performance Degradation
5198.8,76.9,4.44,1.41,2.67,Normal
4721.3,91.3,2.24,2.58,2.9,Low Oil Pressure
5109.9,108.5,3.38,2.11,3.59,Overheating
5238.2,76.4,4.28,1.25,2.88,Normal
5250.3,104.9,3.55,1.86,3.57,Overheating
4724.2,87.3,4.09,2.6,3.62,Performance Degradation
5231.3,78.6,4.19,1.22,2.69,Normal
4689.8,85.5,3.97,2.22,3.94,Performance Degradation
4891.2,94.1,2.27,2.41,2.92,Low Oil Pressure
5184.9,78.8,4.22,1.42,2.69,Normal
5253.1,116.8,3.37,1.88,3.6,Overheating
4528.0,83.8,4.04,1.98,3.75,Performance Degradation
4659.3,88.0,3.51,4.06,2.92,Bearing Degradation
4528.9,83.3,4.01,2.27,3.43,Performance Degradation
5282.5,113.6,3.39,1.96,3.63,Overheating
4749.0,89.4,3.27,4.73,3.02,Bearing Degradation
5159.0,95.5,3.83,1.5,3.22,Overheating
5239.8,80.4,4.37,1.3,2.81,Normal
4791.0,88.5,3.0,3.7,3.17,Bearing Degradation
4671.6,84.7,3.59,2.12,3.7,Performance Degradation
4934.6,93.1,2.17,2.48,2.58,Low Oil Pressure
5218.3,75.9,4.35,0.99,2.56,Normal
5173.3,76.2,4.15,1.19,2.74,Normal
5244.3,103.0,3.59,1.77,3.32,Overheating
5123.3,77.1,4.27,1.26,2.7,Normal
4712.1,84.1,3.1,5.37,2.95,Bearing Degradation
4718.4,88.0,3.27,5.19,2.98,Bearing Degradation
4550.9,88.9,3.43,4.52,2.92,Bearing Degradation
5217.7,105.1,3.65,1.66,3.42,Overheating
4733.0,86.9,3.7,2.28,3.89,Performance Degradation
4547.1,86.0,3.81,2.22,3.7,Performance Degradation
4587.1,84.9,3.53,5.64,2.94,Bearing Degradation
4840.8,93.8,2.27,2.53,2.75,Low Oil Pressure
5224.4,112.5,3.49,1.98,3.58,Overheating
4839.8,96.0,2.51,2.42,3.3,Low Oil Pressure
5130.0,78.5,4.36,1.17,2.84,Normal
5383.1,106.6,3.43,1.68,3.18,Overheating
4618.9,83.4,3.58,2.43,3.73,Performance Degradation
4611.7,86.9,2.92,4.35,3.16,Bearing Degradation
4553.5,85.6,3.31,6.16,3.35,Bearing Degradation
5243.2,79.0,4.31,1.35,2.5,Normal
4897.4,88.9,2.54,2.19,2.96,Low Oil Pressure
4752.9,84.0,3.91,2.25,3.52,Performance Degradation
5273.3,99.3,3.77,1.4,3.12,Overheating
5190.4,81.2,4.33,1.48,2.65,Normal
4480.1,84.5,3.82,2.03,3.69,Performance Degradation
4778.6,89.7,3.24,4.11,3.34,Bearing Degradation
4538.3,84.5,3.9,2.14,3.72,Performance Degradation
4583.5,88.3,3.82,1.84,3.85,Performance Degradation
4587.3,88.5,3.86,2.15,3.69,Performance Degradation
5203.7,78.9,4.29,1.22,2.58,Normal
5254.3,108.4,3.48,1.93,3.6,Overheating
5268.5,75.5,4.39,1.08,2.62,Normal
4926.8,91.9,2.21,2.35,2.75,Low Oil Pressure
5360.2,104.3,3.57,1.89,3.35,Overheating
4842.0,92.6,2.37,2.24,2.89,Low Oil Pressure
4722.5,90.8,3.23,5.05,3.1,Bearing Degradation
4882.2,92.8,2.52,2.43,2.7,Low Oil Pressure
5259.8,101.9,3.63,1.88,3.28,Overheating
5210.1,76.9,4.25,1.17,2.75,Normal
5176.1,76.9,4.35,1.08,2.75,Normal
4768.4,94.6,2.22,2.56,3.02,Low Oil Pressure
4665.8,82.7,3.67,1.94,3.69,Performance Degradation
4697.8,88.5,3.19,5.59,3.12,Bearing Degradation
5291.0,97.5,3.68,1.45,3.26,Overheating
5299.6,110.7,3.55,2.03,3.59,Overheating
5279.8,80.9,4.47,1.2,2.65,Normal
4748.1,87.9,3.21,4.64,3.05,Bearing Degradation
4825.5,85.8,3.69,1.85,4.06,Performance Degradation
5163.2,78.9,4.42,1.15,2.84,Normal
5205.4,109.3,3.53,1.75,3.31,Overheating
5208.8,77.4,4.22,0.95,2.75,Normal
4717.7,84.9,3.88,1.94,3.67,Performance Degradation
4637.1,87.1,3.88,2.13,3.55,Performance Degradation
5238.3,77.5,4.45,1.18,2.57,Normal
5195.3,102.0,3.82,1.95,3.23,Overheating
4598.8,86.8,3.92,2.07,3.82,Performance Degradation
4530.9,82.8,4.02,2.0,3.81,Performance Degradation
5321.6,101.8,3.81,1.75,3.43,Overheating
4939.4,92.8,2.19,2.21,2.94,Low Oil Pressure
4782.5,93.0,2.37,2.37,2.88,Low Oil Pressure
5246.0,75.7,4.38,1.11,2.78,Normal
5265.4,102.4,3.75,1.88,3.29,Overheating
4625.0,88.7,3.04,4.5,3.26,Bearing Degradation
5213.9,77.0,4.26,1.15,2.69,Normal
5222.9,107.8,3.49,1.77,3.52,Overheating
4844.4,88.9,2.45,2.61,2.79,Low Oil Pressure
4620.2,84.7,3.86,2.0,3.9,Performance Degradation
4842.0,87.1,2.65,1.81,2.62,Low Oil Pressure
4755.4,91.7,2.04,2.73,2.91,Low Oil Pressure
4617.3,83.5,4.08,2.32,3.56,Performance Degradation
4800.2,90.1,2.61,2.42,2.77,Low Oil Pressure
4730.9,80.1,4.13,1.91,3.5,Performance Degradation
4579.6,89.1,3.17,4.97,3.23,Bearing Degradation
4597.2,88.3,3.0,5.61,3.31,Bearing Degradation
4713.7,81.2,3.88,2.11,3.83,Performance Degradation
5202.3,103.7,3.62,1.8,3.33,Overheating
4524.4,85.9,4.0,2.37,3.52,Performance Degradation
5138.4,73.9,4.35,1.4,2.75,Normal
5196.3,78.9,4.42,1.06,2.72,Normal
5198.0,108.6,3.48,1.89,3.5,Overheating
5276.6,75.5,4.31,1.26,2.73,Normal
4701.7,87.1,3.44,5.59,3.0,Bearing Degradation
4807.9,91.5,2.4,2.3,2.87,Low Oil Pressure
4569.9,80.6,3.94,2.03,3.76,Performance Degradation
4827.0,88.1,2.34,2.23,3.0,Low Oil Pressure
5244.3,82.4,4.44,1.13,2.81,Normal
4627.3,78.0,3.58,2.26,3.48,Performance Degradation
4588.1,80.3,4.0,2.1,3.38,Performance Degradation
4866.8,98.1,2.35,2.4,2.77,Low Oil Pressure
4728.3,78.0,3.86,1.92,3.88,Performance Degradation
5222.7,103.9,3.74,1.71,3.34,Overheating
4684.9,83.0,3.76,2.01,3.65,Performance Degradation
5243.9,104.8,3.66,1.57,3.41,Overheating
4501.0,83.8,3.68,2.25,4.07,Performance Degradation
5175.9,80.0,4.34,1.36,2.74,Normal
5174.6,76.7,4.27,1.19,2.69,Normal
4589.4,80.9,3.73,2.2,3.71,Performance Degradation
4678.4,86.4,3.27,4.83,2.84,Bearing Degradation
4550.7,84.8,4.17,2.09,3.63,Performance Degradation
4659.8,85.0,3.99,2.41,3.36,Performance Degradation
4592.1,84.6,3.86,2.08,3.72,Performance Degradation
5237.4,76.4,4.25,1.09,2.64,Normal
5328.7,107.9,3.48,1.81,3.44,Overheating
5263.8,108.5,3.54,1.67,3.54,Overheating
5281.3,100.6,3.59,1.82,3.24,Overheating
5237.0,80.1,4.22,1.03,2.67,Normal
5173.0,78.4,4.46,0.96,2.57,Normal
4627.8,81.8,3.91,2.14,3.55,Performance Degradation
4682.8,83.5,3.82,1.93,3.79,Performance Degradation
5408.8,113.0,3.29,1.84,3.62,Overheating
4636.2,83.8,3.96,2.05,3.93,Performance Degradation
4553.2,91.6,3.24,7.2,3.06,Bearing Degradation
5249.9,78.8,4.36,1.19,2.68,Normal
4768.6,96.0,2.06,2.72,2.91,Low Oil Pressure
5345.4,105.6,3.79,1.75,3.6,Overheating
4698.4,86.4,3.92,2.18,3.57,Performance Degradation
5278.2,104.8,3.63,1.67,3.44,Overheating
4657.5,91.4,3.17,4.43,3.1,Bearing Degradation
4722.5,86.2,3.72,1.96,3.42,Performance Degradation
4517.0,88.2,3.24,4.74,3.21,Bearing Degradation
5197.8,104.1,3.62,1.93,3.29,Overheating
4712.2,80.9,3.94,2.15,3.72,Performance Degradation
4971.4,94.0,2.6,2.19,2.72,Low Oil Pressure
5215.2,78.3,4.21,1.33,2.73,Normal
4555.9,90.5,3.44,5.7,3.18,Bearing Degradation
5127.4,77.6,4.42,1.43,2.74,Normal
4627.5,83.4,3.68,2.19,4.04,Performance Degradation
4965.4,92.4,2.42,2.42,2.86,Low Oil Pressure
5151.8,80.1,4.24,1.1,2.77,Normal
4573.0,85.2,3.32,4.77,2.97,Bearing Degradation
5372.0,95.5,3.85,1.42,3.06,Overheating
4806.6,92.8,2.15,2.59,3.03,Low Oil Pressure
4758.5,91.8,3.35,6.0,3.32,Bearing Degradation
5286.7,106.0,3.7,1.88,3.53,Overheating
5025.3,89.6,2.34,2.62,2.94,Low Oil Pressure
4450.0,89.2,3.19,5.15,3.38,Bearing Degradation
4945.8,88.7,2.49,2.37,2.93,Low Oil Pressure
4672.8,88.8,3.43,4.96,2.89,Bearing Degradation
5278.7,78.9,4.31,1.34,2.77,Normal
5279.0,80.3,4.19,1.1,2.78,Normal
4566.2,80.8,3.98,2.09,3.56,Performance Degradation
5230.3,77.0,4.4,1.39,2.82,Normal
5244.2,80.7,4.28,1.1,2.81,Normal
5307.5,105.1,3.5,1.72,3.3,Overheating
5200.5,78.1,4.19,1.07,2.67,Normal
5163.3,77.8,4.28,1.22,2.8,Normal
5191.4,111.2,3.4,2.1,3.42,Overheating
4903.6,94.5,2.28,2.28,2.77,Low Oil Pressure
5317.1,108.7,3.52,1.69,3.42,Overheating
4744.8,82.9,3.83,2.15,3.55,Performance Degradation
4608.1,92.2,2.9,5.53,3.07,Bearing Degradation
4702.1,86.8,3.75,2.4,3.59,Performance Degradation
5233.2,79.9,4.3,1.24,2.74,Normal
5132.3,75.9,4.35,1.21,2.61,Normal
5217.2,75.7,4.29,1.1,2.68,Normal
4561.2,85.9,4.05,2.27,4.2,Performance Degradation
4631.8,88.0,3.27,3.71,3.06,Bearing Degradation
5208.6,75.0,4.36,1.16,2.67,Normal
4463.3,86.5,3.02,4.99,3.06,Bearing Degradation
4623.7,85.6,3.74,1.78,4.03,Performance Degradation
4732.8,83.1,3.46,2.2,3.26,Performance Degradation
5213.6,80.9,4.35,1.08,2.76,Normal
5339.2,113.3,3.32,1.95,3.6,Overheating
4574.2,86.6,3.84,1.81,3.56,Performance Degradation
5234.0,108.2,3.58,2.0,3.36,Overheating
4836.2,92.3,2.39,2.52,3.08,Low Oil Pressure
4808.0,90.9,2.35,2.49,2.9,Low Oil Pressure
4683.2,84.3,3.83,2.08,3.64,Performance Degradation
4854.4,91.6,2.08,2.77,2.98,Low Oil Pressure
4674.8,84.3,3.73,1.98,4.06,Performance Degradation
5285.8,102.5,3.65,1.71,3.22,Overheating
5335.9,113.8,3.45,2.15,3.58,Overheating
4515.6,87.7,3.2,5.44,2.81,Bearing Degradation
4858.6,89.1,2.65,2.16,2.78,Low Oil Pressure
4510.6,82.9,4.24,2.2,4.19,Performance Degradation
4604.2,86.4,3.65,1.98,3.61,Performance Degradation
4653.5,88.0,4.06,2.01,3.53,Performance Degradation
4753.7,90.4,2.31,2.27,3.0,Low Oil Pressure
5217.7,109.8,3.45,1.81,3.32,Overheating
4840.2,94.3,1.88,2.79,2.81,Low Oil Pressure
5147.9,97.5,3.73,1.68,3.18,Overheating
4526.3,88.6,3.19,5.82,3.09,Bearing Degradation
4681.0,83.3,3.24,5.1,3.26,Bearing Degradation
5276.1,100.7,3.78,1.47,3.31,Overheating
5217.8,78.7,4.25,1.28,2.69,Normal
4653.8,84.3,3.34,5.05,3.06,Bearing Degradation
4824.9,96.0,2.25,2.39,3.04,Low Oil Pressure
5188.8,79.1,4.29,1.11,2.71,Normal
5161.1,80.5,4.33,1.26,2.63,Normal
5181.5,80.0,4.26,1.29,2.68,Normal
5318.5,77.1,4.33,0.91,2.8,Normal
4644.5,84.1,3.21,3.7,3.2,Bearing Degradation
4792.6,92.6,3.39,3.75,3.35,Bearing Degradation
4565.5,83.0,3.85,2.19,3.38,Performance Degradation
5319.6,104.9,3.61,1.85,3.36,Overheating
5228.2,101.6,3.62,1.65,3.46,Overheating
4811.6,95.0,2.06,2.47,3.0,Low Oil Pressure
4782.4,97.7,2.0,2.43,2.81,Low Oil Pressure
5285.9,79.9,4.16,1.05,2.66,Normal
4857.8,89.2,2.39,2.43,2.85,Low Oil Pressure
4667.1,81.4,3.83,1.84,3.46,Performance Degradation
5070.7,77.7,4.4,1.16,2.68,Normal
4941.6,93.7,2.2,2.6,2.95,Low Oil Pressure
5168.8,75.6,4.19,1.15,2.63,Normal
4647.7,81.7,3.94,2.07,3.5,Performance Degradation
5184.6,78.5,4.35,1.24,2.69,Normal
5243.2,109.4,3.58,1.73,3.48,Overheating
4669.5,80.2,3.91,2.34,4.19,Performance Degradation
5173.9,78.4,4.1,1.45,2.74,Normal
5172.9,82.6,4.36,1.19,2.75,Normal
4883.1,92.6,2.23,2.52,2.82,Low Oil Pressure
5186.1,75.8,4.34,1.5,2.67,Normal
5219.4,107.5,3.46,1.98,3.44,Overheating
4829.6,94.0,2.38,2.16,3.18,Low Oil Pressure
5178.1,76.3,4.34,1.17,2.68,Normal
4615.9,81.9,3.81,2.06,3.82,Performance Degradation
5173.3,83.0,4.37,1.35,2.78,Normal
4624.5,83.0,4.01,1.82,3.85,Performance Degradation
4861.7,92.9,2.41,2.47,2.92,Low Oil Pressure
4841.0,91.2,3.21,3.72,2.85,Bearing Degradation
4885.7,87.7,2.64,2.2,2.72,Low Oil Pressure
5208.8,76.5,4.22,1.25,2.68,Normal
4867.6,93.5,2.1,2.48,3.03,Low Oil Pressure
4828.3,84.9,3.52,5.24,3.22,Bearing Degradation
5230.7,74.4,4.11,1.39,2.77,Normal
4580.1,83.8,3.77,1.97,3.52,Performance Degradation
4857.9,92.4,2.65,2.38,2.92,Low Oil Pressure
5209.5,102.3,3.6,1.75,3.34,Overheating
4546.1,83.1,3.95,2.06,3.52,Performance Degradation
4617.8,84.9,3.7,2.36,3.69,Performance Degradation
5237.1,78.5,4.35,1.05,2.72,Normal
5208.4,78.5,4.31,1.09,2.69,Normal
5155.2,102.0,3.58,1.53,3.32,Overheating
5219.3,79.2,4.27,1.19,2.53,Normal
5257.9,100.5,3.78,1.99,3.33,Overheating
4646.1,83.1,3.82,2.03,3.86,Performance Degradation
5211.1,96.7,3.8,1.65,3.11,Overheating
4503.1,86.7,3.44,4.82,3.02,Bearing Degradation
4587.8,90.4,3.18,5.69,3.26,Bearing Degradation
5273.1,104.5,3.74,1.88,3.15,Overheating
4890.3,86.1,2.65,2.2,2.76,Low Oil Pressure
4739.6,88.7,3.8,1.82,3.68,Performance Degradation
5162.2,76.1,4.32,1.45,2.71,Normal
4639.7,79.5,3.89,1.87,3.44,Performance Degradation
5199.7,80.6,4.15,1.12,2.57,Normal
5228.7,80.0,4.43,1.17,2.64,Normal
5217.0,77.0,4.43,1.41,2.73,Normal
5264.6,100.9,3.76,1.68,3.2,Overheating
4594.3,90.7,3.56,4.95,3.13,Bearing Degradation
5208.7,78.9,4.29,1.19,2.72,Normal
4600.2,85.6,3.07,4.49,3.19,Bearing Degradation
5195.1,74.2,4.15,1.08,2.68,Normal
5228.0,77.2,4.35,1.25,2.68,Normal
5257.5,101.9,3.63,1.64,3.11,Overheating
4745.4,88.5,3.2,6.05,3.25,Bearing Degradation
4673.2,84.7,4.07,1.69,3.38,Performance Degradation
5165.5,80.9,4.36,1.33,2.68,Normal
5191.1,78.6,4.39,1.32,2.66,Normal
5315.4,106.8,3.62,1.58,3.16,Overheating
4812.6,94.3,2.24,2.51,2.82,Low Oil Pressure
4852.2,91.7,2.39,2.19,2.96,Low Oil Pressure
4761.2,92.2,3.3,5.13,3.16,Bearing Degradation
4653.4,79.2,3.71,2.26,3.75,Performance Degradation
4682.0,90.9,2.94,4.93,3.03,Bearing Degradation
5172.6,77.8,4.34,1.16,2.83,Normal
5269.2,103.8,3.61,1.69,3.46,Overheating
4756.5,89.4,2.65,2.44,2.95,Low Oil Pressure
5244.7,103.3,3.6,1.65,3.37,Overheating
4674.3,83.2,3.95,1.85,3.8,Performance Degradation
4731.7,83.2,3.82,2.13,3.66,Performance Degradation
4754.1,92.4,2.34,2.61,2.78,Low Oil Pressure
4591.8,91.2,3.06,4.61,3.18,Bearing Degradation
4700.7,87.0,3.2,4.39,3.26,Bearing Degradation
4609.0,92.9,3.16,4.57,3.24,Bearing Degradation
4609.1,84.3,3.23,4.84,2.98,Bearing Degradation
4886.7,89.2,2.53,2.43,2.86,Low Oil Pressure
4551.8,90.0,3.65,4.83,3.01,Bearing Degradation
5199.0,102.6,3.56,1.86,3.44,Overheating
5262.1,80.4,4.28,1.06,2.77,Normal
4803.3,92.0,2.26,2.44,3.0,Low Oil Pressure
4771.8,95.3,2.09,2.85,2.82,Low Oil Pressure
4741.9,92.8,2.22,2.74,3.1,Low Oil Pressure
5230.8,102.8,3.58,1.88,3.28,Overheating
4635.4,85.2,3.33,4.11,2.99,Bearing Degradation
4951.1,92.2,2.49,2.49,2.93,Low Oil Pressure
4508.1,88.2,3.97,2.03,3.5,Performance Degradation
5229.5,78.7,4.37,1.12,2.77,Normal
4530.8,89.7,3.24,5.99,3.32,Bearing Degradation
5278.9,102.4,3.68,1.8,3.35,Overheating
5226.7,77.3,4.46,1.18,2.83,Normal
4562.4,86.7,4.11,1.99,3.26,Performance Degradation
5187.9,79.0,4.3,1.11,2.75,Normal
5160.0,80.0,4.15,1.09,2.66,Normal
4474.0,88.7,3.35,4.7,3.27,Bearing Degradation
5222.7,82.0,4.24,1.36,2.69,Normal
4621.2,85.8,3.24,6.62,2.97,Bearing Degradation
4842.0,91.0,2.63,2.36,2.8,Low Oil Pressure
5293.2,104.3,3.66,1.91,3.47,Overheating
4825.0,92.6,2.65,2.08,3.03,Low Oil Pressure
4574.5,88.7,3.21,6.04,3.18,Bearing Degradation
5269.4,102.0,3.64,1.81,3.22,Overheating
4574.2,90.1,3.42,5.64,3.07,Bearing Degradation
4696.6,82.9,4.03,1.9,3.67,Performance Degradation
4899.3,93.0,2.32,2.59,2.91,Low Oil Pressure
4618.8,89.4,3.83,2.29,3.63,Performance Degradation
4585.9,91.4,3.37,5.14,2.84,Bearing Degradation
4769.9,92.0,2.16,2.68,3.0,Low Oil Pressure
4734.5,87.2,3.91,2.16,3.77,Performance Degradation
4639.4,87.3,3.1,5.58,3.34,Bearing Degradation
4658.6,88.1,3.75,2.17,4.0,Performance Degradation
4603.6,83.6,3.89,1.83,3.51,Performance Degradation
4597.1,82.2,4.03,1.93,3.94,Performance Degradation
4764.4,89.7,3.46,4.44,3.05,Bearing Degradation
4692.3,82.0,3.61,2.18,3.74,Performance Degradation
4795.3,92.5,2.99,4.94,3.09,Bearing Degradation
5184.9,81.6,4.38,1.07,2.83,Normal
5249.1,77.6,4.43,0.99,2.82,Normal
5116.9,106.8,3.54,1.84,3.4,Overheating
4578.0,87.3,4.04,1.84,3.72,Performance Degradation
5354.8,100.4,3.84,1.66,3.4,Overheating
5386.1,105.1,3.57,1.9,3.19,Overheating
5179.0,82.2,4.28,1.14,2.77,Normal
5145.4,79.3,4.4,1.03,2.83,Normal
5296.9,102.6,3.58,1.72,3.53,Overheating
5342.3,99.0,3.59,1.76,3.32,Overheating
4988.1,93.3,2.23,2.82,2.69,Low Oil Pressure
4703.0,89.9,3.51,5.47,3.22,Bearing Degradation
5228.0,104.2,3.6,1.91,3.53,Overheating
4793.5,92.7,2.28,2.32,2.87,Low Oil Pressure
4713.0,84.7,3.8,1.94,3.72,Performance Degradation
4675.1,87.1,2.9,4.28,3.25,Bearing Degradation
5172.4,78.8,4.29,1.2,2.74,Normal
4861.5,92.3,2.23,2.64,2.83,Low Oil Pressure
4613.2,87.0,2.92,5.76,3.2,Bearing Degradation
4804.2,90.4,2.65,2.24,2.89,Low Oil Pressure
5222.4,76.9,4.25,1.18,2.63,Normal
4748.4,91.1,2.4,2.46,2.91,Low Oil Pressure
4834.3,86.1,3.18,4.41,3.12,Bearing Degradation
4652.9,85.8,3.18,5.3,3.11,Bearing Degradation
4497.8,95.0,3.16,5.0,3.07,Bearing Degradation
4781.1,84.3,3.96,2.07,3.45,Performance Degradation
4819.8,88.3,2.41,2.67,2.75,Low Oil Pressure
5311.2,100.7,3.61,1.72,3.28,Overheating
5187.3,107.6,3.61,1.93,3.48,Overheating
5209.9,78.7,4.43,1.36,2.63,Normal
4697.6,83.2,3.95,2.11,3.38,Performance Degradation
4646.7,89.5,3.89,2.08,3.86,Performance Degradation
4868.6,94.4,2.33,2.28,2.99,Low Oil Pressure
4729.6,81.7,4.03,2.06,3.68,Performance Degradation
4829.9,92.8,1.83,2.97,2.94,Low Oil Pressure
4750.2,80.8,3.86,1.81,3.71,Performance Degradation
5162.2,78.8,4.29,1.32,2.71,Normal
4683.3,87.1,3.97,2.44,3.82,Performance Degradation
5250.4,79.4,4.41,1.24,2.59,Normal
5198.5,79.2,4.24,1.3,2.76,Normal
4641.5,91.7,3.59,5.51,3.21,Bearing Degradation
4728.3,81.7,3.98,2.16,3.51,Performance Degradation
4850.0,86.0,3.71,2.39,3.73,Performance Degradation
5244.6,107.8,3.59,1.89,3.54,Overheating
5247.3,81.3,4.38,1.28,2.81,Normal
5210.3,97.9,3.85,1.7,3.13,Overheating
4650.7,86.2,3.96,1.8,3.37,Performance Degradation
4744.0,88.5,3.25,4.76,2.95,Bearing Degradation
4946.4,99.2,2.17,2.47,3.23,Low Oil Pressure
4826.7,94.5,2.11,2.68,2.8,Low Oil Pressure
4686.8,89.9,3.28,4.99,3.27,Bearing Degradation
4877.2,88.8,2.49,2.44,2.85,Low Oil Pressure
5238.7,103.7,3.6,1.92,3.39,Overheating
4754.1,91.1,2.61,2.42,2.84,Low Oil Pressure
5227.6,107.4,3.41,1.73,3.65,Overheating
5180.8,102.3,3.6,1.71,3.25,Overheating
5288.3,98.7,3.77,1.51,3.11,Overheating
4610.3,93.3,3.19,4.44,3.11,Bearing Degradation
5182.7,78.9,4.34,1.21,2.79,Normal
4882.7,93.9,2.54,2.35,3.13,Low Oil Pressure
4858.4,90.9,2.39,2.3,2.91,Low Oil Pressure
4879.8,95.7,2.14,2.81,2.89,Low Oil Pressure
5205.7,79.7,4.47,1.27,2.68,Normal
4435.1,84.0,3.85,2.06,3.74,Performance Degradation
5281.1,99.5,3.61,1.6,3.24,Overheating
4679.1,85.7,3.27,5.44,3.15,Bearing Degradation
4886.2,96.8,1.99,2.42,2.88,Low Oil Pressure
4893.9,87.2,2.51,2.06,2.8,Low Oil Pressure
4677.7,91.6,3.44,4.8,3.04,Bearing Degradation
4651.1,84.1,4.15,2.34,3.62,Performance Degradation
4914.9,90.3,2.56,2.31,2.81,Low Oil Pressure
4573.7,90.0,3.24,5.82,3.17,Bearing Degradation
4828.8,88.1,3.12,5.51,2.98,Bearing Degradation
4763.0,82.9,3.32,6.14,3.19,Bearing Degradation
5210.2,101.9,3.73,1.62,3.44,Overheating
4761.3,95.3,1.97,2.74,2.9,Low Oil Pressure
4544.3,93.4,3.51,5.79,3.09,Bearing Degradation
5189.9,73.6,4.25,1.19,2.7,Normal
4673.6,89.2,3.0,4.28,2.93,Bearing Degradation
4620.4,88.0,3.28,5.62,2.91,Bearing Degradation
5234.4,105.6,3.68,1.5,3.37,Overheating
5211.4,78.8,4.2,1.11,2.7,Normal
5156.3,81.0,4.37,1.22,2.66,Normal
5233.4,80.2,4.38,1.17,2.64,Normal
4593.7,83.4,3.93,1.95,3.85,Performance Degradation
4776.9,78.0,4.09,2.06,3.83,Performance Degradation
5213.8,80.8,4.31,1.06,2.73,Normal
5196.0,79.4,4.37,1.31,2.6,Normal
4946.9,90.5,2.14,2.49,3.04,Low Oil Pressure
5294.2,100.1,3.77,1.64,3.33,Overheating
4865.2,91.7,2.42,2.52,2.91,Low Oil Pressure
5230.2,101.3,3.74,1.79,3.36,Overheating
5285.5,101.3,3.81,1.53,3.43,Overheating
5287.8,99.7,3.66,1.79,3.35,Overheating
4700.5,81.8,3.79,2.31,3.34,Performance Degradation
4523.9,86.5,3.88,1.88,3.66,Performance Degradation
4917.7,89.8,2.49,2.73,3.05,Low Oil Pressure
5146.1,112.7,3.32,2.06,3.59,Overheating
4484.6,89.1,2.8,4.94,2.91,Bearing Degradation
5201.4,106.7,3.61,2.01,3.55,Overheating
5219.0,77.9,4.38,1.18,2.86,Normal
4808.3,84.3,3.13,6.21,3.07,Bearing Degradation
5204.4,78.9,4.3,1.35,2.54,Normal
5277.0,75.6,4.19,1.21,2.7,Normal
4719.5,87.7,3.47,3.7,2.9,Bearing Degradation
4576.2,86.8,3.98,1.96,3.79,Performance Degradation
4536.4,88.6,3.31,4.48,3.33,Bearing Degradation
5233.6,75.7,4.18,1.16,2.58,Normal
4617.9,84.2,3.98,2.2,3.68,Performance Degradation
5235.4,110.7,3.47,2.06,3.39,Overheating
4938.7,91.9,2.03,2.46,2.88,Low Oil Pressure
4638.5,87.8,3.97,2.14,3.71,Performance Degradation
4914.3,90.0,2.65,2.32,2.96,Low Oil Pressure
4637.2,90.3,3.62,5.27,3.21,Bearing Degradation
4857.6,85.7,2.56,2.29,2.96,Low Oil Pressure
4635.4,83.3,3.87,2.08,3.71,Performance Degradation
5174.8,77.8,4.26,1.2,2.59,Normal
4852.3,93.5,2.12,2.72,2.8,Low Oil Pressure
5174.7,77.6,4.24,1.1,2.81,Normal
5208.3,78.5,4.33,1.28,2.66,Normal
5242.9,99.4,3.63,1.4,3.53,Overheating
5177.3,79.4,4.47,1.03,2.72,Normal
5303.1,78.9,4.09,1.19,2.69,Normal
4893.5,94.5,2.2,2.41,2.84,Low Oil Pressure
4874.9,95.3,2.29,2.42,2.88,Low Oil Pressure
4766.5,86.3,3.12,6.04,3.14,Bearing Degradation
4654.0,87.4,3.17,4.46,3.14,Bearing Degradation
4824.5,88.5,2.65,1.92,2.93,Low Oil Pressure
5174.7,79.9,4.14,1.13,2.85,Normal
5269.4,100.6,3.64,1.84,3.25,Overheating
4556.7,92.7,3.44,4.28,3.26,Bearing Degradation
4782.5,86.7,3.9,1.95,3.57,Performance Degradation
5241.3,75.8,4.28,1.29,2.68,Normal
4754.8,90.2,2.51,2.44,2.85,Low Oil Pressure
4740.4,91.1,2.37,2.34,3.06,Low Oil Pressure
5234.2,76.1,4.33,1.14,2.61,Normal
5264.2,108.3,3.5,1.98,3.41,Overheating
5235.5,96.9,3.85,1.73,3.19,Overheating
4527.4,84.9,3.72,2.44,3.69,Performance Degradation
5211.7,77.6,4.24,1.27,2.86,Normal
4689.7,85.5,3.1,5.08,3.16,Bearing Degradation
4815.3,85.1,3.95,2.25,3.9,Performance Degradation
4707.6,79.4,3.9,1.92,3.77,Performance Degradation
4933.9,93.0,2.34,2.44,2.79,Low Oil Pressure
4677.4,90.2,3.25,4.61,2.99,Bearing Degradation
4727.7,83.7,4.02,2.07,3.96,Performance Degradation
4850.7,91.4,2.17,2.51,2.81,Low Oil Pressure
5212.2,105.2,3.6,1.73,3.34,Overheating
5284.4,76.2,4.16,1.03,2.73,Normal
4709.8,96.0,2.14,2.67,2.83,Low Oil Pressure
5218.0,78.9,4.37,1.26,2.74,Normal
4785.4,95.2,2.05,2.8,2.95,Low Oil Pressure
4596.6,92.0,3.18,6.14,3.14,Bearing Degradation
5284.7,77.1,4.08,1.3,2.71,Normal
4630.2,87.7,3.34,6.28,3.33,Bearing Degradation
5252.2,77.5,4.32,1.12,2.72,Normal
4510.3,88.6,3.35,6.7,3.17,Bearing Degradation
4817.0,94.7,2.65,1.86,2.88,Low Oil Pressure
5187.3,77.3,4.19,1.15,2.6,Normal
5276.7,103.9,3.71,1.8,3.44,Overheating
5275.2,99.1,3.85,1.55,3.05,Overheating
4733.9,85.1,3.87,2.34,3.67,Performance Degradation
5133.5,76.4,4.39,1.21,2.78,Normal
5283.5,112.5,3.31,2.0,3.59,Overheating
4564.2,89.4,2.8,5.39,3.18,Bearing Degradation
4637.7,84.5,3.8,1.99,3.45,Performance Degradation
4606.3,91.2,3.4,6.06,3.32,Bearing Degradation
5235.6,104.2,3.6,1.68,3.43,Overheating
5214.4,95.5,3.85,1.4,3.04,Overheating
5189.9,79.8,4.32,1.45,2.73,Normal
5296.0,77.1,4.22,1.13,2.62,Normal
4704.4,89.3,3.77,1.85,3.26,Performance Degradation
4644.1,91.9,3.25,5.03,3.31,Bearing Degradation
5294.8,104.7,3.7,1.85,3.43,Overheating
4778.3,88.4,3.13,4.74,2.89,Bearing Degradation
4639.8,89.2,3.34,4.25,3.15,Bearing Degradation
4803.3,85.4,3.45,4.36,3.11,Bearing Degradation
4744.4,89.0,3.18,5.07,3.32,Bearing Degradation
4838.9,94.7,2.04,2.66,2.88,Low Oil Pressure
5272.4,104.0,3.51,1.87,3.33,Overheating
4664.2,82.8,3.98,2.25,3.72,Performance Degradation
5188.5,108.8,3.46,1.88,3.55,Overheating
4648.8,81.1,3.78,2.02,3.47,Performance Degradation
5135.6,78.5,4.45,1.3,2.82,Normal
5326.2,101.5,3.81,1.76,3.41,Overheating
5131.5,78.5,4.25,1.04,2.75,Normal
4750.4,82.1,3.83,2.41,3.76,Performance Degradation
4929.5,86.3,2.62,2.61,3.05,Low Oil Pressure
4628.3,83.8,3.92,1.9,3.56,Performance Degradation
5366.6,108.1,3.38,1.89,3.8,Overheating
4596.1,88.8,3.21,5.89,3.17,Bearing Degradation
4734.9,92.0,2.45,2.54,2.83,Low Oil Pressure
4677.1,84.9,3.68,2.25,3.72,Performance Degradation
4869.9,96.1,2.22,2.7,2.82,Low Oil Pressure
4649.4,88.2,3.21,4.89,3.29,Bearing Degradation
4687.2,88.6,3.21,5.87,3.11,Bearing Degradation
4671.7,86.7,3.29,4.89,3.33,Bearing Degradation
4844.8,93.5,2.5,2.35,2.8,Low Oil Pressure
5235.2,101.7,3.66,1.9,3.13,Overheating
5260.3,80.6,4.31,1.34,2.65,Normal
4611.6,83.8,4.18,2.32,3.43,Performance Degradation
5285.6,98.5,3.69,1.54,3.23,Overheating
4748.9,86.1,3.26,4.42,2.8,Bearing Degradation
5252.8,81.3,4.28,1.25,2.61,Normal
4585.4,93.8,3.29,5.27,3.28,Bearing Degradation
4886.9,91.5,2.59,1.95,2.96,Low Oil Pressure
5237.0,77.4,4.31,1.11,2.71,Normal
5316.8,102.0,3.66,1.82,3.35,Overheating
4672.3,89.6,3.19,5.54,3.09,Bearing Degradation
5146.8,79.1,4.12,1.12,2.64,Normal
4647.0,88.2,3.45,3.74,3.28,Bearing Degradation
4618.0,85.8,3.79,2.23,3.41,Performance Degradation
4716.1,83.7,3.79,2.15,3.63,Performance Degradation
4617.5,81.4,3.92,2.03,4.02,Performance Degradation
4896.4,89.8,2.39,2.6,2.91,Low Oil Pressure
5162.8,83.0,4.36,1.06,2.68,Normal
5164.3,78.2,4.12,1.17,2.72,Normal
5227.5,75.9,4.2,1.17,2.61,Normal
5401.9,103.7,3.69,1.78,3.25,Overheating
5090.9,76.3,4.31,1.32,2.7,Normal
5291.6,100.3,3.73,1.67,3.21,Overheating
4771.5,90.2,3.29,4.9,3.05,Bearing Degradation
4784.5,86.8,3.3,4.58,3.05,Bearing Degradation
5205.1,75.3,4.27,1.1,2.73,Normal
5329.0,99.7,3.64,1.89,3.3,Overheating
5197.3,74.8,4.28,1.12,2.74,Normal
5282.6,112.2,3.36,1.84,3.7,Overheating
4911.9,90.0,2.49,2.41,3.0,Low Oil Pressure
4649.4,85.9,3.03,4.81,3.05,Bearing Degradation
5217.6,73.7,4.21,1.17,2.76,Normal
4492.3,82.1,3.93,2.08,3.76,Performance Degradation
4725.2,90.8,2.2,2.31,2.73,Low Oil Pressure
4713.1,86.7,3.81,2.08,3.72,Performance Degradation
4834.1,89.4,2.49,2.3,3.0,Low Oil Pressure
4578.3,88.0,3.88,2.12,3.67,Performance Degradation
4563.4,84.5,3.65,1.97,3.86,Performance Degradation
4870.9,95.5,2.25,2.76,3.0,Low Oil Pressure
5188.6,77.2,4.3,1.19,2.74,Normal
5355.7,99.1,3.74,1.75,3.36,Overheating
4507.6,84.8,3.91,1.98,3.66,Performance Degradation
5261.5,104.1,3.55,1.68,3.26,Overheating
5230.0,107.1,3.58,1.74,3.24,Overheating
4886.2,94.7,2.47,2.15,3.0,Low Oil Pressure
4682.8,87.8,2.96,6.02,3.02,Bearing Degradation
4751.1,81.3,3.96,2.13,3.57,Performance Degradation
5414.4,106.0,3.6,1.72,3.31,Overheating
5226.4,78.0,4.33,1.38,2.67,Normal
4860.6,95.4,2.1,2.44,3.08,Low Oil Pressure
4580.5,88.0,3.27,5.08,3.15,Bearing Degradation
4946.8,89.2,2.65,2.11,3.1,Low Oil Pressure
4731.7,85.2,3.76,2.15,3.72,Performance Degradation
5230.1,102.7,3.6,1.95,3.19,Overheating
5180.0,80.4,4.34,0.99,2.61,Normal
5253.1,97.8,3.74,1.51,3.27,Overheating
4590.4,84.4,3.99,2.1,3.46,Performance Degradation
4753.0,93.3,2.4,2.19,3.03,Low Oil Pressure
4965.4,90.2,2.47,2.49,2.81,Low Oil Pressure
4515.4,83.6,3.94,2.32,3.46,Performance Degradation
5279.6,109.6,3.44,1.83,3.47,Overheating
4680.0,88.1,3.65,4.86,3.23,Bearing Degradation
4850.6,92.5,2.49,2.36,2.82,Low Oil Pressure
5224.5,101.1,3.65,1.76,3.36,Overheating
4804.7,92.2,2.37,2.53,3.14,Low Oil Pressure
5191.7,78.0,4.0,1.34,2.67,Normal
4555.4,90.7,3.65,5.0,3.15,Bearing Degradation
5128.7,79.1,4.34,1.39,2.75,Normal
5256.5,79.8,4.44,1.15,2.74,Normal
4681.3,84.8,3.71,2.06,3.54,Performance Degradation
5229.2,75.4,4.46,1.41,2.7,Normal
4567.2,92.3,3.3,5.74,3.15,Bearing Degradation
4676.1,85.8,3.93,1.98,3.38,Performance Degradation
4791.0,91.0,2.18,2.53,2.84,Low Oil Pressure
5293.0,99.6,3.61,1.53,3.0,Overheating
4871.8,88.2,2.64,2.23,3.06,Low Oil Pressure
4721.6,83.9,3.25,4.68,2.95,Bearing Degradation
5273.8,78.4,4.51,1.35,2.6,Normal
5194.2,76.0,4.19,1.07,2.71,Normal
4825.5,83.6,3.95,2.31,3.81,Performance Degradation
4559.2,82.8,3.74,1.98,3.79,Performance Degradation
4751.7,86.3,3.82,1.94,3.57,Performance Degradation
4484.4,83.3,3.25,4.82,3.22,Bearing Degradation
4864.0,96.2,2.17,2.44,2.83,Low Oil Pressure
5337.2,104.4,3.57,1.86,3.13,Overheating
5226.5,77.5,4.32,1.28,2.62,Normal
4660.8,87.6,3.41,5.62,2.93,Bearing Degradation
5296.3,107.9,3.53,1.82,3.52,Overheating
5220.3,115.2,3.38,1.95,3.41,Overheating
4874.6,89.1,2.38,2.37,3.01,Low Oil Pressure
4587.8,81.8,3.72,2.27,3.68,Performance Degradation
5259.3,73.8,4.3,0.94,2.55,Normal
5182.5,78.4,4.24,1.24,2.66,Normal
5260.9,111.7,3.33,2.06,3.59,Overheating
5155.6,77.9,4.41,1.07,2.63,Normal
4794.0,86.4,3.79,2.22,3.74,Performance Degradation
4576.6,91.0,3.1,3.77,3.11,Bearing Degradation
5290.2,103.7,3.68,1.73,3.29,Overheating
5188.8,77.5,4.43,1.36,2.65,Normal
4631.0,81.2,3.84,2.09,3.36,Performance Degradation
5198.9,79.8,4.21,1.38,2.83,Normal
5273.8,105.2,3.68,1.68,3.48,Overheating
5027.5,85.8,2.4,2.12,2.82,Low Oil Pressure
5272.0,104.1,3.55,1.81,3.38,Overheating
4815.4,82.9,3.95,2.22,3.5,Performance Degradation
4884.5,90.9,2.54,2.31,2.76,Low Oil Pressure
5241.6,76.3,4.25,0.99,2.79,Normal
4608.3,84.1,3.22,3.7,3.0,Bearing Degradation
5340.6,108.8,3.58,1.7,3.76,Overheating
4707.3,89.3,2.63,2.48,2.89,Low Oil Pressure
4554.1,84.9,3.4,5.79,3.21,Bearing Degradation
5350.5,99.1,3.85,1.57,3.4,Overheating
5259.8,76.8,4.2,1.23,2.69,Normal
5209.0,82.2,4.49,1.34,2.82,Normal
4634.0,86.2,3.11,4.5,3.04,Bearing Degradation
5315.8,111.8,3.33,2.11,3.55,Overheating
4935.7,93.1,2.25,2.62,3.01,Low Oil Pressure
4597.6,83.2,3.92,2.38,3.59,Performance Degradation
4646.1,91.1,3.44,4.26,3.0,Bearing Degradation
5208.3,76.5,4.43,1.26,2.72,Normal
5262.3,105.5,3.55,1.8,3.56,Overheating
4904.0,88.8,2.46,2.0,2.85,Low Oil Pressure
4543.0,91.6,2.97,5.47,3.18,Bearing Degradation
4488.6,82.7,3.72,2.02,3.82,Performance Degradation
5178.5,76.3,4.37,1.28,2.7,Normal
4877.3,91.0,2.36,2.52,2.87,Low Oil Pressure
4976.8,91.2,2.33,2.77,3.06,Low Oil Pressure
5103.9,77.8,4.29,1.2,2.73,Normal
5377.9,105.9,3.5,1.61,3.52,Overheating
4793.2,87.7,3.4,6.32,3.15,Bearing Degradation
4834.1,83.6,4.16,2.02,3.67,Performance Degradation
4791.6,96.9,2.04,2.84,2.89,Low Oil Pressure
5259.0,110.4,3.53,2.02,3.38,Overheating
5142.3,81.3,4.14,1.34,2.82,Normal
4823.3,89.3,2.42,2.71,2.95,Low Oil Pressure
4624.7,85.1,3.48,4.03,3.08,Bearing Degradation
4615.9,82.9,3.99,2.26,4.06,Performance Degradation
5197.9,99.9,3.71,1.78,3.18,Overheating
4581.4,88.6,3.27,6.22,3.3,Bearing Degradation
4797.6,91.4,2.38,2.34,2.88,Low Oil Pressure
4855.3,93.0,2.31,2.14,2.97,Low Oil Pressure
4714.3,93.3,2.42,2.45,2.91,Low Oil Pressure
4913.6,90.1,2.23,2.5,2.76,Low Oil Pressure
4956.3,89.7,2.29,2.45,2.94,Low Oil Pressure
4864.3,93.1,2.28,2.4,2.95,Low Oil Pressure
5170.9,81.8,4.27,1.17,2.54,Normal
4577.7,82.5,3.75,2.08,3.58,Performance Degradation
4897.2,93.2,2.36,2.24,3.0,Low Oil Pressure
4586.4,91.7,3.38,4.89,3.23,Bearing Degradation
4566.0,89.2,3.14,6.12,3.06,Bearing Degradation
4550.7,86.6,3.28,4.65,3.1,Bearing Degradation
5242.0,77.0,4.37,1.12,2.8,Normal
4837.9,89.3,2.57,2.3,3.06,Low Oil Pressure
5225.0,77.2,4.25,1.21,2.63,Normal
4751.0,82.7,3.88,2.23,3.55,Performance Degradation
5276.3,81.1,4.3,1.17,2.63,Normal
4769.5,89.4,3.89,2.01,3.93,Performance Degradation
4850.0,87.4,4.02,2.1,3.72,Performance Degradation
4941.2,93.1,2.52,2.36,2.88,Low Oil Pressure
5292.1,102.5,3.53,1.83,3.44,Overheating
4584.2,80.2,3.88,2.2,3.62,Performance Degradation
4614.2,84.6,3.23,4.59,3.11,Bearing Degradation
4672.4,91.4,3.19,4.48,2.98,Bearing Degradation
5217.1,105.1,3.63,1.75,3.32,Overheating
4535.7,88.8,3.83,2.03,3.68,Performance Degradation
5166.9,78.5,4.17,1.22,2.84,Normal
5216.9,101.9,3.69,1.79,3.25,Overheating
4648.3,89.9,3.47,5.0,3.06,Bearing Degradation
5180.2,77.0,4.19,1.32,2.64,Normal
5273.0,104.4,3.61,1.95,3.27,Overheating
4655.7,85.8,3.04,4.26,2.94,Bearing Degradation
4858.1,89.9,2.26,2.28,2.71,Low Oil Pressure
4717.2,86.9,3.12,4.76,3.24,Bearing Degradation
4880.4,90.8,2.48,2.28,2.96,Low Oil Pressure
5230.2,104.7,3.7,1.67,3.31,Overheating
4721.9,90.8,3.4,5.47,3.05,Bearing Degradation
5161.5,77.9,4.19,1.23,2.68,Normal
4699.0,87.6,3.23,4.3,2.98,Bearing Degradation
4720.7,90.0,3.24,4.09,3.17,Bearing Degradation
4797.3,93.2,1.99,2.59,3.01,Low Oil Pressure
4836.3,90.9,2.37,2.65,2.9,Low Oil Pressure
4575.8,83.0,3.74,1.97,4.04,Performance Degradation
4859.6,92.8,2.64,2.33,3.07,Low Oil Pressure
4711.8,90.2,2.56,2.42,2.92,Low Oil Pressure
5192.8,97.3,3.85,1.83,3.16,Overheating
4899.8,94.8,2.35,2.57,2.91,Low Oil Pressure
5278.9,74.9,4.41,1.09,2.74,Normal
4696.7,89.0,3.14,4.16,3.19,Bearing Degradation
5196.0,75.9,4.19,1.23,2.71,Normal
4665.3,89.9,3.05,4.73,2.87,Bearing Degradation
4731.9,93.9,2.03,2.51,3.05,Low Oil Pressure
4527.4,86.6,3.06,5.93,3.23,Bearing Degradation
4634.4,84.1,3.43,5.45,3.21,Bearing Degradation
5181.4,106.4,3.68,1.76,3.59,Overheating
4767.2,91.0,2.52,2.38,2.93,Low Oil Pressure
4772.0,94.1,2.34,2.56,2.99,Low Oil Pressure
4679.2,80.0,3.89,2.18,3.74,Performance Degradation
4601.3,82.9,3.77,2.06,3.89,Performance Degradation
5192.5,73.8,4.13,1.11,2.74,Normal
5129.7,78.2,4.48,0.8,2.75,Normal
4875.8,96.0,2.27,2.24,2.89,Low Oil Pressure
4765.9,92.8,2.45,2.34,2.97,Low Oil Pressure
4827.7,91.8,2.65,2.27,2.78,Low Oil Pressure
5225.8,98.6,3.69,1.64,3.24,Overheating
4548.2,82.8,3.91,1.92,3.65,Performance Degradation
4749.2,80.8,3.92,2.33,4.0,Performance Degradation
4687.3,84.8,3.27,4.28,3.26,Bearing Degradation
5289.8,105.2,3.64,1.72,3.31,Overheating
4730.9,88.3,3.17,6.1,3.11,Bearing Degradation
5236.9,78.3,4.22,1.32,2.68,Normal
4794.1,88.5,3.14,3.7,2.92,Bearing Degradation
4933.0,91.1,2.6,2.29,2.71,Low Oil Pressure
4956.9,94.6,2.16,2.58,2.78,Low Oil Pressure
4626.0,88.9,3.19,5.48,3.05,Bearing Degradation
4953.7,98.2,1.94,2.36,2.74,Low Oil Pressure
4637.7,81.5,3.91,2.17,3.86,Performance Degradation
5358.4,110.5,3.43,1.77,3.65,Overheating
5208.2,80.2,4.28,1.39,2.68,Normal
5259.3,109.9,3.55,2.0,3.45,Overheating
5228.6,103.2,3.61,1.86,3.28,Overheating
5225.1,77.5,4.43,1.44,2.55,Normal
4815.8,93.5,2.49,2.51,2.84,Low Oil Pressure
5190.2,77.4,4.3,1.18,2.63,Normal
4848.7,90.9,2.29,2.87,2.87,Low Oil Pressure
4838.4,92.3,2.16,2.27,2.83,Low Oil Pressure
4829.6,92.7,2.44,2.22,2.92,Low Oil Pressure
4554.3,88.8,3.3,5.66,3.28,Bearing Degradation
4722.1,89.9,3.27,4.2,3.18,Bearing Degradation
4605.1,89.7,3.17,5.19,3.05,Bearing Degradation
5267.2,103.0,3.58,1.89,3.25,Overheating
5247.2,80.2,4.23,1.36,2.72,Normal
4710.8,83.4,3.71,2.39,3.89,Performance Degradation
5375.7,118.1,3.29,2.02,3.64,Overheating
5310.6,100.6,3.71,1.88,3.35,Overheating
4865.0,92.7,2.51,2.32,2.97,Low Oil Pressure
4632.1,90.6,3.11,4.5,2.97,Bearing Degradation
4577.6,84.8,3.84,2.09,3.71,Performance Degradation
4797.8,94.3,2.07,2.52,2.85,Low Oil Pressure
4906.0,87.1,2.44,2.64,2.98,Low Oil Pressure
4499.6,90.4,3.2,4.94,2.91,Bearing Degradation
4450.0,86.6,3.24,6.13,2.94,Bearing Degradation
5204.4,78.7,4.19,1.29,2.62,Normal
4602.9,88.3,3.65,6.16,2.84,Bearing Degradation
4867.7,90.5,2.28,2.46,2.69,Low Oil Pressure
4523.6,83.7,3.73,2.19,3.53,Performance Degradation
4539.9,86.4,3.88,1.94,3.82,Performance Degradation
5296.5,107.0,3.68,1.78,3.47,Overheating
5309.7,103.2,3.64,2.05,3.41,Overheating
4929.2,91.2,2.32,2.46,2.74,Low Oil Pressure
5197.9,78.6,4.29,1.12,2.77,Normal
4794.7,93.4,2.23,2.42,2.81,Low Oil Pressure
4775.9,79.1,4.22,2.13,3.89,Performance Degradation
5267.9,100.1,3.7,1.67,3.11,Overheating
4961.9,94.5,2.53,2.35,2.85,Low Oil Pressure
5239.4,107.3,3.57,2.14,3.49,Overheating
4877.8,93.0,2.17,2.45,3.07,Low Oil Pressure
4870.0,91.7,2.15,2.48,2.91,Low Oil Pressure
4778.1,88.2,2.42,2.35,2.85,Low Oil Pressure
4628.1,87.7,3.29,5.2,3.12,Bearing Degradation
5194.3,79.4,4.23,1.37,2.78,Normal
4750.4,86.3,3.73,2.04,3.51,Performance Degradation
4456.4,86.1,2.82,5.96,3.05,Bearing Degradation
4548.1,86.5,3.0,5.01,3.05,Bearing Degradation
4691.2,86.5,3.75,2.14,3.47,Performance Degradation
4571.4,85.1,3.9,2.36,3.8,Performance Degradation
5255.6,79.3,4.37,1.1,2.67,Normal
5204.5,79.4,4.23,1.1,2.69,Normal
4815.6,92.6,2.28,2.51,2.77,Low Oil Pressure
5194.6,75.4,4.2,1.04,2.75,Normal
4910.3,90.9,2.51,2.53,2.99,Low Oil Pressure
4604.4,90.2,3.05,5.12,2.99,Bearing Degradation
4692.7,88.3,3.05,6.03,3.12,Bearing Degradation
5197.0,103.8,3.65,1.88,3.27,Overheating
4641.3,88.0,3.36,3.89,2.87,Bearing Degradation
4935.6,88.5,2.22,2.49,2.63,Low Oil Pressure
4569.3,88.0,3.8,2.08,3.66,Performance Degradation
5155.8,75.6,4.26,0.95,2.56,Normal
4853.4,95.9,2.27,2.45,2.8,Low Oil Pressure
4650.8,84.7,3.87,2.13,3.57,Performance Degradation
4936.8,93.6,1.73,2.95,2.84,Low Oil Pressure
5242.6,80.9,4.36,1.29,2.63,Normal
4626.1,81.4,4.09,1.85,3.35,Performance Degradation
4740.7,89.6,3.21,5.67,2.84,Bearing Degradation
4882.0,89.7,2.34,2.59,2.85,Low Oil Pressure
5212.6,81.7,4.32,1.05,2.73,Normal
5159.6,80.1,4.41,0.83,2.77,Normal
4684.3,89.2,3.2,4.12,3.33,Bearing Degradation
5245.9,114.8,3.38,2.06,3.68,Overheating
4683.2,83.9,3.73,1.76,3.42,Performance Degradation
5185.8,79.4,4.37,1.17,2.78,Normal
4598.8,84.2,3.85,2.3,3.66,Performance Degradation
5217.1,96.4,3.85,1.44,3.08,Overheating
5254.0,82.5,4.11,1.25,2.66,Normal
5187.1,101.9,3.62,1.81,3.23,Overheating
5221.7,80.7,4.24,1.43,2.71,Normal
4867.4,92.0,2.44,2.52,3.09,Low Oil Pressure
4646.5,89.3,3.22,3.82,3.17,Bearing Degradation
4545.9,86.1,3.88,2.32,3.3,Performance Degradation
4717.2,85.0,4.15,2.03,3.75,Performance Degradation
4772.2,92.4,2.33,2.48,2.87,Low Oil Pressure
4816.4,92.2,2.58,2.45,2.98,Low Oil Pressure
4885.4,86.8,3.04,5.11,2.88,Bearing Degradation
4700.5,82.0,3.81,2.03,3.68,Performance Degradation
5344.0,111.5,3.45,1.86,3.43,Overheating
4700.2,86.6,3.99,1.84,3.74,Performance Degradation
4840.8,91.3,2.33,2.53,2.87,Low Oil Pressure
5212.8,81.8,4.51,1.4,2.64,Normal
4735.2,90.0,2.25,2.53,2.95,Low Oil Pressure
4801.6,82.5,3.87,2.35,3.66,Performance Degradation
4636.8,89.6,3.74,1.86,3.82,Performance Degradation
5237.5,78.6,4.25,1.11,2.83,Normal
5259.0,106.2,3.58,1.79,3.47,Overheating
4807.6,90.0,2.4,2.3,2.85,Low Oil Pressure
4785.0,85.5,3.22,5.43,3.06,Bearing Degradation
4627.4,80.1,4.07,2.43,3.7,Performance Degradation
4826.2,94.7,2.38,2.35,3.01,Low Oil Pressure
5291.9,113.8,3.42,1.83,3.65,Overheating
4917.5,92.8,2.27,2.54,2.83,Low Oil Pressure
4697.9,85.8,3.73,2.03,3.27,Performance Degradation
4842.5,93.5,2.33,2.61,2.85,Low Oil Pressure
4713.5,95.4,2.31,2.48,2.74,Low Oil Pressure
4808.8,87.3,2.65,2.23,2.96,Low Oil Pressure
5217.8,76.6,4.34,1.25,2.61,Normal
4656.2,91.8,3.0,4.53,2.93,Bearing Degradation
4807.1,91.4,2.29,2.45,2.86,Low Oil Pressure
4507.0,86.7,3.2,4.98,3.22,Bearing Degradation
5252.3,76.6,4.16,1.19,2.66,Normal
5264.6,103.8,3.73,1.66,3.21,Overheating
4815.5,90.9,3.15,5.29,3.04,Bearing Degradation
4531.4,82.5,3.92,2.16,3.68,Performance Degradation
4665.4,89.9,3.39,4.64,3.06,Bearing Degradation
4632.0,84.7,3.94,1.98,3.64,Performance Degradation
5246.4,77.9,4.3,1.22,2.86,Normal
4595.4,90.0,4.08,1.82,3.41,Performance Degradation
4694.6,92.3,2.31,2.48,3.05,Low Oil Pressure
4840.7,93.4,2.31,2.82,2.9,Low Oil Pressure
4890.0,94.3,2.3,2.46,2.93,Low Oil Pressure
4620.6,90.3,3.45,4.86,3.05,Bearing Degradation
4864.6,92.0,2.16,2.34,2.92,Low Oil Pressure
4948.3,93.9,1.94,2.94,2.92,Low Oil Pressure
4849.2,86.7,2.58,2.31,3.18,Low Oil Pressure
4653.9,88.1,3.38,5.14,2.97,Bearing Degradation
4610.7,89.9,3.43,6.69,2.93,Bearing Degradation
4884.6,92.1,2.3,2.25,2.94,Low Oil Pressure
4606.4,88.9,3.49,4.88,3.34,Bearing Degradation
4637.7,85.9,3.89,1.95,3.3,Performance Degradation
4635.2,92.2,3.25,4.9,3.19,Bearing Degradation
4828.5,91.7,2.53,2.44,2.96,Low Oil Pressure
5289.2,99.2,3.85,1.72,3.21,Overheating
4747.5,90.0,3.71,2.25,3.65,Performance Degradation
5388.2,102.8,3.75,1.6,3.42,Overheating
5208.5,80.9,4.3,1.29,2.65,Normal
5218.4,79.1,4.2,1.22,2.72,Normal
5303.3,98.4,3.84,1.67,3.28,Overheating
4666.8,88.0,3.63,4.76,2.94,Bearing Degradation
4735.6,86.9,3.29,5.2,3.25,Bearing Degradation
5220.4,109.3,3.46,1.92,3.41,Overheating
4675.3,83.8,3.99,2.36,4.1,Performance Degradation
4880.5,95.2,2.13,2.66,2.87,Low Oil Pressure
5260.9,103.3,3.6,1.7,3.35,Overheating
5315.4,95.5,3.83,1.4,3.11,Overheating
5242.7,76.1,4.27,1.15,2.7,Normal
5226.4,79.1,4.31,1.25,2.74,Normal
4799.6,89.6,2.46,2.62,2.94,Low Oil Pressure
4843.0,95.1,2.4,2.29,3.0,Low Oil Pressure
5352.2,102.8,3.41,1.92,3.46,Overheating
5192.3,77.0,4.25,1.12,2.85,Normal
5212.0,78.1,4.07,1.25,2.71,Normal
4766.3,83.3,3.74,2.12,3.66,Performance Degradation
4725.3,85.1,3.28,6.39,2.93,Bearing Degradation
5294.2,111.8,3.33,1.99,3.49,Overheating
4609.0,81.7,3.97,2.06,3.68,Performance Degradation
4884.2,91.7,2.37,2.28,3.0,Low Oil Pressure
4600.8,85.5,3.47,5.9,3.01,Bearing Degradation
4814.8,92.0,2.33,2.44,3.07,Low Oil Pressure
4847.4,91.8,2.36,2.42,2.91,Low Oil Pressure
5243.6,77.7,4.21,1.12,2.63,Normal
4602.7,89.3,3.14,5.71,3.1,Bearing Degradation
5354.6,109.6,3.42,2.07,3.58,Overheating
4642.0,87.4,3.56,5.86,3.19,Bearing Degradation
4621.3,81.3,3.81,1.7,3.77,Performance Degradation
4707.5,87.5,3.28,5.17,3.17,Bearing Degradation
5127.7,78.3,4.34,1.2,2.58,Normal
4559.7,85.3,3.95,2.27,4.03,Performance Degradation
4724.3,83.7,3.74,1.98,3.82,Performance Degradation
4552.1,89.8,3.52,4.62,3.33,Bearing Degradation
5295.3,111.9,3.5,1.95,3.39,Overheating
5197.4,76.5,4.24,1.16,2.76,Normal
5193.8,78.2,4.36,1.09,2.76,Normal
5191.4,77.4,4.41,1.34,2.8,Normal
4518.4,84.5,3.89,2.3,3.51,Performance Degradation
5192.0,76.7,4.6,1.25,2.78,Normal
5228.9,107.8,3.5,1.77,3.4,Overheating
5211.2,76.5,4.38,1.12,2.68,Normal
5123.0,77.0,4.35,1.33,2.72,Normal
5173.5,102.0,3.62,1.59,3.17,Overheating
4536.6,84.7,4.17,2.0,3.96,Performance Degradation
5226.3,76.9,4.22,1.02,2.73,Normal
4617.9,85.4,3.8,2.17,3.54,Performance Degradation
4832.7,94.2,2.18,2.48,2.89,Low Oil Pressure
4664.7,82.0,3.92,2.34,3.76,Performance Degradation
5254.9,79.0,4.23,1.32,2.78,Normal
4593.9,87.8,3.82,2.09,3.71,Performance Degradation
5378.5,104.2,3.68,1.92,3.38,Overheating
4845.5,88.8,2.53,2.11,2.84,Low Oil Pressure
4750.6,90.6,3.16,4.77,3.18,Bearing Degradation
5258.7,79.3,4.26,1.33,2.77,Normal
5201.0,76.0,4.24,0.98,2.61,Normal
5235.6,77.2,4.39,1.27,2.68,Normal
4674.3,86.1,3.12,5.25,3.04,Bearing Degradation
4570.0,86.5,3.31,5.54,3.25,Bearing Degradation
5321.8,109.4,3.36,1.58,3.5,Overheating
4881.8,94.2,2.34,2.46,3.08,Low Oil Pressure
4592.1,80.1,3.88,2.12,3.49,Performance Degradation
5215.9,106.7,3.51,1.69,3.55,Overheating
4788.8,89.7,3.22,4.9,3.11,Bearing Degradation
4728.7,90.1,2.41,2.56,2.9,Low Oil Pressure
5208.8,78.2,4.08,1.14,2.75,Normal
5162.9,79.0,4.13,1.28,2.62,Normal
5280.1,112.0,3.56,1.94,3.64,Overheating
4840.3,94.8,2.31,2.55,3.21,Low Oil Pressure
5220.8,75.8,4.29,1.21,2.73,Normal
5165.4,105.9,3.58,1.83,3.25,Overheating
4598.5,90.0,2.97,6.63,3.02,Bearing Degradation
4791.1,89.7,3.29,4.93,3.33,Bearing Degradation
5215.2,105.5,3.66,1.78,3.34,Overheating
4808.9,93.6,2.3,2.55,2.89,Low Oil Pressure
5305.3,105.5,3.32,1.87,3.14,Overheating
5282.2,107.3,3.51,1.68,3.44,Overheating
4616.6,84.7,3.9,2.05,3.85,Performance Degradation
4602.2,89.3,3.36,5.16,3.18,Bearing Degradation
4951.4,87.9,2.65,2.12,3.08,Low Oil Pressure
5157.9,104.8,3.54,1.87,3.3,Overheating
5173.4,77.6,4.37,1.3,2.85,Normal
5232.8,101.9,3.77,1.81,3.33,Overheating
5167.7,79.4,4.21,1.06,2.75,Normal
5271.1,80.5,4.31,1.02,2.61,Normal
4600.1,82.0,3.84,2.27,3.31,Performance Degradation
4580.6,88.1,3.13,4.83,3.18,Bearing Degradation
4789.0,96.5,1.87,2.75,2.89,Low Oil Pressure
5231.7,113.8,3.42,2.14,3.52,Overheating
4679.3,89.0,3.1,6.09,3.29,Bearing Degradation
4546.9,85.1,3.98,1.89,3.83,Performance Degradation
5233.7,100.1,3.65,1.63,3.29,Overheating
5269.2,80.5,4.23,1.02,2.75,Normal
4789.3,94.3,3.11,5.49,3.28,Bearing Degradation
4679.8,84.4,4.17,2.19,3.31,Performance Degradation
4837.5,89.5,2.65,2.39,3.11,Low Oil Pressure
4730.8,82.9,3.9,1.98,3.43,Performance Degradation
5155.0,79.5,4.37,1.08,2.69,Normal
4769.0,96.0,2.09,2.57,2.71,Low Oil Pressure
4673.3,84.0,3.66,2.2,3.54,Performance Degradation
4634.6,89.1,3.24,4.65,2.75,Bearing Degradation
5170.7,75.7,4.28,1.38,2.56,Normal
4719.2,87.8,3.55,5.12,2.87,Bearing Degradation
4796.3,93.2,2.35,2.56,2.95,Low Oil Pressure
5287.3,77.4,4.35,1.37,2.64,Normal
5196.8,104.9,3.65,1.83,3.28,Overheating
5221.0,75.5,4.2,1.11,2.73,Normal
5275.9,104.5,3.67,1.78,3.37,Overheating
4605.2,88.9,3.35,4.36,2.96,Bearing Degradation
5221.8,79.2,4.23,1.33,2.86,Normal
4626.5,87.1,3.86,1.79,3.78,Performance Degradation
5272.7,78.4,4.44,1.17,2.68,Normal
4729.3,82.2,3.72,2.13,3.44,Performance Degradation
4744.1,92.0,2.52,2.34,2.79,Low Oil Pressure
5171.3,76.8,4.24,1.5,2.66,Normal
4516.9,85.6,3.86,1.94,3.85,Performance Degradation
4802.6,93.3,2.04,2.6,2.88,Low Oil Pressure
4648.8,90.7,3.35,5.15,3.06,Bearing Degradation
5315.0,109.4,3.49,1.79,3.37,Overheating
5221.3,75.2,4.53,1.25,2.74,Normal
5279.6,101.2,3.76,1.69,3.29,Overheating
5231.9,77.6,4.28,1.18,2.62,Normal
4614.9,84.8,4.15,1.9,3.75,Performance Degradation
4657.9,85.7,4.16,1.92,3.62,Performance Degradation
4859.6,96.6,2.29,2.54,2.94,Low Oil Pressure
5163.8,75.4,4.33,1.12,2.79,Normal
4700.0,92.1,2.4,2.49,2.8,Low Oil Pressure
5248.0,106.2,3.61,1.93,3.4,Overheating
5216.5,78.6,4.21,1.11,2.75,Normal
5207.5,78.4,4.42,1.49,2.73,Normal
4555.1,85.9,4.02,2.26,4.1,Performance Degradation
4686.7,88.0,3.21,5.2,3.04,Bearing Degradation
5286.2,103.6,3.74,1.41,3.09,Overheating
5191.5,106.1,3.45,2.08,3.51,Overheating
4600.7,83.7,3.83,2.15,3.26,Performance Degradation
4691.4,94.5,2.54,2.44,2.89,Low Oil Pressure
4740.8,82.5,3.13,4.59,3.14,Bearing Degradation
5203.7,75.6,4.43,1.21,2.86,Normal
4668.1,91.1,3.58,4.49,3.16,Bearing Degradation
4705.3,82.2,3.88,2.16,3.55,Performance Degradation
4635.0,87.3,3.13,4.84,3.02,Bearing Degradation
5273.4,102.6,3.78,1.73,3.39,Overheating
4818.2,87.3,4.03,2.19,3.94,Performance Degradation
4833.5,93.5,2.26,2.62,2.74,Low Oil Pressure
4839.6,91.4,2.47,2.37,2.93,Low Oil Pressure
5167.3,77.5,4.3,1.3,2.67,Normal
4664.5,80.3,4.01,2.0,3.58,Performance Degradation
5208.2,98.7,3.72,1.76,3.23,Overheating
4540.0,87.5,3.46,5.6,2.97,Bearing Degradation
4713.2,91.7,3.25,3.9,3.24,Bearing Degradation
4754.4,84.4,4.0,1.6,3.46,Performance Degradation
4573.8,89.7,3.35,4.28,3.09,Bearing Degradation
4674.4,86.0,3.92,2.06,3.63,Performance Degradation
4602.2,88.0,3.79,1.99,3.89,Performance Degradation
5278.9,103.2,3.57,1.8,3.47,Overheating
4747.7,91.4,2.33,2.4,2.66,Low Oil Pressure
5302.4,104.8,3.7,1.79,3.44,Overheating
4707.7,90.0,3.89,1.9,3.91,Performance Degradation
5103.1,77.4,4.39,1.2,2.77,Normal
4788.0,87.9,3.43,4.42,2.86,Bearing Degradation
4707.6,91.0,2.26,2.49,2.93,Low Oil Pressure
4686.4,85.2,3.77,2.3,3.41,Performance Degradation
4834.8,96.0,2.04,2.76,2.92,Low Oil Pressure
4526.7,82.6,4.02,2.32,3.69,Performance Degradation
4691.8,87.5,3.08,5.17,3.19,Bearing Degradation
4606.9,86.8,3.05,7.2,3.15,Bearing Degradation
4652.5,82.1,3.97,2.19,3.43,Performance Degradation
5324.8,105.4,3.56,1.65,3.45,Overheating
5163.7,77.6,4.33,1.25,2.84,Normal
4623.9,84.6,3.95,1.84,3.59,Performance Degradation
4596.0,81.7,4.0,2.29,3.4,Performance Degradation
4805.8,92.7,2.37,2.56,2.75,Low Oil Pressure
5293.5,100.8,3.76,1.73,3.19,Overheating
4825.1,92.8,2.29,2.57,2.96,Low Oil Pressure
5353.4,99.9,3.68,1.67,3.32,Overheating
4675.5,87.6,3.78,2.37,3.9,Performance Degradation
4516.2,91.2,3.02,6.25,2.99,Bearing Degradation
5144.8,77.3,4.52,1.01,2.7,Normal
5237.0,78.4,4.35,1.25,2.8,Normal
4826.5,88.9,2.61,2.56,2.88,Low Oil Pressure
4701.6,92.7,3.31,5.31,2.99,Bearing Degradation
4554.3,89.9,3.61,5.4,3.07,Bearing Degradation
5293.5,75.8,4.19,1.12,2.72,Normal
5131.8,79.0,4.22,1.42,2.71,Normal
5257.5,78.7,4.26,1.14,2.71,Normal
5238.5,78.9,4.33,1.07,2.67,Normal
5196.6,79.2,4.32,1.11,2.73,Normal
4815.2,88.0,3.59,6.09,3.12,Bearing Degradation
5212.1,76.8,4.3,1.03,2.86,Normal
4673.0,88.0,3.04,4.38,3.07,Bearing Degradation
4641.7,89.6,3.1,4.25,3.0,Bearing Degradation
4744.4,83.6,4.0,2.06,3.6,Performance Degradation
5288.0,105.6,3.51,1.83,3.46,Overheating
4841.2,90.1,2.24,2.41,3.0,Low Oil Pressure
4918.2,88.7,2.53,2.54,3.01,Low Oil Pressure
4836.9,87.6,2.28,2.4,2.89,Low Oil Pressure
4504.7,93.0,3.11,6.47,3.03,Bearing Degradation
4876.5,91.7,2.55,2.19,2.85,Low Oil Pressure
5287.5,106.0,3.54,1.82,3.45,Overheating
4532.6,90.2,3.22,6.03,3.07,Bearing Degradation
5247.3,103.8,3.61,1.78,3.24,Overheating
5315.2,79.8,4.37,1.24,2.6,Normal
5300.8,103.8,3.75,2.02,3.38,Overheating
5230.4,105.8,3.53,1.8,3.45,Overheating
5233.0,76.3,4.29,1.28,2.8,Normal
4879.0,88.5,2.45,2.24,2.84,Low Oil Pressure
4755.7,91.9,2.53,2.32,2.81,Low Oil Pressure
4611.4,81.3,4.07,2.07,3.32,Performance Degradation
5296.5,99.0,3.85,1.7,3.04,Overheating
4845.5,93.8,2.54,2.33,3.04,Low Oil Pressure
4628.7,89.6,3.15,5.05,3.23,Bearing Degradation
5268.1,102.5,3.75,1.62,3.28,Overheating
5230.7,72.5,4.36,1.22,2.84,Normal
5278.8,101.2,3.44,1.92,3.22,Overheating
4683.7,92.2,3.44,5.53,2.96,Bearing Degradation
4928.1,94.5,2.32,2.56,3.05,Low Oil Pressure
4673.1,85.1,3.89,2.14,3.89,Performance Degradation
4920.9,91.2,2.51,2.54,3.02,Low Oil Pressure
4763.8,90.2,2.6,2.46,3.02,Low Oil Pressure
4812.5,90.1,3.24,3.86,3.38,Bearing Degradation
4932.2,93.1,2.34,2.26,2.95,Low Oil Pressure
4718.4,83.8,3.73,1.97,3.44,Performance Degradation
5198.0,107.2,3.43,1.75,3.45,Overheating
4903.2,93.5,2.32,2.54,2.73,Low Oil Pressure
4849.1,92.9,2.3,2.54,2.81,Low Oil Pressure
5224.2,76.2,4.33,1.25,2.75,Normal
4694.3,85.3,3.84,2.02,3.47,Performance Degradation
5115.0,78.2,4.16,1.2,2.63,Normal
4671.1,92.7,2.99,5.45,3.09,Bearing Degradation
4581.5,88.9,3.02,4.99,3.24,Bearing Degradation
5239.3,77.1,4.28,1.32,2.85,Normal
4547.1,90.6,3.23,4.68,3.03,Bearing Degradation
5192.6,103.1,3.6,1.77,3.32,Overheating
4649.7,82.5,3.97,2.28,3.65,Performance Degradation
4511.3,85.9,3.3,3.7,3.03,Bearing Degradation
4531.6,88.6,3.25,4.08,3.15,Bearing Degradation
4524.4,89.1,3.2,6.1,3.19,Bearing Degradation
5349.0,103.8,3.73,1.89,3.36,Overheating
5312.0,103.5,3.58,1.81,3.47,Overheating
4788.6,85.9,4.23,2.0,3.64,Performance Degradation
4913.1,91.9,2.52,2.31,2.78,Low Oil Pressure
4519.6,84.4,3.36,5.68,2.88,Bearing Degradation
5323.6,103.0,3.65,1.65,3.24,Overheating
5283.1,78.6,4.47,0.98,2.62,Normal
4733.9,84.2,3.93,2.08,3.87,Performance Degradation
5188.7,79.2,4.25,1.09,2.67,Normal
4749.5,84.4,3.92,1.6,3.64,Performance Degradation
4552.9,87.3,3.11,5.91,3.18,Bearing Degradation
4765.3,83.9,3.78,1.85,3.56,Performance Degradation
5257.1,107.8,3.5,1.93,3.36,Overheating
5247.7,102.7,3.68,1.69,3.24,Overheating
4801.9,83.3,4.06,1.98,3.46,Performance Degradation
4712.7,93.4,2.23,2.56,2.89,Low Oil Pressure
5191.6,82.6,4.35,0.98,2.61,Normal
4808.0,83.6,3.51,2.01,3.83,Performance Degradation
4749.9,87.2,3.71,2.19,3.47,Performance Degradation
4765.9,92.2,3.06,6.26,2.99,Bearing Degradation
4663.6,86.0,3.45,5.26,3.03,Bearing Degradation
4933.4,92.1,2.22,2.27,3.02,Low Oil Pressure
4726.5,90.0,3.08,4.49,2.99,Bearing Degradation
4577.4,85.6,3.86,2.06,3.9,Performance Degradation
5292.1,111.4,3.42,2.25,3.53,Overheating
5344.3,105.6,3.58,1.96,3.35,Overheating
4595.6,86.1,3.1,5.8,3.12,Bearing Degradation
5247.7,110.2,3.38,1.9,3.56,Overheating
4615.1,79.5,3.84,1.97,4.01,Performance Degradation
4776.7,93.9,2.11,2.6,2.97,Low Oil Pressure
4880.3,91.7,2.56,2.17,2.73,Low Oil Pressure
4857.4,91.1,2.19,2.49,2.88,Low Oil Pressure
4611.9,93.7,3.14,4.75,3.0,Bearing Degradation
4480.1,89.3,3.82,2.24,3.5,Performance Degradation
4875.6,88.9,2.49,2.31,2.81,Low Oil Pressure
5259.0,76.5,4.43,1.5,2.73,Normal
4682.5,84.6,3.76,2.03,3.65,Performance Degradation
4608.7,87.9,3.08,5.64,2.99,Bearing Degradation
4665.6,89.2,3.65,4.69,2.98,Bearing Degradation
5180.4,104.6,3.49,1.72,3.29,Overheating
5200.8,78.1,4.24,1.18,2.64,Normal
5255.7,77.2,4.33,1.35,2.67,Normal
4592.6,90.9,3.21,5.75,3.18,Bearing Degradation
4728.0,89.3,2.26,2.49,2.86,Low Oil Pressure
4947.8,86.8,2.65,2.26,2.74,Low Oil Pressure
4835.5,95.2,2.23,2.6,2.9,Low Oil Pressure
4581.6,87.6,4.09,2.1,3.31,Performance Degradation
5276.3,117.2,3.32,1.89,3.66,Overheating
4718.3,83.8,3.69,2.27,3.58,Performance Degradation
5252.7,106.6,3.42,1.97,3.49,Overheating
4483.8,82.0,2.93,5.6,3.39,Bearing Degradation
4774.7,92.8,2.38,2.45,3.06,Low Oil Pressure
5249.8,111.2,3.47,1.88,3.7,Overheating
4518.2,86.8,3.29,5.41,3.12,Bearing Degradation
5189.3,106.3,3.69,1.94,3.38,Overheating
4771.9,92.9,2.49,2.19,3.03,Low Oil Pressure
4659.0,87.7,3.27,6.05,3.06,Bearing Degradation
5182.5,79.0,4.27,1.2,2.7,Normal
5252.4,104.8,3.7,1.8,3.34,Overheating
4811.0,88.1,2.5,2.48,2.9,Low Oil Pressure
4772.8,94.1,2.58,2.31,2.89,Low Oil Pressure
5283.2,76.2,4.28,1.23,2.61,Normal
5351.4,98.2,3.74,1.64,3.26,Overheating
5200.0,103.0,3.73,1.87,3.42,Overheating
4907.6,93.3,2.17,2.68,2.81,Low Oil Pressure
5221.9,95.5,3.85,1.59,3.03,Overheating
5173.3,97.9,3.59,1.6,3.32,Overheating
4503.8,88.8,3.26,5.93,3.39,Bearing Degradation
4697.5,88.0,3.5,3.79,3.3,Bearing Degradation
5227.9,76.1,4.34,1.01,2.62,Normal
4912.4,92.4,2.33,2.47,2.95,Low Oil Pressure
5231.5,101.2,3.62,1.56,3.41,Overheating
4626.6,89.1,3.37,5.01,3.0,Bearing Degradation
5344.0,96.4,3.85,1.74,3.25,Overheating
4554.7,84.3,3.83,1.95,3.25,Performance Degradation
4788.7,90.5,2.34,2.4,3.06,Low Oil Pressure
4718.1,91.1,3.47,4.36,3.25,Bearing Degradation
5168.3,80.4,4.14,1.13,2.92,Normal
4674.0,91.6,3.39,5.38,3.18,Bearing Degradation
5108.1,79.2,4.37,1.32,2.77,Normal
5309.5,113.4,3.29,1.92,3.47,Overheating
5310.8,76.0,4.15,1.1,2.6,Normal
5208.7,80.6,4.43,1.2,2.77,Normal
5300.4,99.9,3.64,1.7,3.21,Overheating
4654.6,84.9,4.13,2.16,3.99,Performance Degradation
5218.6,76.0,4.38,1.13,2.94,Normal
4702.1,82.9,3.05,4.36,2.97,Bearing Degradation
4650.0,91.3,3.29,5.33,3.12,Bearing Degradation
5211.0,74.7,4.34,1.28,2.74,Normal
4785.1,87.4,3.35,5.1,2.99,Bearing Degradation
4648.6,88.1,3.35,5.59,3.03,Bearing Degradation
5286.5,96.3,3.72,1.83,3.04,Overheating
5269.7,103.2,3.66,1.81,3.35,Overheating
4571.5,85.2,3.11,4.3,3.1,Bearing Degradation
5335.4,101.1,3.55,1.92,3.39,Overheating
4832.3,88.6,2.5,2.13,2.83,Low Oil Pressure
4707.0,87.8,3.41,5.01,3.0,Bearing Degradation
4853.4,91.3,2.28,2.53,2.92,Low Oil Pressure
4617.5,85.2,3.17,4.21,3.11,Bearing Degradation
4773.3,90.9,3.0,5.23,3.04,Bearing Degradation
4708.6,84.9,4.05,2.16,3.83,Performance Degradation
5334.4,108.4,3.48,2.02,3.32,Overheating
5206.8,78.8,4.29,1.33,2.7,Normal
4684.2,82.6,3.84,2.18,3.97,Performance Degradation
5236.6,79.3,4.2,1.16,2.69,Normal
5185.5,78.1,4.3,1.11,2.82,Normal
5238.0,111.0,3.51,2.01,3.42,Overheating
5259.8,95.5,3.84,1.48,3.0,Overheating
4827.0,91.0,2.35,2.35,2.92,Low Oil Pressure
4584.6,86.3,3.22,4.79,3.11,Bearing Degradation
4585.0,84.0,3.88,2.24,3.84,Performance Degradation
4786.1,86.5,3.18,5.37,3.35,Bearing Degradation
4815.8,85.6,3.24,5.45,3.1,Bearing Degradation
4909.0,95.7,2.21,2.84,2.92,Low Oil Pressure
4617.5,81.0,3.84,2.29,3.39,Performance Degradation
4630.8,91.6,3.25,5.06,3.05,Bearing Degradation
4611.3,78.2,3.98,2.22,3.38,Performance Degradation
4922.6,92.2,2.29,2.73,3.11,Low Oil Pressure
5331.2,102.0,3.64,1.68,3.24,Overheating
4534.7,88.1,3.15,5.48,3.06,Bearing Degradation
4659.4,85.2,3.85,2.11,3.8,Performance Degradation
4842.8,88.1,2.19,2.72,2.88,Low Oil Pressure
5204.9,78.8,4.44,1.19,2.79,Normal
4719.2,90.4,2.18,2.69,2.8,Low Oil Pressure
4750.5,83.8,3.77,2.36,3.62,Performance Degradation
4678.6,82.1,3.9,2.34,3.72,Performance Degradation
5144.0,73.6,4.35,1.22,2.84,Normal
4636.3,84.0,3.99,2.01,3.49,Performance Degradation
5202.3,78.8,4.47,1.34,2.8,Normal
4889.3,88.3,2.29,2.34,2.88,Low Oil Pressure
4882.2,88.5,2.29,2.71,2.92,Low Oil Pressure
4642.9,86.2,4.01,2.4,3.56,Performance Degradation
4690.9,88.9,3.17,4.64,3.17,Bearing Degradation
5156.1,75.8,4.3,1.22,2.69,Normal
5247.4,75.4,4.2,1.42,2.64,Normal
4806.9,93.3,2.11,2.56,2.94,Low Oil Pressure
4624.7,88.9,3.29,4.67,3.38,Bearing Degradation
4579.6,88.9,3.47,5.96,3.23,Bearing Degradation
5332.4,106.1,3.66,1.77,3.36,Overheating
4817.3,92.5,2.32,2.55,2.95,Low Oil Pressure
5256.3,105.8,3.75,1.83,3.31,Overheating
5174.9,77.2,4.48,1.08,2.7,Normal
4741.6,79.6,3.82,2.04,3.63,Performance Degradation
5335.8,111.5,3.39,1.99,3.58,Overheating
4566.2,86.0,3.59,1.95,3.5,Performance Degradation
4537.4,87.7,3.93,2.12,3.4,Performance Degradation
4899.3,93.5,2.52,2.12,2.88,Low Oil Pressure
4823.9,94.2,2.05,2.62,2.76,Low Oil Pressure
4510.5,90.5,3.18,5.86,3.35,Bearing Degradation
4622.1,93.9,3.23,5.35,3.21,Bearing Degradation
5309.9,113.3,3.32,1.95,3.6,Overheating
4766.0,88.7,3.45,5.57,3.07,Bearing Degradation
4750.6,82.5,4.05,1.9,3.99,Performance Degradation
4694.6,87.5,3.09,4.48,2.95,Bearing Degradation
4663.6,87.3,3.31,5.46,3.01,Bearing Degradation
4629.5,85.2,3.37,6.54,3.04,Bearing Degradation
5271.1,103.6,3.62,1.82,3.42,Overheating
4665.6,88.1,3.37,5.38,2.91,Bearing Degradation
4728.4,88.7,3.05,4.63,2.94,Bearing Degradation
4642.0,88.3,3.16,5.21,2.95,Bearing Degradation
5221.2,77.5,4.39,1.16,2.71,Normal
4595.2,83.9,3.99,1.85,3.77,Performance Degradation
4599.9,87.2,4.19,2.03,3.68,Performance Degradation
5257.2,107.8,3.4,1.8,3.33,Overheating
5174.5,105.2,3.63,1.8,3.45,Overheating
5190.2,106.2,3.73,1.83,3.48,Overheating
4609.8,83.5,3.7,1.75,3.49,Performance Degradation
4640.6,93.3,3.22,5.62,3.36,Bearing Degradation
5267.5,111.3,3.29,1.97,3.71,Overheating
5231.3,79.8,4.28,1.22,2.61,Normal
5195.0,97.7,3.75,1.65,3.15,Overheating
4697.7,89.0,3.36,5.22,3.11,Bearing Degradation
4600.6,81.0,4.04,2.2,4.04,Performance Degradation
4578.0,85.1,3.76,2.4,3.61,Performance Degradation
4936.8,91.7,2.32,2.63,2.87,Low Oil Pressure
5205.8,79.3,4.27,1.2,2.62,Normal
4588.5,84.1,4.09,2.03,4.13,Performance Degradation
5208.8,106.9,3.56,1.86,3.42,Overheating
5227.5,77.4,4.32,1.3,2.66,Normal
5157.1,104.6,3.7,1.72,3.33,Overheating
4896.5,96.3,2.19,2.46,2.83,Low Oil Pressure
5189.1,78.6,4.09,1.16,2.64,Normal
4681.3,85.1,3.89,2.27,3.85,Performance Degradation
4622.1,85.4,4.07,2.04,4.01,Performance Degradation
5208.3,76.9,4.51,1.2,2.73,Normal
4652.7,86.7,3.8,1.95,3.8,Performance Degradation
4727.3,86.0,3.35,4.39,2.94,Bearing Degradation
5179.2,76.0,4.23,1.4,2.75,Normal
4454.0,86.4,2.93,5.63,2.93,Bearing Degradation
4845.3,92.9,2.13,2.77,2.89,Low Oil Pressure
4896.3,94.3,2.04,2.71,2.9,Low Oil Pressure
5209.4,81.0,4.09,1.27,2.83,Normal
5261.5,114.0,3.44,2.15,3.49,Overheating
4864.8,90.1,2.65,2.35,2.87,Low Oil Pressure
4940.1,94.0,2.35,2.42,2.92,Low Oil Pressure
5288.6,98.7,3.65,1.72,3.06,Overheating
4599.7,85.6,3.32,5.49,3.14,Bearing Degradation
4546.3,86.2,3.85,2.16,3.44,Performance Degradation
5203.7,77.5,4.12,1.36,2.59,Normal
4952.6,91.6,2.2,2.52,2.89,Low Oil Pressure
5150.3,76.7,4.24,1.3,2.7,Normal
5304.8,115.6,3.49,1.93,3.57,Overheating
4561.2,87.9,3.17,5.3,3.04,Bearing Degradation
5292.0,110.8,3.55,1.94,3.36,Overheating
5212.0,107.1,3.64,1.93,3.44,Overheating
5186.5,78.3,4.33,1.16,2.78,Normal
4635.5,82.1,4.06,2.2,3.52,Performance Degradation
4618.4,83.5,3.81,2.33,3.49,Performance Degradation
5319.8,112.1,3.23,1.86,3.65,Overheating
5210.2,103.9,3.77,1.71,3.3,Overheating
4585.6,85.8,3.89,2.11,3.78,Performance Degradation
5199.8,78.1,4.16,1.21,2.62,Normal
4585.5,88.3,3.35,5.41,3.19,Bearing Degradation
4410.8,85.8,3.66,2.26,3.35,Performance Degradation
5246.2,105.1,3.73,1.63,3.21,Overheating
5180.4,76.4,4.16,1.06,2.67,Normal
4507.3,83.1,3.93,1.89,3.2,Performance Degradation
4721.5,91.3,3.03,4.92,3.26,Bearing Degradation
5261.8,76.8,4.39,1.45,2.76,Normal
4527.2,89.3,3.13,5.88,3.14,Bearing Degradation
4556.8,86.8,3.15,5.74,2.96,Bearing Degradation
4756.4,91.2,2.65,2.08,2.98,Low Oil Pressure
5179.6,75.3,4.38,0.93,2.78,Normal
5256.1,76.6,4.37,1.23,2.79,Normal
4678.0,82.0,3.94,2.1,3.72,Performance Degradation
4914.8,87.8,2.65,2.23,2.71,Low Oil Pressure
5206.6,81.4,4.19,1.06,2.72,Normal
4845.6,90.4,2.21,2.42,2.93,Low Oil Pressure
5277.5,108.8,3.51,1.87,3.44,Overheating
5171.8,102.2,3.73,1.65,3.35,Overheating
5324.0,105.4,3.53,1.84,3.38,Overheating
4859.0,88.1,2.55,2.36,2.84,Low Oil Pressure
5268.4,107.0,3.72,1.86,3.42,Overheating
4934.5,87.5,2.37,2.38,2.79,Low Oil Pressure
4699.5,93.6,3.49,5.51,3.3,Bearing Degradation
5229.1,76.4,4.3,1.09,2.69,Normal
5286.2,101.5,3.63,1.82,3.16,Overheating
4824.8,93.4,2.5,2.33,2.84,Low Oil Pressure
5224.8,76.9,4.14,1.34,2.56,Normal
4505.4,80.9,4.13,2.01,3.89,Performance Degradation
4893.6,91.0,2.4,2.64,2.65,Low Oil Pressure
5125.2,76.1,4.39,1.26,2.58,Normal
4523.6,83.3,3.93,1.82,3.2,Performance Degradation
4757.0,89.1,3.75,1.96,3.87,Performance Degradation
4846.4,88.3,2.65,2.06,2.91,Low Oil Pressure
4556.4,86.3,3.89,2.47,3.68,Performance Degradation
5287.3,106.9,3.47,1.81,3.58,Overheating
4611.2,85.2,4.13,2.04,3.91,Performance Degradation
5156.0,81.4,4.3,1.09,2.69,Normal
5187.2,101.5,3.68,1.7,3.27,Overheating
5296.0,99.9,3.83,1.57,3.21,Overheating
4708.3,89.4,3.16,4.79,2.94,Bearing Degradation
4821.4,91.9,2.27,2.75,2.95,Low Oil Pressure
5246.1,98.5,3.75,1.66,3.17,Overheating
4900.7,93.5,2.35,2.67,2.9,Low Oil Pressure
4764.4,94.3,2.13,2.5,2.97,Low Oil Pressure
4826.6,92.5,2.31,2.64,2.87,Low Oil Pressure
4855.7,89.3,2.55,2.53,2.81,Low Oil Pressure
4899.0,94.0,2.23,2.56,2.64,Low Oil Pressure
4894.6,96.3,1.97,2.61,3.06,Low Oil Pressure
4617.6,80.5,3.88,2.31,4.02,Performance Degradation
5145.6,78.3,4.19,1.42,2.66,Normal
5295.5,101.1,3.64,1.84,3.37,Overheating
4798.0,91.0,2.33,2.39,2.93,Low Oil Pressure
4626.8,87.3,3.85,2.09,3.2,Performance Degradation
4800.4,100.2,1.64,3.02,3.08,Low Oil Pressure
4787.6,87.6,4.04,2.12,3.72,Performance Degradation
4799.2,90.0,3.06,4.61,2.91,Bearing Degradation
4676.9,84.9,3.79,2.07,3.67,Performance Degradation
4879.1,90.5,2.65,2.14,3.05,Low Oil Pressure
4563.6,87.2,3.33,4.6,3.0,Bearing Degradation
4577.1,92.7,3.49,5.13,3.1,Bearing Degradation
4633.8,89.6,3.16,5.24,3.28,Bearing Degradation
5233.6,102.3,3.7,1.88,3.39,Overheating
4699.2,80.5,4.07,2.24,3.89,Performance Degradation
4696.2,90.2,3.5,5.03,2.92,Bearing Degradation
5274.6,109.0,3.65,1.82,3.5,Overheating
4689.3,85.6,3.38,4.18,3.09,Bearing Degradation
4699.4,86.2,3.89,2.28,3.34,Performance Degradation
4758.9,94.3,2.44,2.12,2.98,Low Oil Pressure
4741.5,81.1,3.97,1.65,3.56,Performance Degradation
5135.3,78.7,4.12,1.14,2.66,Normal
4716.6,86.0,3.88,2.1,3.75,Performance Degradation
4949.0,92.9,2.34,2.29,3.09,Low Oil Pressure
4645.6,85.7,3.89,1.91,3.63,Performance Degradation
4586.3,83.8,3.95,2.15,3.91,Performance Degradation
5203.5,80.1,4.39,1.5,2.6,Normal
4644.5,84.8,3.92,1.97,3.61,Performance Degradation
4568.3,86.1,3.64,1.99,3.91,Performance Degradation
5261.1,101.2,3.69,1.82,3.26,Overheating
4714.2,83.3,3.9,2.05,3.57,Performance Degradation
5214.4,78.4,4.13,1.19,2.57,Normal
5143.3,77.7,4.41,1.13,2.67,Normal
4792.7,85.8,3.68,2.25,3.64,Performance Degradation
4889.8,93.0,2.35,2.37,2.87,Low Oil Pressure
4632.0,89.1,4.25,2.19,3.2,Performance Degradation
5209.6,82.0,4.43,1.12,2.69,Normal
5176.7,77.4,4.28,1.44,2.73,Normal
4705.5,83.4,3.8,1.84,3.27,Performance Degradation
4486.5,88.4,2.99,4.75,3.2,Bearing Degradation
4868.8,91.9,2.51,2.09,3.01,Low Oil Pressure
4664.4,84.4,3.55,5.12,2.94,Bearing Degradation
4769.9,86.1,3.2,4.75,3.12,Bearing Degradation
4544.7,82.6,3.91,2.13,3.42,Performance Degradation
4718.3,84.6,3.49,4.76,3.26,Bearing Degradation
4539.5,87.8,3.28,4.98,3.22,Bearing Degradation
4566.9,87.7,3.1,5.11,2.88,Bearing Degradation
5262.3,103.8,3.58,1.83,3.34,Overheating
4625.6,88.6,3.29,5.05,2.99,Bearing Degradation
4537.3,92.6,3.05,5.58,3.43,Bearing Degradation
4597.8,91.9,3.34,5.12,3.05,Bearing Degradation
4701.8,91.8,3.1,4.39,2.99,Bearing Degradation
4793.2,88.4,2.37,2.35,2.96,Low Oil Pressure
5313.7,104.5,3.54,1.85,3.25,Overheating
4928.4,94.7,2.36,2.15,2.84,Low Oil Pressure
5170.2,77.2,4.45,1.11,2.83,Normal
4653.4,92.0,3.36,5.05,3.27,Bearing Degradation
4491.7,84.5,3.8,1.91,3.77,Performance Degradation
5206.8,102.4,3.7,1.73,3.44,Overheating
4564.8,86.8,3.04,5.75,3.05,Bearing Degradation
4558.4,84.8,4.03,2.02,3.54,Performance Degradation
4621.8,90.6,3.09,5.0,3.26,Bearing Degradation
5151.8,75.7,4.4,1.33,2.69,Normal
4770.2,83.7,4.06,2.49,3.47,Performance Degradation
4746.4,91.9,2.01,2.82,2.69,Low Oil Pressure
4611.0,93.5,3.27,5.97,3.08,Bearing Degradation
4841.8,95.1,2.49,2.13,3.05,Low Oil Pressure
4614.6,90.0,3.05,5.77,3.09,Bearing Degradation
5241.1,110.3,3.23,1.85,3.52,Overheating
4553.8,87.7,3.89,2.48,3.74,Performance Degradation
5260.4,111.0,3.31,1.81,3.61,Overheating
4532.5,82.7,3.69,2.38,4.02,Performance Degradation
5357.4,105.0,3.62,1.96,3.48,Overheating
4599.5,85.4,3.6,6.23,2.84,Bearing Degradation
4725.7,78.1,3.83,1.87,3.66,Performance Degradation
5292.1,95.5,3.85,1.58,3.02,Overheating
5144.3,74.8,4.34,1.21,2.75,Normal
4803.5,90.6,2.45,2.5,2.82,Low Oil Pressure
5323.8,105.5,3.59,1.63,3.38,Overheating
5317.1,101.5,3.76,1.81,3.31,Overheating
5225.0,116.7,3.29,1.95,3.69,Overheating
4710.2,89.9,3.31,5.3,3.02,Bearing Degradation
5152.6,77.1,4.36,1.5,2.73,Normal
4742.9,91.8,2.47,2.46,2.85,Low Oil Pressure
4795.4,92.6,2.13,2.78,3.05,Low Oil Pressure
5191.3,79.5,4.46,1.18,2.63,Normal
4689.9,80.8,3.88,1.88,3.58,Performance Degradation
4606.7,89.2,3.03,5.13,3.36,Bearing Degradation
4577.6,88.7,3.85,1.9,3.65,Performance Degradation
5160.6,79.6,4.08,1.19,2.56,Normal
4873.5,95.4,2.49,2.31,2.96,Low Oil Pressure
5213.9,81.9,4.4,1.27,2.68,Normal
4830.0,92.6,2.33,2.5,2.99,Low Oil Pressure
4671.8,82.3,4.0,2.14,3.84,Performance Degradation
4612.7,89.3,3.31,5.27,3.17,Bearing Degradation
5376.8,112.2,3.24,1.62,3.31,Overheating
4846.8,90.5,2.62,2.46,3.0,Low Oil Pressure
4841.4,90.8,2.53,2.24,2.72,Low Oil Pressure
4876.7,88.0,2.65,2.28,3.12,Low Oil Pressure
5187.9,76.8,4.27,1.14,2.67,Normal
4692.2,82.7,4.01,2.17,3.46,Performance Degradation
4946.1,90.5,2.34,2.1,2.82,Low Oil Pressure
4937.4,93.3,1.92,2.81,2.96,Low Oil Pressure
4754.0,87.0,3.19,4.72,3.41,Bearing Degradation
5244.4,78.4,4.46,1.45,2.7,Normal
4559.4,80.6,3.74,2.35,3.96,Performance Degradation
4815.6,91.2,2.43,2.22,2.95,Low Oil Pressure
5259.9,102.5,3.63,1.93,3.15,Overheating
4751.3,82.1,4.08,1.72,4.09,Performance Degradation
5215.8,80.1,4.3,1.31,2.68,Normal
4491.3,82.9,3.78,1.86,3.82,Performance Degradation
4578.9,85.3,3.19,4.69,3.01,Bearing Degradation
4711.4,90.5,2.58,2.14,2.93,Low Oil Pressure
4865.7,87.5,2.42,2.56,2.84,Low Oil Pressure
5222.4,108.1,3.46,1.77,3.41,Overheating
4727.1,92.4,2.35,2.53,2.82,Low Oil Pressure
5241.2,77.0,4.39,1.16,2.54,Normal
5300.3,104.3,3.55,2.11,3.46,Overheating
5297.1,105.8,3.51,1.75,3.32,Overheating
4696.4,85.1,3.81,2.07,3.65,Performance Degradation
4812.7,94.3,2.32,2.49,2.85,Low Oil Pressure
5350.7,106.5,3.41,1.78,3.42,Overheating
4577.8,89.9,3.39,5.7,3.16,Bearing Degradation
5154.0,78.1,4.3,1.24,2.65,Normal
5164.8,78.2,4.29,1.33,2.63,Normal
4827.8,94.8,1.84,2.81,2.88,Low Oil Pressure
4940.1,91.1,2.38,2.62,3.06,Low Oil Pressure
5205.7,101.3,3.73,1.77,3.23,Overheating
4633.7,88.7,3.57,5.24,2.91,Bearing Degradation
5205.6,78.4,4.27,1.22,2.83,Normal
4679.3,83.3,3.31,4.55,3.22,Bearing Degradation
4763.7,81.9,4.14,2.35,3.66,Performance Degradation
4784.4,91.1,2.61,2.38,2.82,Low Oil Pressure
5108.3,76.0,4.39,1.38,2.8,Normal
4789.8,88.5,2.64,2.5,2.74,Low Oil Pressure
4738.5,88.1,3.02,5.7,2.87,Bearing Degradation
5154.6,106.4,3.57,1.71,3.25,Overheating
4816.8,93.3,2.12,2.48,3.0,Low Oil Pressure
4901.0,95.5,1.87,2.72,2.93,Low Oil Pressure
4909.4,90.2,2.44,2.36,3.1,Low Oil Pressure
4810.8,94.8,2.24,2.68,2.98,Low Oil Pressure
4824.3,96.8,2.23,2.18,2.83,Low Oil Pressure
4717.4,80.7,3.87,2.17,3.61,Performance Degradation
4741.7,83.1,3.79,2.06,3.42,Performance Degradation
5221.4,101.5,3.71,1.83,3.29,Overheating
5186.7,111.9,3.57,1.92,3.59,Overheating
5246.6,100.1,3.71,1.71,3.28,Overheating
5217.3,76.7,4.25,1.18,2.78,Normal
4893.5,92.1,2.26,2.34,2.72,Low Oil Pressure
4673.8,87.6,3.05,5.48,3.24,Bearing Degradation
4607.3,88.4,3.18,4.35,3.23,Bearing Degradation
5204.3,78.7,4.16,0.92,2.74,Normal
4726.5,83.2,3.87,2.01,3.49,Performance Degradation
4692.9,85.2,3.81,2.18,3.5,Performance Degradation
5297.3,106.0,3.49,1.6,3.41,Overheating
4496.4,90.0,4.0,2.08,3.86,Performance Degradation
4682.1,86.7,3.86,2.03,3.45,Performance Degradation
5188.9,75.8,4.36,1.08,2.72,Normal
4745.6,80.8,3.8,2.13,3.42,Performance Degradation
4801.7,91.5,3.45,4.4,2.96,Bearing Degradation
4579.3,92.7,3.64,5.03,3.15,Bearing Degradation
5219.1,78.7,4.2,1.16,2.82,Normal
5235.6,82.8,4.24,1.19,2.79,Normal
5266.1,106.3,3.54,1.85,3.4,Overheating
4614.6,93.0,3.14,5.15,3.27,Bearing Degradation
5270.4,102.1,3.7,1.7,3.18,Overheating
4531.4,83.1,3.72,1.81,3.43,Performance Degradation
5224.4,106.9,3.56,2.01,3.34,Overheating
5293.9,102.9,3.7,1.76,3.18,Overheating
4603.2,85.6,3.79,2.04,3.34,Performance Degradation
4713.7,87.0,3.07,3.7,3.21,Bearing Degradation
4958.8,95.3,2.3,2.44,2.99,Low Oil Pressure
5158.6,77.3,4.29,1.1,2.58,Normal
4718.4,93.0,2.37,2.48,2.94,Low Oil Pressure
4565.6,88.8,3.3,4.64,3.04,Bearing Degradation
4641.6,85.2,4.11,2.29,3.89,Performance Degradation
4933.7,94.8,2.23,2.49,2.97,Low Oil Pressure
5190.2,111.1,3.41,1.8,3.54,Overheating
5150.2,78.8,4.2,1.16,2.58,Normal
5133.4,78.9,4.12,1.06,2.67,Normal
4876.3,91.9,2.31,2.4,2.98,Low Oil Pressure
5293.2,110.2,3.47,1.72,3.46,Overheating
5257.2,77.5,4.33,1.13,2.57,Normal
4863.8,94.9,2.08,2.58,2.94,Low Oil Pressure
5142.4,78.9,4.35,1.15,2.82,Normal
4830.8,87.1,3.04,4.43,3.15,Bearing Degradation
4808.1,89.2,2.52,2.38,2.92,Low Oil Pressure
5248.0,104.9,3.64,1.75,3.18,Overheating
5141.3,77.0,4.11,1.29,2.72,Normal
4671.0,85.5,4.09,2.03,3.59,Performance Degradation
5296.4,102.9,3.56,1.83,3.37,Overheating
4689.4,85.0,3.17,4.5,2.92,Bearing Degradation
5235.1,75.0,4.21,1.09,2.81,Normal
4997.5,92.3,2.16,2.7,2.89,Low Oil Pressure
5271.1,107.2,3.55,1.93,3.36,Overheating
5208.6,82.6,4.27,1.34,2.61,Normal
5365.8,98.5,3.85,1.49,3.19,Overheating
5260.0,107.7,3.57,1.87,3.47,Overheating
4828.7,86.5,3.5,4.52,3.15,Bearing Degradation
4604.4,94.0,3.24,4.54,3.08,Bearing Degradation
4584.2,84.1,3.91,2.19,3.53,Performance Degradation
4554.9,87.7,4.09,2.23,3.72,Performance Degradation
4741.3,84.6,3.73,2.29,3.85,Performance Degradation
5239.7,74.2,4.3,1.36,2.64,Normal
5161.2,80.9,4.25,1.28,2.66,Normal
5183.8,76.0,4.29,1.26,2.74,Normal
5362.1,98.6,3.83,1.4,3.19,Overheating
5239.1,76.7,4.46,1.31,2.91,Normal
5300.4,78.4,4.29,1.27,2.78,Normal
5278.1,76.8,4.31,1.16,2.68,Normal
4748.9,88.3,2.59,2.23,2.9,Low Oil Pressure
5231.9,79.5,4.35,1.31,2.58,Normal
4554.7,91.5,3.35,5.01,3.08,Bearing Degradation
5188.2,112.8,3.47,1.96,3.69,Overheating
5256.1,100.4,3.67,1.82,3.28,Overheating
4662.7,88.3,3.02,4.4,3.24,Bearing Degradation
4697.8,89.1,3.3,5.18,2.97,Bearing Degradation
4889.1,92.2,2.19,2.36,2.79,Low Oil Pressure
4863.2,98.9,1.84,2.79,3.06,Low Oil Pressure
5226.1,74.6,4.31,1.28,2.81,Normal
4586.1,83.3,3.78,1.89,3.76,Performance Degradation
5284.8,77.6,4.41,1.32,2.6,Normal
5193.5,76.8,4.32,1.25,2.79,Normal
4760.3,88.3,3.95,1.83,3.43,Performance Degradation
4592.0,84.9,3.96,2.31,4.01,Performance Degradation
5190.8,74.9,4.34,1.43,2.71,Normal
4877.0,89.7,2.37,2.16,2.95,Low Oil Pressure
4798.7,86.7,4.18,2.01,3.42,Performance Degradation
5186.4,77.7,4.22,0.99,2.68,Normal
5257.6,99.4,3.75,1.62,3.18,Overheating
5329.3,105.9,3.55,1.76,3.25,Overheating
4695.7,86.8,3.16,4.68,3.07,Bearing Degradation
4737.4,84.1,3.74,1.84,3.68,Performance Degradation
5320.9,102.5,3.85,1.74,3.44,Overheating
4731.5,94.5,2.33,2.6,2.77,Low Oil Pressure
4614.9,86.9,3.48,5.15,3.15,Bearing Degradation
5281.4,109.0,3.44,1.88,3.34,Overheating
4723.8,84.1,3.95,2.15,3.51,Performance Degradation
4739.2,91.7,3.17,4.42,3.2,Bearing Degradation
5249.7,112.1,3.46,1.88,3.53,Overheating
4673.7,88.7,3.12,5.21,3.2,Bearing Degradation
4862.4,96.1,2.22,2.54,2.89,Low Oil Pressure
4588.4,87.6,3.12,5.79,3.13,Bearing Degradation
4648.4,90.9,3.32,4.24,2.98,Bearing Degradation
4748.2,94.0,2.09,2.43,2.95,Low Oil Pressure
5211.3,77.6,4.29,1.43,2.74,Normal
5217.2,109.2,3.53,1.95,3.43,Overheating
4530.7,85.4,2.94,4.49,2.85,Bearing Degradation
5313.5,100.6,3.82,1.71,3.33,Overheating
5267.0,111.6,3.44,1.92,3.52,Overheating
4589.6,89.5,2.99,4.91,2.99,Bearing Degradation
5309.2,104.9,3.61,1.79,3.46,Overheating
4498.6,88.9,3.52,4.11,3.12,Bearing Degradation
4891.7,89.3,2.4,2.13,2.91,Low Oil Pressure
4870.5,93.8,2.24,2.58,2.71,Low Oil Pressure
5252.4,100.7,3.68,1.71,3.28,Overheating
4593.9,88.1,4.04,2.09,3.79,Performance Degradation
5215.6,103.9,3.58,1.53,3.32,Overheating
5228.5,78.4,4.29,1.31,2.55,Normal
4723.4,87.1,3.61,1.99,3.59,Performance Degradation
4768.0,90.3,2.4,2.58,2.95,Low Oil Pressure
4619.2,85.7,3.88,2.2,3.82,Performance Degradation
4849.7,99.6,2.34,2.14,3.14,Low Oil Pressure
4566.2,84.7,3.73,2.18,3.39,Performance Degradation
4559.9,91.3,3.03,4.49,3.1,Bearing Degradation
4594.9,87.8,4.08,2.6,4.12,Performance Degradation
4684.3,89.1,3.14,5.39,3.11,Bearing Degradation
4591.3,86.5,3.46,6.05,3.17,Bearing Degradation
5253.8,76.6,4.28,1.32,2.79,Normal
5168.8,77.8,4.37,1.09,2.73,Normal
4669.3,85.9,3.75,2.12,3.7,Performance Degradation
4599.5,88.7,3.1,4.75,3.03,Bearing Degradation
4918.4,93.3,2.29,2.69,2.63,Low Oil Pressure
5190.5,77.2,4.18,1.15,2.61,Normal
4859.0,86.9,2.65,2.41,2.84,Low Oil Pressure
4606.2,87.4,3.32,6.01,3.1,Bearing Degradation
5298.1,107.6,3.41,1.75,3.34,Overheating
4692.0,93.6,3.1,5.06,3.21,Bearing Degradation
5237.2,82.2,4.35,1.17,2.79,Normal
4920.4,96.5,2.23,2.67,2.85,Low Oil Pressure
5252.9,100.6,3.68,1.9,3.2,Overheating
4755.4,84.0,3.79,2.19,3.7,Performance Degradation
5311.8,105.8,3.6,1.68,3.58,Overheating
5110.9,81.7,4.43,1.36,2.62,Normal
5266.5,75.1,4.47,1.35,2.66,Normal
5212.0,79.0,4.43,0.96,2.68,Normal
4667.8,86.7,3.98,1.84,3.7,Performance Degradation
4906.7,93.8,2.53,2.46,2.67,Low Oil Pressure
4575.7,92.2,3.26,6.63,3.07,Bearing Degradation
4712.4,84.2,3.75,1.81,3.65,Performance Degradation
4595.4,88.8,2.74,4.48,3.01,Bearing Degradation
5144.3,76.0,4.4,1.32,2.46,Normal
4799.3,87.7,3.1,4.56,3.29,Bearing Degradation
4853.7,90.6,2.59,2.32,3.0,Low Oil Pressure
5267.3,80.5,4.22,1.22,2.64,Normal
5289.4,104.9,3.5,1.74,3.33,Overheating
5240.4,78.2,4.22,1.15,2.79,Normal
5227.4,76.3,4.56,1.23,2.8,Normal
4633.2,90.1,3.42,5.98,3.03,Bearing Degradation
4683.0,85.1,3.78,2.02,3.56,Performance Degradation
5338.0,99.1,3.73,1.59,3.19,Overheating
4803.4,91.3,2.31,2.37,3.0,Low Oil Pressure
4649.1,84.7,3.8,2.1,3.98,Performance Degradation
4796.8,94.5,2.26,2.61,2.77,Low Oil Pressure
5257.0,109.8,3.31,1.93,3.48,Overheating
4917.4,90.2,2.62,2.41,2.93,Low Oil Pressure
4495.7,88.3,3.22,4.89,3.31,Bearing Degradation
5232.6,99.3,3.69,1.66,3.27,Overheating
4798.5,89.1,2.39,2.5,2.66,Low Oil Pressure
4866.7,93.2,2.2,2.4,3.03,Low Oil Pressure
4623.7,84.4,2.92,4.92,2.87,Bearing Degradation
4653.1,95.0,3.2,4.09,3.04,Bearing Degradation
4493.3,88.6,3.26,5.28,3.06,Bearing Degradation
4598.0,85.4,2.93,4.05,3.34,Bearing Degradation
4551.0,84.9,4.03,2.4,3.9,Performance Degradation
4653.9,90.3,3.28,5.14,3.35,Bearing Degradation
5332.5,104.0,3.77,1.59,3.35,Overheating
4657.4,87.1,3.7,2.1,3.87,Performance Degradation
4737.7,84.6,3.8,2.31,3.76,Performance Degradation
4650.3,92.4,2.92,5.11,3.24,Bearing Degradation
4879.6,90.0,2.64,2.26,2.86,Low Oil Pressure
4745.1,88.8,3.0,4.02,2.91,Bearing Degradation
5353.2,105.0,3.56,1.84,3.33,Overheating
5187.2,106.9,3.62,1.7,3.29,Overheating
4684.8,87.8,3.03,4.93,3.13,Bearing Degradation
4637.4,85.5,3.09,5.21,3.2,Bearing Degradation
5297.9,107.5,3.51,1.75,3.4,Overheating
4694.0,87.7,2.79,5.54,2.95,Bearing Degradation
5338.9,110.3,3.57,1.97,3.5,Overheating
5153.9,80.6,4.18,0.91,2.68,Normal
4500.2,91.3,3.29,5.55,2.97,Bearing Degradation
4610.5,90.0,3.55,5.49,3.21,Bearing Degradation
5250.9,103.0,3.8,1.7,3.45,Overheating
4951.6,92.2,2.4,2.5,2.92,Low Oil Pressure
4843.3,90.3,2.44,2.21,2.71,Low Oil Pressure
5216.9,98.1,3.73,1.57,3.18,Overheating
4902.9,94.6,2.4,2.36,2.66,Low Oil Pressure
4621.0,89.8,3.32,6.03,3.11,Bearing Degradation
4609.7,84.2,3.85,2.21,3.62,Performance Degradation
4625.4,84.0,3.84,2.22,3.89,Performance Degradation
5227.3,106.1,3.58,1.64,3.36,Overheating
4647.4,84.7,3.8,2.12,3.66,Performance Degradation
4704.5,93.0,2.63,2.37,2.69,Low Oil Pressure
4843.0,90.9,2.12,2.41,3.03,Low Oil Pressure
4588.2,84.8,3.19,4.6,3.21,Bearing Degradation
4650.7,90.9,3.25,5.04,3.16,Bearing Degradation
5331.8,110.8,3.42,1.78,3.52,Overheating
4687.6,89.6,3.21,5.64,3.1,Bearing Degradation
4737.0,88.9,3.28,5.51,3.22,Bearing Degradation
4730.3,86.2,3.7,2.05,3.73,Performance Degradation
4608.1,91.6,3.1,4.74,3.1,Bearing Degradation
4807.9,89.9,2.92,6.12,3.02,Bearing Degradation
5156.0,73.6,4.33,1.22,2.8,Normal
4837.6,93.3,2.16,2.48,2.91,Low Oil Pressure
4710.0,89.2,2.28,2.67,2.91,Low Oil Pressure
4765.7,91.2,2.19,2.68,2.93,Low Oil Pressure
5241.8,77.7,4.36,0.99,2.63,Normal
4542.5,89.1,3.03,4.93,2.95,Bearing Degradation
4641.7,86.9,3.22,4.77,3.15,Bearing Degradation
5344.9,107.0,3.58,2.01,3.46,Overheating
4496.2,88.3,3.35,4.68,3.1,Bearing Degradation
5174.5,80.2,4.48,1.38,2.62,Normal
5187.2,102.9,3.58,1.84,3.31,Overheating
4741.4,95.4,2.09,2.56,2.94,Low Oil Pressure
4756.5,88.0,3.17,4.07,3.16,Bearing Degradation
5282.7,112.3,3.39,1.93,3.58,Overheating
5207.1,108.3,3.55,1.78,3.57,Overheating
4860.4,90.6,2.49,2.2,3.01,Low Oil Pressure
4675.4,89.6,3.16,4.49,3.26,Bearing Degradation
4597.2,83.1,3.24,5.44,3.04,Bearing Degradation
4582.1,86.8,3.96,2.22,3.75,Performance Degradation
4798.2,81.5,3.87,2.12,3.9,Performance Degradation
5200.7,75.9,4.25,1.35,2.66,Normal
4670.1,87.0,3.05,5.14,3.15,Bearing Degradation
4801.9,90.3,2.26,2.4,2.96,Low Oil Pressure
5272.8,105.8,3.35,2.01,3.32,Overheating
5289.1,95.5,3.85,1.6,3.12,Overheating
5120.7,78.3,4.34,1.1,2.71,Normal
4717.2,86.3,3.07,5.32,3.24,Bearing Degradation
4790.5,80.4,3.9,2.24,3.22,Performance Degradation
5183.8,80.8,4.46,1.42,2.69,Normal
5362.2,106.7,3.5,1.86,3.52,Overheating
5222.5,78.2,4.26,1.4,2.63,Normal
5237.9,104.5,3.67,2.03,3.39,Overheating
5282.7,115.0,3.32,2.02,3.65,Overheating
5153.0,74.4,4.28,0.98,2.77,Normal
5144.6,75.1,4.3,1.31,2.73,Normal
5293.3,77.5,4.12,1.16,2.7,Normal
5295.0,104.2,3.64,1.62,3.38,Overheating
5304.0,113.0,3.38,2.16,3.8,Overheating
4664.1,89.0,3.27,5.03,2.94,Bearing Degradation
5202.7,78.1,4.46,1.26,2.56,Normal
4624.3,89.2,3.21,5.22,3.2,Bearing Degradation
4744.0,88.4,3.29,4.42,3.1,Bearing Degradation
4927.1,89.6,2.51,2.42,2.97,Low Oil Pressure
5240.8,110.8,3.48,1.7,3.53,Overheating
4673.4,87.4,3.34,5.17,2.77,Bearing Degradation
4705.6,87.1,3.93,2.22,3.57,Performance Degradation
4899.0,95.9,2.16,2.42,3.07,Low Oil Pressure
4672.4,88.4,3.12,5.25,2.93,Bearing Degradation
4874.1,91.5,2.29,2.28,3.09,Low Oil Pressure
5256.7,105.1,3.42,1.64,3.29,Overheating
4865.5,92.3,2.19,2.45,2.81,Low Oil Pressure
5033.4,92.4,2.53,2.35,2.96,Low Oil Pressure
4699.8,86.6,3.45,5.19,3.0,Bearing Degradation
4705.8,88.5,3.11,6.19,3.07,Bearing Degradation
4739.7,85.5,3.72,1.89,3.57,Performance Degradation
4601.2,88.0,3.59,2.2,3.23,Performance Degradation
4917.3,92.8,2.07,2.87,2.58,Low Oil Pressure
5319.4,104.7,3.55,1.76,3.42,Overheating
4806.7,83.2,3.95,1.99,3.53,Performance Degradation
5243.0,76.3,4.25,1.32,2.74,Normal
5267.1,116.0,3.2,1.77,3.65,Overheating
4798.2,84.8,3.79,2.12,3.71,Performance Degradation
4696.8,93.5,3.2,5.39,2.96,Bearing Degradation
5149.3,102.2,3.68,1.8,3.23,Overheating
5274.2,112.2,3.37,1.9,3.45,Overheating
5208.9,78.3,4.32,1.19,2.71,Normal
4794.1,96.3,2.18,2.48,2.88,Low Oil Pressure
4832.2,91.7,2.3,2.59,2.73,Low Oil Pressure
4782.5,85.6,3.46,4.91,3.12,Bearing Degradation
5225.8,77.7,4.22,1.25,2.76,Normal
5174.0,80.1,4.36,1.29,2.6,Normal
5214.6,111.8,3.42,1.95,3.41,Overheating
5194.6,80.0,4.28,0.93,2.72,Normal
5210.2,112.6,3.36,2.2,3.58,Overheating
5251.9,99.5,3.67,1.71,3.24,Overheating
4684.7,84.7,3.87,2.51,3.35,Performance Degradation
5188.9,78.1,4.29,1.31,2.69,Normal
4704.2,91.2,3.11,5.86,3.08,Bearing Degradation
5268.8,105.6,3.69,1.92,3.21,Overheating
5257.4,113.2,3.49,2.01,3.59,Overheating
5260.0,108.8,3.37,1.91,3.54,Overheating
4914.8,96.1,2.24,2.63,2.97,Low Oil Pressure
4675.6,81.6,3.66,1.99,3.69,Performance Degradation
4563.2,87.0,3.44,4.73,3.07,Bearing Degradation
5237.7,78.7,4.21,1.08,2.73,Normal
5207.6,76.7,4.24,1.32,2.69,Normal
5274.0,107.7,3.61,2.02,3.38,Overheating
4635.6,89.3,3.31,5.75,2.78,Bearing Degradation
5185.7,99.5,3.62,1.66,3.28,Overheating
4690.5,81.3,3.82,2.12,3.61,Performance Degradation
5149.3,75.2,4.01,1.17,2.89,Normal
5194.8,77.0,4.14,1.46,2.58,Normal
4507.4,83.4,3.87,2.18,3.97,Performance Degradation
5204.4,75.8,4.23,1.1,2.83,Normal
5103.1,77.3,4.21,1.29,2.72,Normal
4740.5,97.1,2.14,2.63,2.76,Low Oil Pressure
4825.4,93.3,2.23,2.51,2.88,Low Oil Pressure
4599.7,91.3,3.27,5.87,3.12,Bearing Degradation
4930.5,88.8,2.43,2.3,3.07,Low Oil Pressure
4878.7,95.5,2.08,2.55,2.9,Low Oil Pressure
4743.1,89.0,3.05,5.32,2.93,Bearing Degradation
4705.7,83.0,3.25,3.84,3.03,Bearing Degradation
4869.1,92.9,2.37,2.46,2.92,Low Oil Pressure
4866.2,92.9,2.15,2.55,3.0,Low Oil Pressure
5212.5,76.3,4.28,1.24,2.66,Normal
5216.6,76.1,4.41,1.06,2.7,Normal
5215.6,79.2,4.31,1.03,2.66,Normal
4664.4,82.0,3.89,2.05,3.48,Performance Degradation
5383.0,103.6,3.62,1.46,3.41,Overheating
5147.4,77.9,4.18,1.11,2.6,Normal
5332.0,101.0,3.63,1.69,3.34,Overheating
4688.9,84.0,3.96,1.94,3.55,Performance Degradation
5156.2,75.3,4.21,1.13,2.71,Normal
4884.0,91.7,2.35,2.45,2.95,Low Oil Pressure
4848.4,93.8,2.65,2.16,2.7,Low Oil Pressure
4834.2,84.4,3.1,4.39,3.03,Bearing Degradation
4800.9,88.0,2.55,2.3,3.0,Low Oil Pressure
4635.1,81.2,3.84,1.89,3.66,Performance Degradation
5232.5,79.4,4.28,1.16,2.61,Normal
4641.1,81.9,4.04,2.36,3.36,Performance Degradation
4677.7,85.9,3.98,2.31,3.74,Performance Degradation
5295.4,105.5,3.65,1.69,3.49,Overheating
5194.7,76.5,4.21,1.22,2.72,Normal
5202.2,75.3,4.37,1.05,2.65,Normal
5237.0,76.4,4.27,1.34,2.84,Normal
4663.4,89.3,2.85,5.24,2.98,Bearing Degradation
4687.2,83.4,4.01,1.74,3.69,Performance Degradation
5240.3,79.0,4.4,1.39,2.68,Normal
4559.7,84.1,3.87,2.1,3.81,Performance Degradation
5119.0,75.0,4.28,1.16,2.75,Normal
5285.4,110.7,3.36,1.85,3.42,Overheating
4797.1,79.0,3.98,2.01,3.53,Performance Degradation
4586.1,85.8,3.64,2.22,3.67,Performance Degradation
4807.2,94.1,2.45,2.44,2.85,Low Oil Pressure
4710.6,87.6,3.34,4.26,2.9,Bearing Degradation
5308.7,109.9,3.49,1.84,3.38,Overheating
5249.9,76.5,4.34,1.28,2.62,Normal
5256.7,98.1,3.68,1.54,3.36,Overheating
4883.5,91.2,2.53,2.54,2.99,Low Oil Pressure
5170.6,80.5,4.44,1.3,2.61,Normal
4652.2,85.7,3.33,4.16,3.23,Bearing Degradation
4817.2,92.4,2.64,2.15,3.04,Low Oil Pressure
5275.4,104.8,3.68,1.73,3.43,Overheating
4701.7,87.2,3.8,1.93,4.2,Performance Degradation
4544.3,87.9,3.01,6.17,3.14,Bearing Degradation
5169.4,78.0,4.31,1.11,2.66,Normal
4840.5,91.6,2.51,2.36,3.01,Low Oil Pressure
4611.2,90.6,3.4,5.93,3.11,Bearing Degradation
5246.3,96.9,3.79,1.64,3.2,Overheating
4539.5,78.0,4.13,1.95,3.6,Performance Degradation
5298.8,99.2,3.85,1.48,3.2,Overheating
5309.8,111.1,3.37,1.75,3.47,Overheating
4810.3,92.3,2.32,2.5,2.85,Low Oil Pressure
5279.3,104.6,3.63,1.66,3.34,Overheating
5245.1,103.4,3.56,1.65,3.36,Overheating
4750.5,82.9,4.0,2.01,3.74,Performance Degradation
5124.9,78.4,4.25,1.16,2.68,Normal
4531.7,83.7,3.78,2.13,3.62,Performance Degradation
4661.2,83.1,3.15,6.45,2.95,Bearing Degradation
4906.2,91.3,2.2,2.79,3.13,Low Oil Pressure
5189.9,77.9,4.19,1.14,2.64,Normal
4603.7,88.3,3.39,4.41,3.21,Bearing Degradation
4954.1,93.8,1.92,2.57,2.79,Low Oil Pressure
4628.6,87.1,3.68,2.36,3.48,Performance Degradation
4618.0,87.1,4.11,2.01,3.67,Performance Degradation
4900.2,95.1,2.16,2.52,2.78,Low Oil Pressure
5190.9,79.8,4.25,1.2,2.68,Normal
4817.4,88.9,2.13,2.65,2.92,Low Oil Pressure
4657.1,85.3,3.93,1.85,3.61,Performance Degradation
4743.4,84.7,3.99,2.56,3.53,Performance Degradation
5287.2,104.5,3.49,1.87,3.42,Overheating
5302.9,104.3,3.61,1.96,3.42,Overheating
5273.0,99.4,3.85,1.81,3.47,Overheating
5315.2,102.4,3.81,1.73,3.36,Overheating
4684.3,88.7,3.09,4.07,3.05,Bearing Degradation
5157.8,78.9,4.24,1.39,2.66,Normal
4708.5,85.2,4.18,2.03,3.73,Performance Degradation
5243.4,78.9,4.31,1.26,2.66,Normal
4654.6,84.2,3.86,2.05,3.68,Performance Degradation
5246.5,104.3,3.53,1.78,3.47,Overheating
5230.4,100.9,3.74,1.94,3.31,Overheating
5205.3,83.0,4.14,1.32,2.76,Normal
5219.2,75.1,4.24,1.16,2.75,Normal
4929.5,89.2,2.3,2.78,3.01,Low Oil Pressure
5171.1,81.8,4.34,1.24,2.62,Normal
5174.8,104.0,3.66,1.81,3.44,Overheating
5145.9,105.2,3.45,1.88,3.21,Overheating
4557.9,88.2,3.51,5.14,3.5,Bearing Degradation
4680.6,92.3,3.42,5.31,3.01,Bearing Degradation
4604.8,83.7,3.93,2.42,3.58,Performance Degradation
5215.7,99.0,3.73,1.4,3.1,Overheating
4450.0,89.2,3.37,6.06,3.09,Bearing Degradation
4727.2,89.3,3.13,3.72,2.82,Bearing Degradation
5223.2,76.9,4.3,1.16,2.56,Normal
4830.0,94.2,2.28,2.42,2.82,Low Oil Pressure
4778.9,83.1,3.83,2.06,3.54,Performance Degradation
4902.5,95.2,2.27,2.49,2.92,Low Oil Pressure
5176.3,77.9,4.32,1.18,2.8,Normal
4691.6,86.4,3.24,5.33,2.95,Bearing Degradation
4566.0,87.5,3.42,3.78,3.05,Bearing Degradation
5321.0,107.7,3.53,2.06,3.31,Overheating
5200.4,103.2,3.62,1.71,3.16,Overheating
4622.6,85.8,3.79,2.11,3.69,Performance Degradation
5253.2,98.3,3.8,1.6,3.05,Overheating
4808.6,91.8,2.65,2.11,2.89,Low Oil Pressure
4732.5,81.1,3.96,2.19,3.69,Performance Degradation
4603.3,83.8,3.96,2.18,3.85,Performance Degradation
4745.7,81.4,3.77,2.11,3.45,Performance Degradation
4851.4,89.7,2.55,2.62,2.88,Low Oil Pressure
5271.3,106.9,3.52,1.83,3.6,Overheating
4656.8,85.9,3.61,2.21,3.51,Performance Degradation
4565.6,89.8,3.28,5.19,3.16,Bearing Degradation
4574.0,86.1,3.45,5.77,3.05,Bearing Degradation
5246.5,78.0,4.19,1.24,2.62,Normal
4755.5,93.6,2.48,2.43,2.73,Low Oil Pressure
4769.0,83.1,3.94,2.12,3.74,Performance Degradation
4866.7,89.9,2.44,2.3,2.62,Low Oil Pressure
5203.1,79.3,4.29,1.05,2.63,Normal
5220.1,101.1,3.74,1.78,3.23,Overheating
5257.0,110.0,3.4,1.73,3.53,Overheating
5172.0,80.8,4.36,1.16,2.55,Normal
4813.2,93.5,2.18,2.72,2.86,Low Oil Pressure
5235.0,105.9,3.51,1.9,3.39,Overheating
4591.8,84.1,3.9,2.08,3.88,Performance Degradation
4809.1,90.4,2.44,2.28,2.91,Low Oil Pressure
4805.5,92.4,2.11,2.72,3.09,Low Oil Pressure
4605.8,91.2,3.02,3.7,3.01,Bearing Degradation
4827.3,92.6,2.34,2.36,3.15,Low Oil Pressure
4636.6,83.0,3.69,2.21,3.94,Performance Degradation
4805.3,80.4,4.1,2.02,3.83,Performance Degradation
4917.5,92.9,2.29,2.74,2.73,Low Oil Pressure
4839.9,91.3,2.4,2.35,2.77,Low Oil Pressure
5264.9,78.7,4.29,1.16,2.58,Normal
4771.0,92.9,2.3,2.34,2.82,Low Oil Pressure
4757.6,91.8,3.34,5.67,3.12,Bearing Degradation
4568.5,83.7,3.95,2.14,3.96,Performance Degradation
4684.2,84.4,3.77,2.01,3.81,Performance Degradation
5315.8,104.2,3.6,1.75,3.5,Overheating
4947.0,89.9,2.5,2.42,2.9,Low Oil Pressure
4646.2,85.8,3.96,1.99,3.81,Performance Degradation
4577.8,89.2,3.25,4.19,3.09,Bearing Degradation
5263.4,107.9,3.54,1.83,3.53,Overheating
5169.5,76.4,4.32,1.21,2.82,Normal
5251.8,98.8,3.76,1.67,3.29,Overheating
4743.3,87.3,3.31,4.89,3.07,Bearing Degradation
4949.0,89.0,2.41,2.63,3.05,Low Oil Pressure
4763.6,90.0,2.31,2.41,3.02,Low Oil Pressure
4820.6,89.4,2.46,2.22,2.93,Low Oil Pressure
5176.7,73.4,4.11,1.22,2.76,Normal
5167.1,76.8,4.32,1.15,2.68,Normal
4675.5,86.8,3.96,2.03,3.69,Performance Degradation
4896.8,95.7,2.13,2.62,2.86,Low Oil Pressure
4663.8,89.5,3.09,5.3,3.09,Bearing Degradation
4692.6,88.7,2.88,4.39,3.03,Bearing Degradation
4450.0,85.1,3.34,5.43,2.88,Bearing Degradation
5365.4,107.8,3.59,1.77,3.54,Overheating
4600.4,83.9,4.12,1.92,3.82,Performance Degradation
4851.5,95.0,2.05,2.45,3.02,Low Oil Pressure
5259.2,107.1,3.53,1.93,3.36,Overheating
5238.4,101.3,3.74,1.67,3.28,Overheating
5266.1,109.8,3.42,2.08,3.52,Overheating
4664.1,82.0,3.8,2.36,3.68,Performance Degradation
4922.8,90.7,2.21,2.52,2.78,Low Oil Pressure
4749.9,90.3,3.34,4.74,3.33,Bearing Degradation
4680.9,80.5,4.03,2.12,3.53,Performance Degradation
4745.6,86.9,3.03,4.35,2.87,Bearing Degradation
4640.1,85.5,3.72,2.19,3.63,Performance Degradation
4759.2,78.6,3.94,2.34,3.39,Performance Degradation
4881.8,89.3,2.33,2.59,3.1,Low Oil Pressure
4898.7,94.6,2.26,2.37,2.86,Low Oil Pressure
4852.0,91.9,2.39,2.65,2.96,Low Oil Pressure
5307.9,104.6,3.5,1.86,3.19,Overheating
4735.5,83.8,3.4,4.75,2.78,Bearing Degradation
5169.7,74.7,4.33,1.13,2.8,Normal
4609.4,85.3,4.06,1.96,3.99,Performance Degradation
4888.7,89.2,2.55,2.36,2.95,Low Oil Pressure
4856.0,91.6,2.27,2.4,2.87,Low Oil Pressure
5183.7,75.0,4.37,1.23,2.74,Normal
5139.6,102.0,3.56,1.76,3.42,Overheating
4677.7,91.1,3.29,5.73,3.39,Bearing Degradation
4821.5,87.7,2.52,2.35,2.79,Low Oil Pressure
4993.3,89.3,2.61,2.48,2.88,Low Oil Pressure
4618.4,91.1,3.44,5.05,3.06,Bearing Degradation
4739.0,90.0,3.04,3.91,3.3,Bearing Degradation
4764.6,82.0,3.79,2.17,3.55,Performance Degradation
4592.2,92.6,3.32,5.44,3.0,Bearing Degradation
5308.8,104.2,3.59,1.77,3.3,Overheating
5305.7,104.7,3.5,1.71,3.45,Overheating
5153.2,78.7,4.32,1.15,2.67,Normal
4866.0,89.4,2.57,2.32,3.16,Low Oil Pressure
5151.4,77.9,4.4,1.17,2.74,Normal
4724.7,85.7,3.92,2.11,3.71,Performance Degradation
4619.5,83.7,3.02,4.93,3.36,Bearing Degradation
4841.3,89.9,2.4,2.3,2.93,Low Oil Pressure
4599.2,88.4,3.94,2.31,3.76,Performance Degradation
4637.6,88.7,3.33,5.87,2.83,Bearing Degradation
5304.1,109.2,3.52,1.91,3.42,Overheating
5267.4,101.3,3.65,1.65,3.42,Overheating
4758.6,94.3,2.28,2.33,2.89,Low Oil Pressure
4605.4,82.2,4.18,2.47,3.77,Performance Degradation
4725.1,90.8,2.55,2.34,2.89,Low Oil Pressure
4877.2,94.0,2.23,2.6,2.82,Low Oil Pressure
5202.5,77.1,4.41,1.13,2.75,Normal
5347.5,101.4,3.7,1.95,3.36,Overheating
4873.3,89.9,2.53,2.32,2.79,Low Oil Pressure
4920.2,87.5,2.58,2.36,2.81,Low Oil Pressure
5382.8,100.0,3.85,1.81,3.16,Overheating
4607.3,82.5,3.87,2.28,3.66,Performance Degradation
5353.0,103.3,3.45,1.78,3.26,Overheating
4623.4,80.3,3.95,2.25,3.88,Performance Degradation
5201.7,104.5,3.63,1.64,3.37,Overheating
5160.7,104.6,3.73,1.61,3.58,Overheating
4531.1,82.9,3.7,2.07,3.33,Performance Degradation
4620.3,83.6,4.04,2.25,3.21,Performance Degradation
5262.2,104.7,3.57,1.91,3.38,Overheating
4895.2,89.6,2.38,2.83,2.78,Low Oil Pressure
5158.1,104.6,3.57,1.93,3.53,Overheating
4524.8,90.1,3.46,4.76,3.17,Bearing Degradation
4952.6,93.1,2.15,2.86,2.57,Low Oil Pressure
5254.8,78.1,4.32,1.17,2.62,Normal
5308.2,98.5,3.8,1.6,3.23,Overheating
4853.7,86.4,2.98,4.27,3.07,Bearing Degradation
5323.1,108.1,3.53,1.81,3.54,Overheating
4588.9,82.1,4.06,2.35,3.68,Performance Degradation
4936.8,92.6,2.31,2.57,2.75,Low Oil Pressure
4683.1,85.1,3.22,5.25,2.92,Bearing Degradation
4909.0,86.9,2.46,2.41,3.15,Low Oil Pressure
5216.1,105.3,3.65,1.69,3.57,Overheating
4743.3,81.5,3.74,2.24,3.24,Performance Degradation
5306.8,112.9,3.3,1.97,3.62,Overheating
4534.5,90.4,3.03,5.19,2.97,Bearing Degradation
4563.5,90.6,2.98,5.23,3.09,Bearing Degradation
5266.0,95.5,3.85,1.4,3.02,Overheating
4581.8,89.8,3.37,5.13,3.11,Bearing Degradation
5272.9,110.3,3.52,1.82,3.49,Overheating
5140.3,105.6,3.55,1.74,3.44,Overheating
4906.3,87.5,2.65,2.12,2.89,Low Oil Pressure
5344.2,107.1,3.43,1.87,3.52,Overheating
4575.7,84.4,4.03,2.1,3.73,Performance Degradation
5225.0,109.1,3.46,2.21,3.38,Overheating
4788.2,93.3,2.58,2.21,2.71,Low Oil Pressure
4909.9,94.8,2.25,2.22,2.97,Low Oil Pressure
5236.8,107.2,3.49,1.77,3.39,Overheating
5177.4,75.6,4.28,1.16,2.72,Normal
4694.6,89.1,3.03,5.3,3.3,Bearing Degradation
5214.1,107.3,3.6,1.85,3.56,Overheating
5274.1,105.0,3.62,1.91,3.28,Overheating
5355.1,102.6,3.49,1.9,3.22,Overheating
4658.9,85.3,3.88,1.77,3.91,Performance Degradation
4716.3,89.4,3.26,4.82,3.15,Bearing Degradation
4699.9,88.5,3.16,4.39,3.07,Bearing Degradation
4660.9,88.0,2.89,4.38,3.16,Bearing Degradation
5281.7,113.1,3.38,2.09,3.45,Overheating
5012.9,91.3,2.37,2.55,2.92,Low Oil Pressure
5305.9,104.6,3.71,1.61,3.25,Overheating
4604.0,84.8,3.95,2.03,3.62,Performance Degradation
4636.1,88.2,3.98,2.17,3.68,Performance Degradation
5277.2,108.0,3.58,1.99,3.31,Overheating
5233.8,76.3,4.21,1.24,2.79,Normal
4657.0,88.1,3.28,5.35,3.34,Bearing Degradation
4750.1,95.8,2.4,2.36,2.95,Low Oil Pressure
5324.7,106.2,3.61,1.92,3.38,Overheating
5146.0,81.2,4.3,1.13,2.64,Normal
4685.0,88.9,3.43,4.87,3.11,Bearing Degradation
4637.2,85.0,3.03,5.0,2.97,Bearing Degradation
4479.8,80.4,4.1,1.87,3.78,Performance Degradation
5320.0,103.3,3.58,1.57,3.34,Overheating
4825.8,95.2,2.05,2.55,2.81,Low Oil Pressure
4868.8,90.3,2.63,2.19,3.05,Low Oil Pressure
4799.6,95.4,2.33,2.41,2.88,Low Oil Pressure
4861.0,85.0,2.65,1.89,2.97,Low Oil Pressure
4961.3,93.0,2.48,2.45,2.92,Low Oil Pressure
4710.4,86.8,3.31,4.68,3.08,Bearing Degradation
5166.7,103.6,3.62,1.77,3.26,Overheating
5283.1,77.0,4.25,1.1,2.73,Normal
5290.5,80.5,4.25,1.04,2.59,Normal
4637.7,82.4,3.97,2.15,3.45,Performance Degradation
4726.9,89.7,3.12,4.85,3.12,Bearing Degradation
5199.2,77.3,4.32,1.46,2.7,Normal
4724.4,84.0,3.93,2.35,3.64,Performance Degradation
4843.3,91.0,2.89,5.88,3.04,Bearing Degradation
4660.9,85.3,3.66,2.11,3.54,Performance Degradation
4846.5,90.4,2.65,2.1,3.09,Low Oil Pressure
4906.1,92.2,2.35,2.64,2.87,Low Oil Pressure
5206.4,80.7,4.38,1.12,2.55,Normal
5224.6,79.4,4.28,1.22,2.8,Normal
4799.4,85.2,3.8,1.92,3.68,Performance Degradation
4887.4,89.2,2.46,2.31,2.94,Low Oil Pressure
4753.9,84.4,3.82,2.45,4.13,Performance Degradation
5249.5,112.2,3.21,2.24,3.6,Overheating
4753.0,91.1,3.18,4.71,3.15,Bearing Degradation
4628.5,85.2,3.03,4.65,3.0,Bearing Degradation
5155.1,79.4,4.5,1.2,2.75,Normal
5265.7,115.6,3.31,1.91,3.65,Overheating
5311.6,110.6,3.34,1.81,3.57,Overheating
5290.9,105.9,3.56,1.68,3.32,Overheating
4569.6,89.0,3.88,2.15,3.5,Performance Degradation
5243.3,103.9,3.63,1.7,3.37,Overheating
5203.5,77.0,4.24,1.31,2.69,Normal
5258.9,103.0,3.64,1.8,3.48,Overheating
4866.5,96.2,2.26,2.4,2.68,Low Oil Pressure
5308.2,77.6,4.47,1.41,2.83,Normal
4707.2,86.6,2.83,4.87,3.2,Bearing Degradation
4711.0,88.4,4.02,2.07,4.05,Performance Degradation
4899.1,88.7,2.5,2.46,2.93,Low Oil Pressure
4601.9,86.3,3.98,2.26,3.28,Performance Degradation
4497.3,86.5,3.76,1.69,3.27,Performance Degradation
4790.5,92.8,2.15,2.79,2.77,Low Oil Pressure
4762.7,86.1,3.89,2.01,3.88,Performance Degradation
4805.4,93.6,2.25,2.25,2.92,Low Oil Pressure
5243.9,108.2,3.52,1.85,3.49,Overheating
5298.1,111.9,3.51,1.84,3.54,Overheating
4691.8,87.7,3.37,4.32,3.2,Bearing Degradation
4783.8,89.5,3.37,4.66,3.14,Bearing Degradation
4888.5,95.9,2.06,2.5,3.02,Low Oil Pressure
5232.6,108.6,3.54,1.95,3.43,Overheating
4783.4,92.7,2.22,2.48,2.84,Low Oil Pressure
5322.6,108.9,3.5,1.92,3.5,Overheating
4564.1,83.9,3.71,2.6,3.78,Performance Degradation
4745.8,80.9,3.8,2.32,3.62,Performance Degradation
4641.7,81.9,3.71,2.1,3.7,Performance Degradation
5155.0,76.9,4.26,1.32,2.71,Normal
4827.5,88.0,3.21,5.38,3.14,Bearing Degradation
4741.6,87.3,3.98,2.23,3.68,Performance Degradation
4522.7,89.3,3.21,4.84,3.22,Bearing Degradation
5329.5,102.0,3.61,1.54,3.44,Overheating
5172.5,74.3,4.35,1.32,2.73,Normal
4743.0,92.7,2.38,2.39,3.13,Low Oil Pressure
5209.1,99.1,3.66,1.7,3.22,Overheating
4666.7,88.4,3.46,4.77,2.87,Bearing Degradation
4671.9,84.2,3.69,2.21,3.61,Performance Degradation
4759.5,93.6,2.17,2.69,2.77,Low Oil Pressure
5219.6,82.6,4.22,1.11,2.8,Normal
5227.7,74.4,4.24,1.2,2.7,Normal
5234.2,78.5,4.36,1.0,2.72,Normal
5023.5,89.0,2.5,2.23,2.81,Low Oil Pressure
4628.7,85.7,4.02,1.95,3.7,Performance Degradation
5199.6,78.0,4.34,1.21,2.8,Normal
4670.2,85.4,4.09,2.08,3.2,Performance Degradation
5289.4,102.8,3.62,1.68,3.26,Overheating
4764.6,88.2,3.17,4.82,3.11,Bearing Degradation
4711.9,90.2,3.23,6.04,3.22,Bearing Degradation
5327.2,106.6,3.6,2.03,3.41,Overheating
4579.8,83.0,3.83,2.17,3.47,Performance Degradation
4817.7,94.9,2.01,2.59,2.92,Low Oil Pressure
4649.6,93.5,3.61,5.61,3.07,Bearing Degradation
5205.0,78.4,4.27,1.21,2.69,Normal
5174.5,102.0,3.65,1.86,3.24,Overheating
5167.3,105.9,3.67,1.9,3.41,Overheating
5244.0,113.4,3.36,1.83,3.45,Overheating
4534.7,89.3,3.24,3.96,3.2,Bearing Degradation
4580.2,82.6,3.81,2.09,3.67,Performance Degradation
5160.5,78.7,4.28,1.02,2.74,Normal
4619.9,86.7,4.07,1.89,3.77,Performance Degradation
4660.9,85.3,3.95,2.13,3.87,Performance Degradation
5280.6,104.1,3.65,1.81,3.36,Overheating
5267.2,102.1,3.57,1.89,3.22,Overheating
4631.0,93.6,3.08,4.03,3.04,Bearing Degradation
5234.2,78.4,4.08,0.97,2.68,Normal
5358.8,111.5,3.6,2.0,3.51,Overheating
5161.0,77.1,4.2,1.21,2.72,Normal
4739.5,93.8,2.54,2.27,2.82,Low Oil Pressure
4542.7,85.9,3.93,2.16,3.75,Performance Degradation
4733.1,89.4,2.46,2.56,3.06,Low Oil Pressure
4853.7,92.1,2.34,2.54,3.04,Low Oil Pressure
4665.6,87.2,3.29,5.12,3.09,Bearing Degradation
5234.0,78.7,4.21,1.12,2.72,Normal
4536.5,82.1,3.83,2.01,3.77,Performance Degradation
4646.6,83.4,3.79,2.11,3.5,Performance Degradation
5294.0,81.3,4.32,1.21,2.76,Normal
5253.0,113.5,3.27,2.06,3.74,Overheating
4816.8,90.0,2.6,2.46,2.79,Low Oil Pressure
4834.8,91.8,2.2,2.42,2.92,Low Oil Pressure
4825.6,87.1,3.83,1.76,3.95,Performance Degradation
4792.6,86.2,3.84,1.77,3.51,Performance Degradation
5292.9,104.7,3.7,1.69,3.5,Overheating
5207.8,78.4,4.06,0.87,2.71,Normal
4576.2,85.4,3.46,4.72,3.07,Bearing Degradation
5132.4,76.7,4.44,1.12,2.71,Normal
4763.7,82.1,3.87,2.08,3.82,Performance Degradation
5274.3,101.7,3.57,1.76,3.33,Overheating
5365.9,107.0,3.52,1.75,3.42,Overheating
4936.2,91.6,2.24,2.48,2.77,Low Oil Pressure
5262.0,106.5,3.61,1.73,3.45,Overheating
4658.1,84.3,3.97,2.14,3.44,Performance Degradation
4519.1,85.5,3.64,4.41,3.01,Bearing Degradation
4797.4,83.6,3.76,2.04,3.94,Performance Degradation
5302.3,98.2,3.76,1.59,3.24,Overheating
4712.9,91.1,2.98,5.36,3.5,Bearing Degradation
4758.2,94.8,2.28,2.67,2.71,Low Oil Pressure
5270.3,101.2,3.65,1.7,3.47,Overheating
5237.8,75.3,4.2,1.43,2.65,Normal
4652.5,90.5,3.14,4.74,3.16,Bearing Degradation
5197.4,78.2,4.31,1.3,2.64,Normal
4752.2,84.9,3.81,1.86,3.24,Performance Degradation
4908.5,92.8,2.58,2.27,3.02,Low Oil Pressure
4408.5,83.1,3.72,2.37,3.45,Performance Degradation
5334.7,103.5,3.82,1.86,3.36,Overheating
5275.3,105.2,3.6,1.72,3.49,Overheating
5299.3,110.8,3.39,1.83,3.52,Overheating
4600.2,93.3,3.31,5.99,3.08,Bearing Degradation
4846.6,90.5,2.47,2.31,2.92,Low Oil Pressure
5199.4,79.0,4.18,1.26,2.81,Normal
4850.0,82.6,3.65,2.23,3.99,Performance Degradation
4473.3,82.3,3.78,2.41,3.79,Performance Degradation
4689.1,89.8,3.87,2.24,3.41,Performance Degradation
4718.6,91.8,3.36,5.46,3.31,Bearing Degradation
4659.3,82.1,3.96,1.89,3.69,Performance Degradation
4684.6,85.9,3.37,5.21,3.2,Bearing Degradation
5169.5,78.7,4.23,1.03,2.75,Normal
5362.5,105.2,3.59,1.83,3.53,Overheating
5321.9,95.7,3.85,1.61,3.22,Overheating
4639.8,84.6,3.44,5.02,3.1,Bearing Degradation
4533.7,82.8,4.19,2.41,3.41,Performance Degradation
5272.2,104.7,3.73,1.9,3.36,Overheating
5309.5,104.7,3.62,1.61,3.36,Overheating
4798.5,92.0,2.3,2.5,2.95,Low Oil Pressure
4734.9,83.6,4.01,2.2,3.7,Performance Degradation
4658.6,88.7,3.87,1.96,3.55,Performance Degradation
4829.3,93.4,2.2,2.72,3.0,Low Oil Pressure
4883.9,91.0,2.51,2.66,2.8,Low Oil Pressure
5309.5,106.9,3.51,1.65,3.55,Overheating
4645.4,85.8,3.96,2.25,3.6,Performance Degradation
5197.9,111.8,3.42,1.97,3.43,Overheating
4738.6,94.3,2.58,2.19,2.72,Low Oil Pressure
5362.5,102.2,3.76,1.66,3.28,Overheating
5188.2,103.9,3.52,1.82,3.4,Overheating
5284.7,106.8,3.47,1.79,3.41,Overheating
4887.9,96.7,1.93,2.3,2.79,Low Oil Pressure
5224.1,79.1,4.26,1.27,2.67,Normal
5245.6,79.7,4.37,1.08,2.58,Normal
4622.1,84.2,3.34,3.94,3.06,Bearing Degradation
4529.5,85.4,3.82,2.08,3.6,Performance Degradation
4926.3,90.9,2.51,2.29,2.71,Low Oil Pressure
4913.1,95.6,2.38,2.44,2.78,Low Oil Pressure
5258.7,105.7,3.46,1.71,3.45,Overheating
4571.6,82.4,3.95,1.72,3.37,Performance Degradation
5267.0,106.1,3.67,1.79,3.22,Overheating
4733.9,92.0,2.54,2.33,2.82,Low Oil Pressure
4658.8,78.2,3.86,2.17,3.53,Performance Degradation
5136.7,76.0,4.38,1.31,2.67,Normal
4822.3,88.2,2.52,2.62,3.22,Low Oil Pressure
4764.1,89.9,2.51,2.24,2.92,Low Oil Pressure
5275.6,100.6,3.64,1.65,3.36,Overheating
5159.9,74.4,4.37,1.22,2.72,Normal
4655.8,85.8,3.99,2.07,3.58,Performance Degradation
4547.4,85.5,3.94,2.01,3.56,Performance Degradation
4690.5,79.4,3.61,2.24,3.86,Performance Degradation
4609.1,89.7,3.38,5.25,2.95,Bearing Degradation
4662.8,84.6,3.87,2.08,3.86,Performance Degradation
5180.1,111.3,3.26,1.89,3.44,Overheating
4824.3,94.6,2.41,2.28,2.91,Low Oil Pressure
5158.5,79.6,4.58,1.17,2.57,Normal
5219.5,105.9,3.54,1.9,3.33,Overheating
4546.1,83.6,3.03,4.86,3.13,Bearing Degradation
4822.6,88.4,2.65,2.32,2.82,Low Oil Pressure
5234.5,75.8,4.25,1.29,2.65,Normal
4642.9,83.3,3.83,1.84,3.85,Performance Degradation
5271.0,112.2,3.45,2.14,3.51,Overheating
4551.6,85.2,3.85,2.31,3.9,Performance Degradation
5154.9,78.5,4.37,1.17,2.78,Normal
4688.9,89.2,3.5,5.87,3.16,Bearing Degradation
5144.9,81.8,4.37,1.2,2.7,Normal
4778.1,87.6,2.65,2.35,3.21,Low Oil Pressure
4572.7,80.6,3.92,2.23,3.45,Performance Degradation
5328.1,100.8,3.72,1.86,3.33,Overheating
5174.6,77.2,4.16,1.04,2.69,Normal
4769.9,85.3,3.12,3.92,3.17,Bearing Degradation
4591.1,94.9,3.04,5.35,3.08,Bearing Degradation
4891.5,90.8,2.41,2.17,2.88,Low Oil Pressure
5230.5,78.7,4.18,1.24,2.71,Normal
4767.9,84.9,3.86,1.79,3.47,Performance Degradation
4897.4,90.7,2.58,2.01,2.98,Low Oil Pressure
5172.0,76.4,4.37,1.17,2.59,Normal
5199.1,79.4,4.4,1.25,2.82,Normal
5124.2,74.9,4.22,1.13,2.61,Normal
5297.6,105.3,3.56,1.81,3.51,Overheating
5333.1,106.5,3.7,1.93,3.43,Overheating
5304.0,100.2,3.8,1.55,3.19,Overheating
5279.9,101.5,3.65,1.94,3.26,Overheating
4565.1,82.3,3.87,2.29,3.76,Performance Degradation
5265.5,103.7,3.53,1.85,3.27,Overheating
4780.6,83.5,3.77,1.97,3.84,Performance Degradation
5320.7,105.2,3.61,1.86,3.47,Overheating
4546.1,82.0,3.21,5.73,3.18,Bearing Degradation
4609.8,89.2,3.31,4.98,3.22,Bearing Degradation
5362.2,106.6,3.51,1.82,3.28,Overheating
4518.0,87.6,3.31,5.18,3.06,Bearing Degradation
5122.9,76.2,4.21,1.21,2.77,Normal
5216.3,97.2,3.77,1.57,3.3,Overheating
4780.4,88.1,3.78,1.98,3.7,Performance Degradation
4639.5,81.0,4.01,1.95,3.55,Performance Degradation
4773.0,84.3,3.38,5.16,3.0,Bearing Degradation
4640.9,87.8,3.17,5.65,3.34,Bearing Degradation
4555.8,88.6,3.87,2.24,3.46,Performance Degradation
4691.6,87.5,3.84,2.09,3.42,Performance Degradation
4909.5,84.1,3.25,5.48,2.86,Bearing Degradation
4889.0,91.1,2.39,2.42,2.94,Low Oil Pressure
4803.7,80.6,3.84,2.38,3.91,Performance Degradation
4959.0,99.0,2.39,2.61,3.21,Low Oil Pressure
5283.4,73.6,4.15,1.28,2.67,Normal
4792.2,83.8,3.88,2.4,3.85,Performance Degradation
5172.7,79.0,4.36,1.27,2.67,Normal
4692.5,91.7,3.34,4.98,3.06,Bearing Degradation
5296.4,80.3,4.14,1.2,2.77,Normal
5284.9,106.4,3.52,1.65,3.34,Overheating
4879.8,91.1,2.62,2.1,2.95,Low Oil Pressure
4662.6,87.0,3.55,5.88,2.99,Bearing Degradation
4847.0,91.4,2.23,2.65,3.0,Low Oil Pressure
4691.3,86.8,3.41,4.9,3.23,Bearing Degradation
5282.3,99.1,3.74,1.73,3.29,Overheating
4700.6,85.4,3.75,1.92,3.64,Performance Degradation
4665.2,89.1,3.28,5.0,3.22,Bearing Degradation
4790.7,93.1,2.95,4.41,2.79,Bearing Degradation
4622.8,86.2,3.84,1.86,3.91,Performance Degradation
4666.3,89.1,3.22,4.06,2.92,Bearing Degradation
5238.4,76.7,4.34,1.25,2.86,Normal
4548.4,95.0,3.44,5.36,3.18,Bearing Degradation
4654.9,89.8,3.01,6.62,3.25,Bearing Degradation
5249.5,100.9,3.62,1.91,3.44,Overheating
4766.6,85.9,3.28,4.96,2.87,Bearing Degradation
4776.8,96.4,2.21,2.49,2.83,Low Oil Pressure
5333.7,106.0,3.64,1.85,3.46,Overheating
4629.4,88.0,4.03,2.27,3.63,Performance Degradation
4733.1,83.1,3.21,5.49,3.23,Bearing Degradation
5296.5,75.6,4.14,1.17,2.78,Normal
4882.7,90.5,2.4,2.56,2.98,Low Oil Pressure
5247.9,96.6,3.79,1.52,3.11,Overheating
4648.7,90.9,2.82,5.42,3.21,Bearing Degradation
4977.1,88.7,2.57,2.17,2.9,Low Oil Pressure
4682.0,88.5,3.46,5.09,3.18,Bearing Degradation
5276.1,105.0,3.48,1.93,3.57,Overheating
4853.2,91.9,2.24,2.49,2.98,Low Oil Pressure
5211.3,109.7,3.39,1.86,3.55,Overheating
4630.8,88.1,3.17,4.39,3.07,Bearing Degradation
5250.7,77.4,4.13,1.32,2.68,Normal
4843.2,90.9,2.53,2.34,2.73,Low Oil Pressure
5187.6,80.1,4.33,1.2,2.69,Normal
4646.2,85.5,3.83,2.24,3.79,Performance Degradation
5257.7,106.0,3.56,1.86,3.41,Overheating
4935.9,88.6,2.6,2.56,2.88,Low Oil Pressure
5277.2,104.7,3.55,1.7,3.43,Overheating
4681.4,81.9,4.04,2.03,3.88,Performance Degradation
5236.6,110.7,3.36,2.0,3.56,Overheating
5227.6,75.4,4.2,0.97,2.76,Normal
5191.5,106.1,3.41,1.82,3.35,Overheating
5203.7,78.8,4.36,1.2,2.74,Normal
4606.4,88.6,3.52,5.68,3.26,Bearing Degradation
4610.7,85.2,3.31,4.37,3.37,Bearing Degradation
4597.4,85.9,3.38,4.33,3.12,Bearing Degradation
4554.1,84.2,3.9,2.37,3.74,Performance Degradation
4648.3,85.6,3.98,2.12,3.58,Performance Degradation
4765.6,92.7,2.5,2.65,2.86,Low Oil Pressure
5141.5,110.4,3.31,2.01,3.49,Overheating
4875.2,91.6,2.64,2.35,2.89,Low Oil Pressure
4666.2,81.0,3.79,2.11,3.59,Performance Degradation
4757.1,79.5,3.78,2.04,3.77,Performance Degradation
4592.5,83.5,3.84,1.75,4.06,Performance Degradation
5226.6,77.2,4.32,1.12,2.69,Normal
5258.3,103.4,3.58,1.59,3.28,Overheating
4680.8,92.9,2.35,2.64,2.75,Low Oil Pressure
4877.4,90.3,2.38,2.43,2.81,Low Oil Pressure
5240.0,78.7,4.21,1.02,2.71,Normal
4679.9,81.2,4.16,2.5,3.58,Performance Degradation
5263.0,105.2,3.53,1.73,3.29,Overheating
4803.2,87.1,2.52,2.38,3.15,Low Oil Pressure
5252.0,96.0,3.85,1.76,3.13,Overheating
4560.7,85.3,4.25,2.3,3.55,Performance Degradation
5176.1,109.3,3.45,1.75,3.37,Overheating
5240.3,79.6,4.28,0.97,2.68,Normal
4593.5,86.9,3.69,2.2,3.61,Performance Degradation
5207.6,79.3,4.42,1.18,2.63,Normal
4725.7,87.7,3.1,4.75,3.07,Bearing Degradation
4510.1,84.4,3.91,2.29,3.62,Performance Degradation
4732.9,86.2,3.52,4.57,2.84,Bearing Degradation
4577.7,84.1,2.93,5.45,2.86,Bearing Degradation
4579.8,91.0,3.05,5.31,2.94,Bearing Degradation
4748.6,89.3,3.65,5.3,3.11,Bearing Degradation
4764.4,87.9,3.23,5.72,2.98,Bearing Degradation
4934.1,90.8,2.25,2.34,3.14,Low Oil Pressure
5218.9,97.5,3.72,1.78,3.14,Overheating
5270.8,78.9,4.54,1.35,2.73,Normal
4628.6,81.8,4.05,2.14,3.76,Performance Degradation
4639.3,88.6,3.11,5.3,2.98,Bearing Degradation
5243.4,79.6,4.36,1.22,2.56,Normal
4576.9,83.3,3.62,2.37,3.84,Performance Degradation
4886.4,93.9,2.27,2.47,2.8,Low Oil Pressure
4708.3,91.6,3.04,5.34,3.13,Bearing Degradation
5169.5,76.7,4.35,1.16,2.67,Normal
4602.3,82.5,3.89,1.89,3.85,Performance Degradation
4655.3,81.4,4.09,1.9,3.6,Performance Degradation
5229.5,79.1,4.31,1.01,2.64,Normal
4820.6,92.7,2.29,2.34,2.96,Low Oil Pressure
5183.5,76.2,4.03,1.3,2.75,Normal
5203.9,77.2,4.45,1.22,2.76,Normal
4627.7,90.0,3.87,2.2,3.73,Performance Degradation
4543.3,82.2,3.69,2.11,4.06,Performance Degradation
4959.1,93.5,2.28,2.71,3.01,Low Oil Pressure
4711.8,92.6,2.44,2.31,3.0,Low Oil Pressure
4868.9,86.2,2.36,2.42,2.9,Low Oil Pressure
4569.3,83.2,3.79,2.26,3.29,Performance Degradation
5276.2,103.2,3.8,1.86,3.12,Overheating
4714.8,88.9,3.81,2.32,3.22,Performance Degradation
4771.1,93.7,2.21,2.75,3.14,Low Oil Pressure
5295.3,102.5,3.75,1.89,3.1,Overheating
5273.3,77.7,4.42,1.04,2.71,Normal
4593.0,85.1,3.92,1.77,3.55,Performance Degradation
4734.4,84.4,3.9,2.17,3.64,Performance Degradation
5286.6,106.3,3.52,1.63,3.39,Overheating
5162.8,80.5,4.42,1.25,2.54,Normal
5332.7,99.4,3.83,1.8,3.21,Overheating
4552.0,83.4,3.5,1.79,3.62,Performance Degradation
4756.9,80.3,3.59,2.1,3.53,Performance Degradation
4797.1,86.5,2.88,4.98,3.21,Bearing Degradation
5260.4,105.2,3.69,1.68,3.47,Overheating
4617.6,87.8,3.33,5.77,3.27,Bearing Degradation
5170.6,82.0,4.09,1.34,2.81,Normal
5225.6,78.4,4.32,1.09,2.63,Normal
5186.0,109.6,3.48,1.88,3.42,Overheating
5229.9,102.1,3.71,1.68,3.41,Overheating
4777.6,91.1,2.38,2.33,2.62,Low Oil Pressure
4858.9,89.7,2.46,2.4,3.03,Low Oil Pressure
4751.5,92.7,2.55,2.54,2.96,Low Oil Pressure
5233.7,107.3,3.64,1.86,3.52,Overheating
4549.4,81.7,3.51,2.21,3.85,Performance Degradation
4814.1,90.2,2.42,2.41,3.05,Low Oil Pressure
5254.4,77.9,4.23,1.45,2.76,Normal
4608.1,89.7,2.97,5.27,3.06,Bearing Degradation
4779.4,91.6,2.55,2.18,2.94,Low Oil Pressure
4730.0,93.4,3.2,6.33,3.23,Bearing Degradation
5202.8,105.1,3.58,1.61,3.51,Overheating
4632.8,85.5,4.03,2.13,3.2,Performance Degradation
4520.9,88.0,3.16,6.18,3.06,Bearing Degradation
4604.0,95.0,3.11,5.5,2.97,Bearing Degradation
5187.0,78.3,4.27,1.01,2.63,Normal
4587.2,88.2,3.19,5.3,3.01,Bearing Degradation
4811.9,82.1,3.98,2.34,3.77,Performance Degradation
4755.6,81.3,4.03,1.97,3.47,Performance Degradation
5269.6,95.5,3.77,1.47,3.05,Overheating
4715.7,85.8,3.14,4.81,2.91,Bearing Degradation
5241.3,105.2,3.59,1.82,3.34,Overheating
4601.5,82.5,3.91,2.0,3.4,Performance Degradation
4546.7,90.5,3.13,4.57,3.14,Bearing Degradation
5196.7,77.5,4.23,1.34,2.75,Normal
4690.3,89.2,2.6,2.32,2.84,Low Oil Pressure
5252.6,101.9,3.68,1.77,3.29,Overheating
5215.2,95.5,3.85,1.44,3.06,Overheating
4817.2,90.1,2.27,2.64,2.79,Low Oil Pressure
5178.0,80.4,4.24,1.25,2.61,Normal
4693.7,93.0,2.3,2.87,2.92,Low Oil Pressure
5257.5,76.2,4.05,1.24,2.72,Normal
4641.1,86.5,3.51,5.0,2.94,Bearing Degradation
4575.4,91.1,3.17,5.2,3.04,Bearing Degradation
5259.4,106.0,3.45,1.98,3.27,Overheating
5308.5,101.4,3.71,1.72,3.19,Overheating
5332.1,107.3,3.59,2.04,3.37,Overheating
5275.7,102.1,3.66,1.72,3.23,Overheating
4702.8,87.1,3.74,1.95,3.79,Performance Degradation
4708.5,90.4,2.47,2.41,2.95,Low Oil Pressure
5257.0,79.8,4.22,1.37,2.79,Normal
4708.8,85.1,4.11,1.87,3.73,Performance Degradation
5216.1,81.6,4.32,1.13,2.45,Normal
5239.7,105.7,3.64,1.63,3.56,Overheating
4593.7,89.8,3.12,5.4,3.16,Bearing Degradation
5192.1,80.6,4.29,0.99,2.71,Normal
4663.2,89.1,3.36,5.01,3.34,Bearing Degradation
4877.8,94.0,2.34,2.41,2.86,Low Oil Pressure
4694.7,84.1,4.15,1.99,3.7,Performance Degradation
4869.8,92.6,2.61,2.29,3.02,Low Oil Pressure
5213.2,78.6,4.27,1.12,2.66,Normal
5175.5,72.0,4.23,1.16,2.45,Normal
5222.3,105.4,3.66,1.85,3.29,Overheating
5188.3,74.1,4.31,1.21,2.69,Normal
4579.8,86.2,3.32,5.91,3.28,Bearing Degradation
5232.4,108.1,3.56,1.89,3.42,Overheating
4880.5,89.4,2.5,2.39,2.86,Low Oil Pressure
5237.8,104.8,3.53,1.67,3.23,Overheating
5297.8,100.0,3.72,1.54,3.18,Overheating
4635.7,83.7,3.68,2.25,3.59,Performance Degradation
5205.8,99.9,3.75,1.8,3.24,Overheating
5294.3,102.6,3.61,1.53,3.32,Overheating
4755.4,84.8,3.95,1.91,3.67,Performance Degradation
5342.1,104.6,3.68,1.92,3.38,Overheating
4592.1,91.9,3.31,5.99,3.21,Bearing Degradation
5221.4,78.0,4.2,1.08,2.78,Normal
5186.1,80.9,4.28,1.07,2.77,Normal
4631.0,80.8,3.67,2.23,3.47,Performance Degradation
5246.8,100.8,3.75,1.93,3.28,Overheating
4774.4,93.3,2.5,2.42,2.9,Low Oil Pressure
5193.4,80.5,4.34,1.19,2.65,Normal
5166.5,78.7,4.18,1.45,2.75,Normal
5209.0,79.4,4.24,1.31,2.9,Normal
4671.8,84.4,3.77,1.99,3.69,Performance Degradation
4905.0,92.8,2.37,2.43,3.14,Low Oil Pressure
4630.9,88.6,3.33,5.76,3.01,Bearing Degradation
5202.6,106.4,3.5,2.04,3.46,Overheating
5188.4,103.9,3.6,1.66,3.38,Overheating
5262.8,107.4,3.64,1.91,3.31,Overheating
4721.2,87.3,3.44,4.72,3.04,Bearing Degradation
4640.5,85.4,3.34,5.66,3.0,Bearing Degradation
4650.3,85.1,4.14,2.27,3.46,Performance Degradation
4688.5,87.8,2.9,4.52,2.95,Bearing Degradation
4879.0,91.1,2.65,2.15,2.73,Low Oil Pressure
5144.8,76.0,4.37,1.13,2.78,Normal
5280.5,112.1,3.57,1.88,3.65,Overheating
5140.4,105.9,3.5,1.9,3.37,Overheating
4901.1,92.3,2.45,2.24,2.87,Low Oil Pressure
5229.3,79.3,4.31,1.36,2.69,Normal
4936.2,93.7,2.3,2.27,2.94,Low Oil Pressure
5308.5,100.5,3.75,1.86,3.11,Overheating
4746.7,86.7,3.8,2.13,3.5,Performance Degradation
4863.3,90.7,2.48,2.46,3.04,Low Oil Pressure
4637.9,92.6,3.18,5.19,3.17,Bearing Degradation
5248.1,106.2,3.66,1.72,3.28,Overheating
4899.2,96.4,2.12,2.92,3.19,Low Oil Pressure
5248.3,103.5,3.75,1.67,3.35,Overheating
5213.6,77.0,4.26,1.08,2.69,Normal
5121.3,77.6,4.12,1.12,2.61,Normal
4709.4,84.8,4.06,2.15,3.88,Performance Degradation
5296.6,109.4,3.65,1.96,3.48,Overheating
4502.2,90.2,3.14,6.03,2.79,Bearing Degradation
4818.1,91.5,2.65,2.12,2.87,Low Oil Pressure
5201.3,76.9,4.2,1.25,2.62,Normal
5339.5,112.7,3.42,2.04,3.49,Overheating
5267.9,108.3,3.59,1.71,3.54,Overheating
4606.0,82.0,3.84,1.93,3.91,Performance Degradation
4814.4,90.0,2.65,2.32,2.98,Low Oil Pressure
4496.2,87.0,3.77,1.81,3.52,Performance Degradation
4658.7,86.4,3.39,5.34,3.05,Bearing Degradation
4654.4,86.9,3.68,1.95,3.65,Performance Degradation
5404.3,102.7,3.71,1.7,3.38,Overheating
4842.5,87.4,2.65,2.23,3.07,Low Oil Pressure
4514.7,91.8,3.03,4.62,2.88,Bearing Degradation
5221.3,112.0,3.51,2.05,3.47,Overheating
5341.9,108.7,3.38,1.96,3.54,Overheating
4617.7,84.2,3.89,2.09,3.94,Performance Degradation
4685.7,84.2,3.81,1.99,3.66,Performance Degradation
4779.0,91.5,2.86,3.7,2.81,Bearing Degradation
5217.0,79.1,4.24,1.33,2.51,Normal
4823.3,85.4,3.78,2.2,4.05,Performance Degradation
4838.9,91.7,2.6,2.22,2.95,Low Oil Pressure
4611.1,89.2,3.13,4.22,3.18,Bearing Degradation
5284.6,102.2,3.69,1.61,3.2,Overheating
5186.9,78.1,4.37,1.23,2.71,Normal
4873.7,93.0,2.45,2.67,3.0,Low Oil Pressure
4493.3,82.7,4.03,2.12,3.8,Performance Degradation
4665.1,88.6,3.24,4.91,3.13,Bearing Degradation
4473.8,92.4,3.56,5.41,3.04,Bearing Degradation
4572.0,90.4,3.22,4.94,2.98,Bearing Degradation
4653.7,86.3,3.71,2.19,3.45,Performance Degradation
4556.6,90.6,3.08,5.47,2.92,Bearing Degradation
5308.9,103.5,3.55,1.98,3.38,Overheating
4657.2,83.9,3.85,2.06,3.65,Performance Degradation
4586.2,93.7,3.1,5.3,3.1,Bearing Degradation
4598.6,83.6,3.62,5.18,3.19,Bearing Degradation
5180.5,78.0,4.34,1.33,2.87,Normal
4579.6,83.4,3.97,2.26,3.52,Performance Degradation
4627.2,88.4,3.27,4.72,2.89,Bearing Degradation
5170.2,79.7,4.25,1.38,2.55,Normal
4741.1,89.4,2.39,2.26,2.75,Low Oil Pressure
4762.6,89.7,2.56,2.61,2.94,Low Oil Pressure
5148.6,80.4,4.31,1.41,2.51,Normal
5049.3,88.6,2.65,2.19,2.83,Low Oil Pressure
5197.5,105.6,3.56,1.79,3.33,Overheating
5353.1,109.2,3.54,1.91,3.47,Overheating
4781.7,100.1,2.16,2.68,2.93,Low Oil Pressure
5272.1,104.6,3.57,1.78,3.4,Overheating
5228.9,111.7,3.51,1.82,3.54,Overheating
5194.0,78.8,4.22,1.11,2.59,Normal
5153.8,79.7,4.25,1.38,2.68,Normal
5273.5,74.4,4.33,1.21,2.77,Normal
4553.8,92.0,3.65,5.86,3.05,Bearing Degradation
5186.6,79.7,4.24,0.81,2.7,Normal
5280.2,96.3,3.53,1.63,3.18,Overheating
4955.0,93.2,2.56,2.32,2.95,Low Oil Pressure
5306.0,107.0,3.52,1.73,3.36,Overheating
5285.0,100.4,3.49,1.51,3.22,Overheating
5206.4,76.5,4.21,1.29,2.81,Normal
4906.8,99.9,1.98,2.72,2.76,Low Oil Pressure
5248.0,111.3,3.48,1.76,3.6,Overheating
5200.6,75.8,4.27,1.05,2.67,Normal
4767.7,93.0,2.15,2.55,2.92,Low Oil Pressure
5199.6,78.7,4.21,1.37,2.73,Normal
4662.3,87.0,3.78,2.07,3.99,Performance Degradation
5174.3,78.7,4.38,1.2,2.65,Normal
4772.7,93.2,2.45,2.45,2.87,Low Oil Pressure
5297.3,112.4,3.29,2.03,3.56,Overheating
4566.7,86.1,3.99,2.15,4.05,Performance Degradation
4583.0,89.4,2.94,5.09,3.3,Bearing Degradation
5175.1,75.5,4.42,1.23,2.57,Normal
5255.5,101.2,3.68,1.85,3.33,Overheating
4975.6,93.6,2.31,2.44,2.96,Low Oil Pressure
4588.8,85.3,3.88,2.14,3.74,Performance Degradation
4909.3,87.3,2.59,2.15,2.7,Low Oil Pressure
4702.5,78.3,3.65,2.08,3.44,Performance Degradation
4808.3,93.3,2.43,2.58,2.99,Low Oil Pressure
4744.5,89.9,3.42,4.63,2.91,Bearing Degradation
5292.5,99.3,3.78,1.64,3.31,Overheating
5189.0,78.1,4.14,1.15,2.58,Normal
4718.0,89.9,3.28,5.34,3.01,Bearing Degradation
4774.6,88.7,2.39,2.25,2.84,Low Oil Pressure
5166.0,75.9,4.36,1.24,2.56,Normal
4723.7,84.4,3.69,2.19,3.55,Performance Degradation
5257.6,79.5,4.4,1.26,2.89,Normal
4691.7,85.4,3.97,2.29,3.72,Performance Degradation
5189.8,76.1,4.38,1.22,2.78,Normal
4700.0,83.8,3.99,1.98,3.76,Performance Degradation
5214.5,74.4,4.36,0.96,2.65,Normal
5236.6,75.5,4.39,1.21,2.57,Normal
5228.3,75.0,4.22,1.13,2.78,Normal
5241.1,79.3,4.31,1.36,2.58,Normal
4577.2,86.9,3.2,6.49,3.07,Bearing Degradation
5104.4,78.7,4.23,1.14,2.71,Normal
4628.8,86.4,4.07,2.21,3.72,Performance Degradation
4935.4,91.8,2.43,2.53,2.95,Low Oil Pressure
4674.4,88.9,3.14,4.4,3.02,Bearing Degradation
5283.5,95.5,3.85,1.4,3.0,Overheating
5233.1,78.6,4.29,1.28,2.69,Normal
4770.0,93.5,2.29,2.69,2.66,Low Oil Pressure
4721.5,90.2,3.14,4.55,3.2,Bearing Degradation
5131.4,78.2,4.23,0.98,2.68,Normal
5337.6,95.5,3.8,1.45,3.11,Overheating
4669.2,89.1,2.86,5.73,3.26,Bearing Degradation
4824.6,91.9,2.07,2.58,2.92,Low Oil Pressure
4558.4,84.5,3.97,1.99,3.76,Performance Degradation
5258.3,96.1,3.85,1.4,3.11,Overheating
5179.1,79.8,4.31,1.18,2.75,Normal
4818.8,90.1,2.39,2.52,2.98,Low Oil Pressure
5151.1,99.1,3.85,1.48,3.16,Overheating
5271.8,99.8,3.78,1.8,3.35,Overheating
4627.2,91.2,3.08,5.27,2.89,Bearing Degradation
4785.2,82.4,3.67,2.2,3.49,Performance Degradation
5219.3,106.0,3.52,1.69,3.31,Overheating
4614.6,85.4,3.95,2.17,3.57,Performance Degradation
4832.2,93.1,2.61,2.29,2.68,Low Oil Pressure
4713.6,80.4,3.71,1.97,4.11,Performance Degradation
4546.6,90.0,3.92,2.18,3.77,Performance Degradation
4655.1,87.7,3.5,6.17,3.08,Bearing Degradation
4666.6,85.4,3.3,5.01,3.17,Bearing Degradation
5198.2,79.1,4.35,1.38,2.66,Normal
5240.3,110.7,3.31,1.69,3.69,Overheating
4951.3,90.6,2.59,2.53,2.91,Low Oil Pressure
4814.1,86.2,2.53,2.39,3.02,Low Oil Pressure
5248.6,77.3,4.27,1.15,2.72,Normal
4907.0,92.7,2.38,2.47,3.01,Low Oil Pressure
5185.0,107.9,3.44,1.84,3.29,Overheating
5136.9,77.5,4.32,1.23,2.7,Normal
4689.3,83.2,3.82,1.72,3.53,Performance Degradation
4634.3,81.8,3.8,2.48,3.63,Performance Degradation
5158.0,107.9,3.62,1.78,3.36,Overheating
5274.4,102.7,3.82,1.67,3.21,Overheating
4793.4,93.1,2.21,2.44,2.91,Low Oil Pressure
4516.5,91.0,3.35,6.51,3.35,Bearing Degradation
4683.0,81.0,3.91,1.88,3.85,Performance Degradation
4700.8,87.1,3.16,3.7,2.97,Bearing Degradation
5186.1,76.9,4.25,0.95,2.63,Normal
4732.2,90.4,2.31,2.54,2.78,Low Oil Pressure
4776.4,91.6,2.48,2.41,2.88,Low Oil Pressure
5374.3,108.2,3.52,1.7,3.47,Overheating
4630.6,81.3,3.84,2.38,3.58,Performance Degradation
5147.4,109.4,3.49,1.87,3.46,Overheating
5218.9,76.6,4.23,1.28,2.61,Normal
4902.5,91.4,2.23,2.51,2.9,Low Oil Pressure
4605.4,87.1,3.6,4.36,3.1,Bearing Degradation
4813.1,90.3,2.65,2.45,2.77,Low Oil Pressure
5155.5,80.0,4.29,1.15,2.62,Normal
4623.0,86.2,3.15,5.01,2.77,Bearing Degradation
4901.4,93.1,2.33,2.52,2.98,Low Oil Pressure
5290.8,111.7,3.43,1.88,3.61,Overheating
5107.0,75.4,4.36,1.03,2.68,Normal
5323.7,102.1,3.77,1.67,3.33,Overheating
5170.4,77.2,4.33,1.36,2.75,Normal
5217.2,77.2,4.27,1.29,2.7,Normal
4815.6,93.3,2.32,2.58,2.99,Low Oil Pressure
4577.4,85.9,2.97,4.46,3.11,Bearing Degradation
5175.2,81.5,4.18,1.22,2.56,Normal
4751.1,83.8,3.72,2.21,3.58,Performance Degradation
5190.4,108.5,3.27,1.78,3.25,Overheating
5161.7,80.0,4.23,1.06,2.72,Normal
5293.9,98.4,3.69,1.46,3.2,Overheating
5264.4,106.1,3.64,1.81,3.26,Overheating
5197.0,80.0,4.29,1.07,2.71,Normal
4791.8,90.0,3.39,5.08,2.99,Bearing Degradation
4809.9,96.4,1.93,2.8,3.04,Low Oil Pressure
4637.0,82.8,3.88,2.28,4.17,Performance Degradation
5200.8,79.0,4.44,1.06,2.65,Normal
5188.7,100.3,3.59,1.63,3.21,Overheating
4612.4,85.2,3.93,1.98,3.41,Performance Degradation
4971.3,93.1,2.51,2.44,2.8,Low Oil Pressure
4671.4,85.5,3.11,4.94,3.04,Bearing Degradation
5210.4,106.0,3.56,1.82,3.53,Overheating
4654.1,84.9,3.37,5.74,2.98,Bearing Degradation
4618.7,82.7,3.62,1.95,3.48,Performance Degradation
4832.9,91.4,2.29,2.23,3.06,Low Oil Pressure
4664.7,85.9,3.9,1.78,3.81,Performance Degradation
5313.3,108.8,3.65,1.97,3.63,Overheating
5271.0,79.5,4.32,1.34,2.72,Normal
4725.2,82.9,3.91,2.17,3.79,Performance Degradation
4825.0,93.9,2.19,2.85,3.14,Low Oil Pressure
5193.7,103.3,3.71,1.62,3.4,Overheating
5286.0,107.1,3.5,1.71,3.66,Overheating
5333.6,106.4,3.59,2.01,3.36,Overheating
4592.8,88.4,3.25,5.66,3.15,Bearing Degradation
4823.0,81.8,4.19,2.52,3.52,Performance Degradation
4919.4,87.3,2.6,2.03,2.59,Low Oil Pressure
4643.2,88.1,3.86,2.07,3.45,Performance Degradation
5271.1,78.0,4.03,1.16,2.71,Normal
5199.5,95.5,3.78,1.57,3.16,Overheating
4895.2,91.3,2.43,2.33,2.72,Low Oil Pressure
5201.5,102.3,3.67,1.85,3.29,Overheating
4700.2,90.4,3.26,4.18,2.93,Bearing Degradation
5184.6,73.2,4.15,1.25,2.85,Normal
4867.6,90.7,2.29,2.58,2.89,Low Oil Pressure
4677.8,88.5,3.1,4.41,3.35,Bearing Degradation
5181.8,78.5,4.37,1.15,2.59,Normal
5261.9,73.7,4.35,1.25,2.69,Normal
5264.4,104.0,3.58,1.9,3.12,Overheating
4767.5,86.4,2.57,2.16,2.87,Low Oil Pressure
4806.3,89.0,2.34,2.27,2.84,Low Oil Pressure
5308.8,103.0,3.64,1.64,3.45,Overheating
5261.6,105.8,3.61,1.81,3.3,Overheating
4704.9,82.0,3.19,3.87,3.09,Bearing Degradation
4775.4,81.9,3.82,1.72,3.57,Performance Degradation
4656.5,87.1,3.53,5.14,3.2,Bearing Degradation
5305.7,102.8,3.51,1.73,3.31,Overheating
5164.7,76.6,4.28,1.19,2.53,Normal
4674.1,79.5,3.98,2.48,3.67,Performance Degradation
5199.3,79.7,4.26,1.17,2.61,Normal
5334.2,99.6,3.69,1.64,3.19,Overheating
4863.6,96.3,2.24,2.47,2.89,Low Oil Pressure
4855.2,96.0,2.15,2.41,2.74,Low Oil Pressure
5333.4,108.4,3.62,1.95,3.4,Overheating
5299.1,107.7,3.45,2.15,3.65,Overheating
4555.0,90.4,3.38,6.54,3.02,Bearing Degradation
4777.3,81.4,3.89,1.92,3.83,Performance Degradation
4690.1,84.2,3.87,1.76,3.96,Performance Degradation
5293.7,107.5,3.53,2.0,3.47,Overheating
5296.0,108.0,3.56,1.68,3.5,Overheating
4624.7,84.5,3.53,2.0,3.73,Performance Degradation
4792.1,90.0,2.51,2.39,3.04,Low Oil Pressure
5214.5,77.8,4.34,1.19,2.8,Normal
4635.5,90.4,3.39,5.75,3.16,Bearing Degradation
4881.6,91.8,2.44,2.42,2.87,Low Oil Pressure
5155.6,75.6,4.27,1.23,2.79,Normal
4903.0,96.6,2.01,2.43,2.84,Low Oil Pressure
4603.5,82.9,4.03,2.37,3.71,Performance Degradation
4676.3,91.2,3.19,4.32,3.17,Bearing Degradation
4595.4,84.4,3.87,2.25,3.98,Performance Degradation
4650.7,90.0,3.23,5.55,3.09,Bearing Degradation
4566.6,85.7,3.65,4.32,2.97,Bearing Degradation
5275.5,80.0,4.16,1.17,2.74,Normal
4681.6,92.0,3.43,4.48,3.13,Bearing Degradation
4613.5,85.5,3.75,1.98,3.56,Performance Degradation
5262.7,75.2,4.08,1.06,2.63,Normal
5306.1,109.7,3.49,2.0,3.43,Overheating
4808.0,83.8,3.68,1.76,3.32,Performance Degradation
4587.2,81.6,3.61,2.19,3.46,Performance Degradation
4770.5,84.3,3.13,5.66,3.08,Bearing Degradation
4824.4,96.4,2.19,2.67,2.92,Low Oil Pressure
4557.8,87.6,3.45,6.34,2.96,Bearing Degradation
4683.4,90.7,2.36,2.7,2.88,Low Oil Pressure
4527.0,85.5,3.78,2.16,3.47,Performance Degradation
5284.3,107.7,3.5,1.81,3.47,Overheating
4625.3,82.9,3.68,1.86,3.55,Performance Degradation
5215.4,77.5,4.23,1.2,2.83,Normal
4533.6,80.7,4.0,2.19,3.97,Performance Degradation
5203.1,74.9,4.22,1.01,2.63,Normal
5298.7,109.9,3.56,2.14,3.6,Overheating
4727.2,92.0,2.32,2.39,2.7,Low Oil Pressure
5278.8,103.9,3.58,1.66,3.36,Overheating
4796.2,91.8,2.33,2.39,2.87,Low Oil Pressure
4687.0,81.9,3.93,2.21,3.79,Performance Degradation
4720.7,86.3,3.76,2.14,3.27,Performance Degradation
4614.7,89.0,2.82,5.05,3.1,Bearing Degradation
5269.2,97.2,3.8,1.73,3.38,Overheating
4720.5,88.2,3.75,2.36,3.61,Performance Degradation
4659.5,86.4,3.4,5.89,3.05,Bearing Degradation
5297.3,80.5,4.22,1.09,2.75,Normal
4620.4,85.9,3.11,5.43,3.02,Bearing Degradation
5198.8,73.8,4.42,1.24,2.54,Normal
5246.5,78.6,4.23,1.3,2.73,Normal
5175.3,80.0,4.15,1.28,2.66,Normal
5311.0,105.4,3.77,1.89,3.4,Overheating
5225.2,77.6,4.19,1.07,2.8,Normal
4755.7,88.7,2.32,2.36,3.08,Low Oil Pressure
4804.5,91.7,2.21,2.21,2.97,Low Oil Pressure
4649.9,89.1,2.98,3.7,3.25,Bearing Degradation
4521.8,84.7,3.4,5.66,3.07,Bearing Degradation
4616.1,91.7,3.09,3.8,2.98,Bearing Degradation
4457.7,86.7,4.01,1.91,3.49,Performance Degradation
5214.6,103.1,3.65,1.86,3.21,Overheating
5225.3,97.5,3.85,1.65,3.17,Overheating
5159.6,77.9,4.18,1.04,2.79,Normal
4854.8,87.2,2.39,2.33,2.73,Low Oil Pressure
4671.2,82.2,3.78,1.71,3.45,Performance Degradation
4587.2,83.7,3.97,2.18,3.76,Performance Degradation
4843.1,90.0,2.2,2.71,2.5,Low Oil Pressure
5267.3,112.5,3.35,2.15,3.67,Overheating
5166.6,74.5,4.33,1.3,2.68,Normal
4815.2,92.5,2.52,2.55,2.74,Low Oil Pressure
4872.0,94.9,2.05,2.68,2.92,Low Oil Pressure
4734.3,92.2,2.39,2.32,3.1,Low Oil Pressure
5134.7,97.6,3.75,1.57,3.17,Overheating
4730.8,85.4,3.99,2.17,3.5,Performance Degradation
5201.2,82.8,4.54,1.19,2.66,Normal
4554.3,85.2,3.95,2.23,3.77,Performance Degradation
4599.8,84.1,3.61,2.05,3.81,Performance Degradation
4493.5,78.7,3.91,2.09,3.52,Performance Degradation
4642.2,84.1,3.89,1.9,4.18,Performance Degradation
4592.5,90.7,3.3,5.63,3.05,Bearing Degradation
4660.1,85.1,3.87,2.28,3.8,Performance Degradation
4503.8,84.4,3.76,2.29,3.59,Performance Degradation
4747.6,87.9,2.44,2.49,2.91,Low Oil Pressure
5283.1,106.7,3.48,2.12,3.41,Overheating
4654.8,88.5,4.23,2.19,3.48,Performance Degradation
4765.3,87.6,3.33,4.47,2.82,Bearing Degradation
5215.4,78.3,4.2,1.04,2.64,Normal
4620.1,84.4,3.02,4.93,2.99,Bearing Degradation
4732.2,84.9,2.93,4.79,3.06,Bearing Degradation
5224.6,108.1,3.54,2.03,3.44,Overheating
4699.0,90.1,2.37,2.43,2.94,Low Oil Pressure
4837.3,92.8,2.14,2.65,3.13,Low Oil Pressure
4770.1,90.5,2.41,2.48,3.11,Low Oil Pressure
5282.0,106.1,3.58,1.85,3.46,Overheating
4848.3,92.5,2.04,2.73,2.97,Low Oil Pressure
5319.9,100.2,3.71,1.96,3.18,Overheating
4868.0,98.0,2.01,2.63,2.96,Low Oil Pressure
4956.8,95.2,2.34,2.36,2.76,Low Oil Pressure
4912.4,92.0,2.24,2.42,2.99,Low Oil Pressure
4572.6,81.9,4.05,2.14,3.71,Performance Degradation
4721.1,85.8,3.92,2.48,3.8,Performance Degradation
4498.1,84.8,3.89,2.05,3.3,Performance Degradation
4596.2,89.1,3.46,5.55,2.98,Bearing Degradation
5227.5,100.1,3.85,1.66,3.23,Overheating
5159.1,79.3,4.25,1.18,2.87,Normal
5232.1,112.9,3.28,1.96,3.59,Overheating
4590.3,83.6,3.99,2.2,3.89,Performance Degradation
4726.3,89.6,3.27,4.47,3.11,Bearing Degradation
5294.3,116.3,3.15,2.13,3.57,Overheating
4621.9,83.4,3.92,1.93,3.42,Performance Degradation
5163.7,102.0,3.55,1.79,3.27,Overheating
5175.4,78.2,4.14,1.24,2.75,Normal
4637.7,87.3,3.39,4.9,3.5,Bearing Degradation
4881.6,95.5,2.51,2.19,2.84,Low Oil Pressure
4749.7,90.5,2.31,2.29,2.96,Low Oil Pressure
4608.3,92.6,3.19,5.13,3.07,Bearing Degradation
4636.0,89.2,3.71,2.0,3.76,Performance Degradation
4598.5,90.9,3.23,5.43,3.32,Bearing Degradation
5318.0,105.1,3.57,1.76,3.38,Overheating
5151.8,77.6,4.22,0.99,2.7,Normal
5186.8,111.8,3.38,2.0,3.39,Overheating
4536.1,83.8,3.95,2.6,3.92,Performance Degradation
5272.5,76.3,4.32,1.22,2.73,Normal
4898.2,91.4,2.61,2.01,2.97,Low Oil Pressure
4590.5,81.0,3.92,2.14,3.87,Performance Degradation
4731.7,87.9,3.05,4.87,3.18,Bearing Degradation
4710.6,85.2,3.02,5.05,3.08,Bearing Degradation
4707.3,87.9,4.07,2.12,3.48,Performance Degradation
5285.6,75.2,4.33,1.1,2.77,Normal
4654.5,79.8,3.83,2.13,3.31,Performance Degradation
5255.0,99.4,3.83,1.52,3.22,Overheating
4731.6,87.6,3.65,6.0,2.97,Bearing Degradation
4697.4,94.4,2.36,2.74,3.08,Low Oil Pressure
4724.1,85.8,4.05,2.22,3.94,Performance Degradation
4651.8,88.5,4.04,2.19,3.45,Performance Degradation
5191.2,82.0,4.33,1.15,2.71,Normal
4632.9,84.2,3.63,1.72,3.44,Performance Degradation
4649.7,86.1,3.99,2.17,3.92,Performance Degradation
4813.7,88.2,2.38,2.37,2.86,Low Oil Pressure
4890.6,94.4,2.38,2.63,2.86,Low Oil Pressure
4614.6,89.0,3.56,6.08,3.07,Bearing Degradation
4627.4,80.3,3.96,2.11,3.82,Performance Degradation
4736.0,88.0,3.07,6.04,3.02,Bearing Degradation
5185.4,78.6,4.19,1.15,2.8,Normal
5240.3,81.0,4.34,1.15,2.74,Normal
4872.2,92.5,2.55,2.25,2.82,Low Oil Pressure
5111.1,79.0,4.3,1.28,2.73,Normal
4865.0,95.9,2.26,2.55,2.74,Low Oil Pressure
4944.2,92.5,2.12,2.89,2.94,Low Oil Pressure
4758.1,88.5,3.24,3.81,2.99,Bearing Degradation
4897.0,91.6,1.94,2.75,3.14,Low Oil Pressure
4491.7,88.0,3.35,3.98,2.81,Bearing Degradation
4615.0,86.4,3.24,5.06,3.19,Bearing Degradation
4716.5,82.8,3.73,1.94,3.85,Performance Degradation
4553.8,85.4,4.04,2.33,3.86,Performance Degradation
5120.8,82.1,4.44,1.07,2.64,Normal
4698.2,91.9,3.18,5.76,2.92,Bearing Degradation
4781.7,92.3,2.44,2.59,2.97,Low Oil Pressure
4765.1,83.9,4.03,2.15,3.81,Performance Degradation
4636.0,84.5,2.99,4.83,3.03,Bearing Degradation
5357.7,102.4,3.65,1.99,3.28,Overheating
5152.2,76.4,4.38,1.31,2.68,Normal
5206.4,104.2,3.61,1.64,3.5,Overheating
4539.5,88.2,3.35,4.97,3.11,Bearing Degradation
4706.0,87.5,3.4,4.44,3.07,Bearing Degradation
4680.2,81.7,3.97,2.13,4.12,Performance Degradation
4664.1,93.0,3.31,5.33,3.11,Bearing Degradation
4596.6,84.1,3.2,6.11,3.11,Bearing Degradation
5165.0,77.0,4.3,1.41,2.68,Normal
4722.4,86.7,3.33,6.49,2.95,Bearing Degradation
4884.5,91.2,2.61,2.26,3.13,Low Oil Pressure
4868.6,96.0,2.14,2.53,2.83,Low Oil Pressure
5211.4,80.5,4.42,0.93,2.72,Normal
5281.6,105.1,3.65,1.75,3.38,Overheating
5308.4,103.5,3.67,1.95,3.57,Overheating
5265.1,109.0,3.49,1.99,3.46,Overheating
4612.8,86.6,3.26,4.67,3.29,Bearing Degradation
5191.4,75.7,4.25,1.08,2.85,Normal
4567.0,80.6,3.74,2.12,3.77,Performance Degradation
4664.2,88.6,3.4,4.4,2.83,Bearing Degradation
5354.9,108.6,3.43,1.96,3.49,Overheating
5231.7,108.2,3.54,1.92,3.38,Overheating
5242.3,80.7,4.1,1.28,2.69,Normal
5268.1,101.5,3.58,1.81,3.19,Overheating
5143.9,75.3,4.06,1.31,2.71,Normal
4535.5,85.7,3.37,6.2,3.12,Bearing Degradation
5264.5,102.6,3.68,1.71,3.35,Overheating
5133.5,78.6,4.24,1.23,2.52,Normal
4824.3,88.6,2.58,2.53,2.96,Low Oil Pressure
4699.1,89.4,3.36,5.27,3.13,Bearing Degradation
5174.7,76.5,4.2,1.2,2.83,Normal
4943.0,96.0,2.06,2.69,2.97,Low Oil Pressure
5261.2,101.1,3.65,1.67,3.37,Overheating
5160.1,80.3,4.25,1.43,2.71,Normal
5257.0,80.2,4.59,1.09,2.72,Normal
4696.4,88.5,3.95,2.07,3.82,Performance Degradation
4646.0,90.9,3.02,4.85,3.14,Bearing Degradation
5266.0,104.9,3.49,2.03,3.36,Overheating
4709.0,87.5,3.26,4.12,3.13,Bearing Degradation
4649.6,83.0,3.91,1.85,3.63,Performance Degradation
4632.4,82.1,4.04,1.82,3.89,Performance Degradation
4888.2,89.8,2.34,2.55,2.89,Low Oil Pressure
4777.2,89.3,2.5,2.25,2.92,Low Oil Pressure
4759.2,82.6,3.85,1.69,3.87,Performance Degradation
4581.4,82.1,3.77,2.16,4.05,Performance Degradation
4768.3,86.5,3.2,4.46,3.22,Bearing Degradation
5187.3,107.1,3.57,1.91,3.35,Overheating
4754.7,91.1,3.57,3.7,3.22,Bearing Degradation
5188.4,80.8,4.14,1.36,2.66,Normal
4583.4,85.7,3.82,2.04,3.49,Performance Degradation
4800.9,90.2,2.65,2.22,2.86,Low Oil Pressure
4919.7,90.7,2.65,2.08,2.78,Low Oil Pressure
5281.0,103.0,3.59,1.86,3.31,Overheating
4996.6,90.6,2.43,2.37,2.91,Low Oil Pressure
5312.5,104.3,3.68,1.7,3.49,Overheating
5226.4,76.4,4.48,1.14,2.66,Normal
5211.0,79.0,4.49,1.18,2.91,Normal
4556.3,92.8,3.08,4.55,3.13,Bearing Degradation
5247.3,100.7,3.67,1.78,3.22,Overheating
5343.3,100.7,3.75,1.59,3.27,Overheating
5215.6,80.7,4.25,1.17,2.77,Normal
4618.4,88.3,3.21,5.6,3.25,Bearing Degradation
5179.6,80.5,4.44,1.24,2.72,Normal
4471.9,83.6,3.92,1.87,3.87,Performance Degradation
4618.3,86.9,3.25,6.33,3.1,Bearing Degradation
4741.9,82.8,3.85,1.98,3.5,Performance Degradation
5294.9,103.6,3.6,1.77,3.4,Overheating
4795.6,89.4,2.16,2.27,2.84,Low Oil Pressure
4712.2,86.8,3.78,1.85,3.95,Performance Degradation
5303.7,109.4,3.45,1.99,3.42,Overheating
5214.5,80.3,4.33,1.33,2.61,Normal
4658.8,82.2,3.87,2.2,3.49,Performance Degradation
5138.5,79.4,4.1,1.09,2.75,Normal
5174.2,75.6,4.45,1.3,2.88,Normal
4647.4,94.5,3.28,5.36,3.08,Bearing Degradation
5174.6,79.0,4.26,1.13,2.67,Normal
4746.2,81.9,3.93,1.89,3.62,Performance Degradation
4748.9,87.7,3.29,5.42,3.11,Bearing Degradation
4711.7,80.8,3.86,2.43,3.78,Performance Degradation
4599.2,85.9,3.38,5.56,2.82,Bearing Degradation
5311.4,109.1,3.48,2.04,3.4,Overheating
4654.3,82.9,3.96,2.09,3.58,Performance Degradation
4767.8,78.7,4.19,2.08,3.53,Performance Degradation
4879.1,95.2,2.34,2.44,3.18,Low Oil Pressure
5219.4,78.6,4.53,0.95,2.67,Normal
5227.5,106.0,3.67,1.71,3.46,Overheating
4699.6,81.9,3.99,2.39,3.39,Performance Degradation
4679.5,88.3,3.19,5.0,3.21,Bearing Degradation
5313.2,107.2,3.68,1.94,3.48,Overheating
4556.1,88.1,3.2,4.84,2.86,Bearing Degradation
4687.7,90.4,3.4,4.95,3.28,Bearing Degradation
4555.7,85.3,3.65,4.13,3.1,Bearing Degradation
4921.3,90.9,2.31,2.66,3.09,Low Oil Pressure
4757.6,84.1,3.83,2.16,3.56,Performance Degradation
4642.0,82.7,3.97,2.31,4.2,Performance Degradation
5245.2,77.7,4.33,1.33,2.77,Normal
4833.5,90.4,2.35,2.66,3.07,Low Oil Pressure
5233.2,76.6,4.32,1.31,2.68,Normal
5227.5,107.3,3.47,1.72,3.43,Overheating
5400.6,109.3,3.47,1.93,3.46,Overheating
4805.4,94.6,2.21,2.53,2.86,Low Oil Pressure
4749.6,84.7,3.59,2.19,3.4,Performance Degradation
4692.1,90.2,3.23,4.87,3.18,Bearing Degradation
4726.6,90.9,3.15,4.73,3.34,Bearing Degradation
4678.2,87.3,3.09,5.12,3.1,Bearing Degradation
4914.4,90.3,2.56,2.37,2.91,Low Oil Pressure
4709.7,86.4,2.65,2.21,2.68,Low Oil Pressure
5219.8,108.7,3.34,1.86,3.37,Overheating
4846.0,91.9,2.42,2.41,3.03,Low Oil Pressure
5302.1,107.4,3.51,1.74,3.46,Overheating
4840.5,90.3,2.11,2.86,2.96,Low Oil Pressure
4646.6,83.0,3.84,2.3,3.44,Performance Degradation
5250.5,104.6,3.53,1.78,3.4,Overheating
4801.8,82.6,3.76,1.85,3.75,Performance Degradation
5267.2,105.3,3.45,1.94,3.19,Overheating
4718.5,88.2,2.76,5.13,3.23,Bearing Degradation
4632.0,86.4,3.79,2.22,3.55,Performance Degradation
4693.8,86.1,4.03,2.12,3.56,Performance Degradation
5205.7,76.8,4.26,1.0,2.67,Normal
4626.5,87.3,4.22,1.86,3.7,Performance Degradation
4815.8,94.5,2.2,2.36,2.89,Low Oil Pressure
4624.8,79.9,3.42,1.92,3.94,Performance Degradation
4627.8,84.4,3.56,2.12,4.19,Performance Degradation
4656.0,89.2,3.19,6.43,3.17,Bearing Degradation
4747.9,87.0,3.51,5.22,3.04,Bearing Degradation
4613.6,84.4,3.35,4.69,3.14,Bearing Degradation
4743.3,89.3,2.43,2.36,2.92,Low Oil Pressure
5253.8,108.1,3.43,1.66,3.46,Overheating
5300.7,110.9,3.51,1.93,3.59,Overheating
4668.0,89.8,3.18,5.89,3.2,Bearing Degradation
5277.9,102.6,3.64,1.75,3.4,Overheating
4605.2,90.6,2.84,4.44,3.25,Bearing Degradation
4866.9,90.5,2.28,2.42,3.02,Low Oil Pressure
4684.7,84.0,3.78,2.02,3.61,Performance Degradation
4665.5,92.9,2.49,2.23,2.98,Low Oil Pressure
4554.3,86.2,4.13,2.25,3.81,Performance Degradation
4713.7,90.3,3.21,4.98,3.07,Bearing Degradation
5193.2,74.2,4.42,1.15,2.7,Normal
4782.7,79.0,3.79,1.86,3.72,Performance Degradation
4572.7,82.5,3.71,2.02,3.51,Performance Degradation
4831.7,92.6,2.46,2.36,2.9,Low Oil Pressure
4717.4,79.4,3.78,2.0,3.72,Performance Degradation
4559.3,90.9,3.16,5.0,3.01,Bearing Degradation
4779.9,88.9,2.52,2.26,2.87,Low Oil Pressure
5243.7,77.9,4.39,1.22,2.63,Normal
5205.1,74.5,4.51,1.21,2.67,Normal
5195.2,81.2,4.21,1.33,2.78,Normal
5177.0,73.5,4.32,1.36,2.68,Normal
4631.1,84.1,4.03,2.17,3.62,Performance Degradation
5190.5,108.8,3.5,1.9,3.39,Overheating
4911.2,91.5,2.31,2.72,3.0,Low Oil Pressure
4631.6,90.7,3.27,5.12,3.16,Bearing Degradation
4636.5,95.0,3.3,5.18,3.1,Bearing Degradation
5168.6,106.0,3.77,1.89,3.37,Overheating
4905.5,94.5,2.12,2.76,2.94,Low Oil Pressure
5190.4,77.7,4.23,1.17,2.75,Normal
4683.9,91.4,3.28,5.85,2.88,Bearing Degradation
4915.4,92.6,2.33,2.68,3.08,Low Oil Pressure
5258.8,78.1,4.46,1.19,2.64,Normal
5311.5,109.0,3.56,1.73,3.41,Overheating
4953.3,89.7,2.42,2.66,3.07,Low Oil Pressure
4892.8,89.4,2.18,2.58,3.1,Low Oil Pressure
5246.8,76.1,4.08,1.27,2.8,Normal
5258.2,95.7,3.78,1.79,3.0,Overheating
4701.2,83.2,3.71,2.14,3.51,Performance Degradation
4731.2,86.6,3.97,1.98,3.76,Performance Degradation
4797.8,86.2,2.51,2.58,2.96,Low Oil Pressure
4650.7,84.2,2.92,5.61,3.11,Bearing Degradation
5357.2,109.8,3.54,1.9,3.6,Overheating
5226.9,78.9,4.23,1.14,2.65,Normal
5334.7,103.8,3.73,1.46,3.38,Overheating
4861.9,92.1,2.59,2.41,2.87,Low Oil Pressure
5166.2,76.2,4.49,1.12,2.83,Normal
5336.5,102.1,3.61,1.86,3.29,Overheating
4597.2,84.5,3.95,1.79,3.82,Performance Degradation
4503.1,86.2,3.22,5.29,3.15,Bearing Degradation
5146.1,78.9,4.37,1.21,2.83,Normal
4874.5,89.6,2.43,2.43,2.89,Low Oil Pressure
4580.6,82.7,3.8,2.44,3.64,Performance Degradation
5197.9,77.6,4.26,1.16,2.73,Normal
5232.3,107.7,3.55,1.83,3.45,Overheating
5172.4,75.3,4.25,1.2,2.81,Normal
4949.4,96.5,2.46,2.33,2.83,Low Oil Pressure
4576.8,90.2,3.65,5.48,3.21,Bearing Degradation
4807.2,90.4,2.19,2.34,3.11,Low Oil Pressure
4622.3,84.2,3.16,4.48,3.46,Bearing Degradation
4601.0,90.9,3.18,5.52,3.04,Bearing Degradation
4884.3,93.5,2.47,2.53,2.87,Low Oil Pressure
5198.5,80.8,4.32,1.18,2.81,Normal
4823.0,93.6,2.32,2.53,3.01,Low Oil Pressure
5170.9,82.1,4.28,1.26,2.72,Normal
5325.3,98.2,3.85,1.78,3.17,Overheating
5141.7,78.8,4.02,1.2,2.65,Normal
4660.7,89.9,4.04,2.08,3.8,Performance Degradation
5297.4,102.5,3.66,1.57,3.4,Overheating
4604.0,84.1,3.96,1.85,3.6,Performance Degradation
4863.2,93.7,2.13,2.54,2.88,Low Oil Pressure
4809.6,90.3,2.65,2.43,2.71,Low Oil Pressure
4560.3,85.0,3.81,1.6,3.63,Performance Degradation
4940.5,89.8,2.41,2.38,3.05,Low Oil Pressure
5214.0,111.0,3.44,2.04,3.43,Overheating
5247.5,80.2,4.26,1.21,2.75,Normal
5197.9,75.5,4.18,1.34,2.77,Normal
5167.9,76.8,4.28,1.25,2.67,Normal
5339.9,103.8,3.66,1.94,3.21,Overheating
4547.7,83.2,3.69,2.02,3.78,Performance Degradation
4635.9,91.3,3.56,6.1,3.18,Bearing Degradation
5191.2,78.3,4.23,1.3,2.65,Normal
4772.5,95.6,2.36,2.57,2.89,Low Oil Pressure
4816.8,91.0,2.53,2.06,2.9,Low Oil Pressure
5275.1,100.0,3.71,1.66,3.27,Overheating
5233.4,81.0,4.27,0.9,2.73,Normal
4574.3,90.6,3.45,4.7,3.19,Bearing Degradation
5175.0,79.7,4.41,1.11,2.67,Normal
5272.3,101.9,3.61,2.08,3.39,Overheating
4893.3,91.2,2.63,2.13,3.06,Low Oil Pressure
4861.7,96.4,2.34,2.5,2.93,Low Oil Pressure
4654.5,82.6,3.79,2.27,4.03,Performance Degradation
4892.2,88.9,2.23,2.38,2.79,Low Oil Pressure
5229.2,83.0,4.3,1.14,2.86,Normal
5260.7,104.6,3.5,1.78,3.43,Overheating
5204.2,105.6,3.59,1.91,3.35,Overheating
4666.1,90.8,2.46,2.32,3.27,Low Oil Pressure
4574.2,84.6,3.92,2.13,3.85,Performance Degradation
4854.7,89.8,2.49,2.41,2.87,Low Oil Pressure
4519.7,84.6,3.54,2.14,3.29,Performance Degradation
4584.3,91.0,3.21,4.78,2.95,Bearing Degradation
4887.9,90.7,2.27,2.71,2.98,Low Oil Pressure
4687.8,90.1,3.3,5.31,3.03,Bearing Degradation
4840.2,80.7,3.8,2.0,3.47,Performance Degradation
5195.9,77.7,4.26,1.28,2.69,Normal
5223.1,79.9,4.29,1.25,2.8,Normal
4637.5,84.1,3.78,2.18,4.08,Performance Degradation
4686.5,88.9,4.07,2.12,3.53,Performance Degradation
4578.3,81.8,3.68,2.16,3.62,Performance Degradation
4606.1,83.1,3.97,1.87,4.04,Performance Degradation
5285.1,102.2,3.78,1.71,3.33,Overheating
4892.5,90.5,2.09,2.62,2.7,Low Oil Pressure
5162.0,111.2,3.31,2.03,3.5,Overheating
4638.6,82.8,3.89,2.34,3.8,Performance Degradation
5147.9,76.1,4.46,1.13,2.83,Normal
5203.5,78.5,4.33,1.3,2.73,Normal
4739.9,93.0,3.6,4.82,3.23,Bearing Degradation
5161.8,77.6,4.39,1.17,2.53,Normal
4664.8,81.7,4.0,1.86,3.57,Performance Degradation
4639.0,88.7,3.24,5.31,3.02,Bearing Degradation
4833.4,93.0,2.23,2.61,3.01,Low Oil Pressure
4667.4,80.5,4.07,2.26,3.45,Performance Degradation
4558.0,84.7,4.05,1.92,3.61,Performance Degradation
4604.0,90.0,3.64,2.1,3.84,Performance Degradation
4739.8,87.6,3.59,5.4,2.93,Bearing Degradation
4845.6,90.0,2.58,2.38,3.0,Low Oil Pressure
4751.5,83.0,3.78,2.01,3.72,Performance Degradation
4658.1,92.7,3.28,4.4,3.18,Bearing Degradation
4543.4,80.3,3.83,1.77,3.67,Performance Degradation
4597.9,82.5,3.97,2.31,3.9,Performance Degradation
4668.7,89.8,3.43,4.65,3.25,Bearing Degradation
5231.3,95.9,3.85,1.59,3.22,Overheating
5208.3,75.2,4.38,0.98,2.76,Normal
5188.6,79.4,4.29,1.13,2.52,Normal
5327.1,98.3,3.77,1.66,3.26,Overheating
4788.4,88.8,2.62,2.36,3.03,Low Oil Pressure
4811.4,87.3,2.45,2.58,2.66,Low Oil Pressure
4835.3,92.8,2.37,2.51,3.0,Low Oil Pressure
5239.8,106.8,3.51,1.66,3.52,Overheating
4540.2,88.2,3.23,5.09,3.07,Bearing Degradation
4577.9,90.0,3.84,2.1,3.72,Performance Degradation
5307.1,104.2,3.6,1.63,3.48,Overheating
4760.5,85.0,3.84,2.04,3.66,Performance Degradation
5311.6,104.7,3.6,1.77,3.21,Overheating
4931.0,93.6,2.41,2.36,3.0,Low Oil Pressure
4639.2,81.9,3.93,2.0,3.62,Performance Degradation
5212.2,105.2,3.64,1.88,3.58,Overheating
5178.6,76.2,4.32,1.26,2.7,Normal
5093.7,80.5,4.41,1.37,2.71,Normal
4663.6,78.0,4.0,1.86,3.72,Performance Degradation
5149.6,75.9,4.29,0.95,2.69,Normal
4696.4,84.8,4.17,2.22,3.62,Performance Degradation
5168.5,77.9,4.44,1.11,2.69,Normal
4908.5,93.6,2.02,2.72,2.91,Low Oil Pressure
4605.5,91.7,3.16,4.67,2.99,Bearing Degradation
5249.1,79.3,4.3,1.28,2.76,Normal
5320.0,102.6,3.6,1.42,3.3,Overheating
4607.7,95.0,3.28,5.22,3.37,Bearing Degradation
5278.0,75.2,4.35,1.24,2.72,Normal
4621.3,82.7,3.5,1.75,3.76,Performance Degradation
4708.2,86.0,3.31,4.18,3.13,Bearing Degradation
4814.0,93.7,2.44,2.49,2.72,Low Oil Pressure
5355.4,101.3,3.77,1.81,3.46,Overheating
4817.1,90.2,2.44,2.42,2.87,Low Oil Pressure
4901.4,91.0,2.56,2.35,2.78,Low Oil Pressure
4656.4,83.7,3.12,6.03,3.07,Bearing Degradation
5348.3,111.2,3.46,1.93,3.49,Overheating
5347.4,103.3,3.59,1.91,3.14,Overheating
4520.3,91.6,3.03,5.84,2.88,Bearing Degradation
5196.3,77.3,4.23,1.32,2.79,Normal
4832.9,88.0,2.52,2.35,2.86,Low Oil Pressure
5375.9,101.5,3.78,1.67,3.17,Overheating
4856.0,94.4,2.2,2.68,2.99,Low Oil Pressure
5327.3,106.7,3.53,1.65,3.36,Overheating
4807.4,97.5,2.01,2.82,3.1,Low Oil Pressure
5378.3,102.4,3.73,1.86,3.36,Overheating
5183.1,74.9,4.2,1.09,2.81,Normal
4812.5,92.8,2.01,2.68,2.84,Low Oil Pressure
4711.4,93.6,2.11,2.93,2.75,Low Oil Pressure
5212.6,77.6,4.44,1.05,2.72,Normal
4912.7,91.7,2.33,2.19,3.0,Low Oil Pressure
4578.5,87.8,3.53,2.15,3.86,Performance Degradation
5279.2,109.1,3.57,1.92,3.43,Overheating
5304.6,104.4,3.68,1.91,3.44,Overheating
4656.0,82.8,4.02,2.21,3.84,Performance Degradation
4731.1,90.0,2.29,2.63,3.02,Low Oil Pressure
4600.4,89.0,3.09,4.98,3.03,Bearing Degradation
5225.2,78.9,4.3,1.04,2.83,Normal
4603.4,78.0,3.81,2.26,3.47,Performance Degradation
4694.4,88.3,3.92,2.42,3.7,Performance Degradation
5220.0,72.8,4.29,1.08,2.67,Normal
5294.5,105.2,3.59,1.83,3.38,Overheating
4623.0,86.9,3.89,2.1,3.33,Performance Degradation
4692.1,89.7,3.29,4.25,2.82,Bearing Degradation
5280.7,97.9,3.85,1.4,3.41,Overheating
4920.5,93.2,2.29,2.77,3.04,Low Oil Pressure
5243.1,107.3,3.52,2.01,3.43,Overheating
5308.9,106.5,3.65,2.0,3.61,Overheating
4626.8,90.3,3.03,5.12,3.09,Bearing Degradation
4666.0,85.9,3.83,2.12,3.64,Performance Degradation
4896.8,88.4,2.65,2.14,2.8,Low Oil Pressure
4762.3,85.5,3.26,4.49,3.05,Bearing Degradation
4593.5,94.3,3.08,5.42,3.4,Bearing Degradation
5303.4,106.4,3.4,1.69,3.38,Overheating
4824.2,91.6,2.47,2.35,2.82,Low Oil Pressure
4537.8,84.7,3.11,5.15,3.23,Bearing Degradation
4798.6,89.0,3.11,6.73,3.18,Bearing Degradation
4936.0,90.6,2.64,2.09,3.13,Low Oil Pressure
4697.8,84.1,3.72,2.51,3.91,Performance Degradation
5166.0,76.9,4.3,1.28,2.86,Normal
5269.7,106.8,3.69,1.86,3.53,Overheating
4658.8,90.8,3.28,5.19,3.12,Bearing Degradation
4795.1,89.5,2.64,2.32,2.99,Low Oil Pressure
5187.8,98.2,3.67,1.69,3.23,Overheating
5234.5,76.4,4.24,1.01,2.82,Normal
5333.2,109.9,3.42,2.02,3.4,Overheating
4773.6,92.3,2.54,2.48,2.94,Low Oil Pressure
4696.0,82.2,3.78,2.12,3.83,Performance Degradation
4711.3,87.3,3.13,6.23,3.18,Bearing Degradation
4693.7,93.0,3.53,6.41,2.96,Bearing Degradation
4680.4,78.0,3.71,1.77,3.68,Performance Degradation
4569.5,92.9,3.07,6.04,2.74,Bearing Degradation
4698.9,89.2,2.99,4.49,2.93,Bearing Degradation
5230.6,104.8,3.57,1.74,3.37,Overheating
4774.0,88.5,2.57,2.19,2.96,Low Oil Pressure
5187.9,75.5,4.06,1.21,2.69,Normal
4833.7,92.2,2.54,2.54,2.83,Low Oil Pressure
4690.4,84.4,3.95,2.03,3.59,Performance Degradation
5280.7,101.6,3.81,1.77,3.28,Overheating
5208.9,80.7,4.37,1.2,2.6,Normal
5252.4,76.7,4.32,1.2,2.76,Normal
4854.3,88.4,2.62,2.34,2.74,Low Oil Pressure
5252.2,78.0,4.46,1.18,2.75,Normal
5233.9,77.1,4.33,1.2,2.72,Normal
5256.0,106.2,3.73,1.83,3.51,Overheating
4554.5,82.6,3.9,2.08,3.83,Performance Degradation
4569.1,92.2,3.57,4.67,3.21,Bearing Degradation
4690.6,83.8,4.06,2.31,3.62,Performance Degradation
4535.5,86.8,3.44,5.33,3.04,Bearing Degradation
4616.6,85.7,3.89,2.15,3.47,Performance Degradation
4884.8,92.9,2.41,2.6,2.89,Low Oil Pressure
5286.0,95.5,3.85,1.55,3.0,Overheating
4744.0,79.2,4.05,2.35,3.51,Performance Degradation
4788.0,95.5,2.25,2.12,2.81,Low Oil Pressure
5267.5,104.2,3.7,1.8,3.53,Overheating
5139.9,76.7,4.33,1.2,2.78,Normal
4885.4,99.2,1.68,3.2,2.93,Low Oil Pressure
5289.6,102.7,3.81,1.7,3.32,Overheating
5245.0,75.1,4.2,1.37,2.79,Normal
4901.1,89.6,2.31,2.61,2.79,Low Oil Pressure
4724.3,93.3,2.45,2.58,2.98,Low Oil Pressure
5366.1,102.8,3.64,1.73,3.47,Overheating
4799.2,93.8,2.33,2.83,2.99,Low Oil Pressure
4559.5,85.2,3.28,6.24,2.96,Bearing Degradation
4921.3,91.5,2.48,2.33,3.26,Low Oil Pressure
4549.2,90.4,3.09,4.14,3.11,Bearing Degradation
4894.8,92.5,2.63,2.4,2.85,Low Oil Pressure
5198.3,79.5,4.23,1.4,2.67,Normal
4908.1,93.9,2.39,2.58,2.78,Low Oil Pressure
4598.3,82.6,4.19,1.96,3.31,Performance Degradation
4587.0,89.5,3.08,4.56,2.96,Bearing Degradation
5322.2,105.8,3.35,1.77,3.38,Overheating
4804.1,94.4,2.25,2.77,2.78,Low Oil Pressure
4631.4,78.5,3.62,2.14,3.58,Performance Degradation
4614.6,87.6,3.11,6.27,3.42,Bearing Degradation
5157.2,110.1,3.44,1.89,3.63,Overheating
4675.3,83.9,3.95,2.09,4.05,Performance Degradation
5244.6,100.5,3.6,1.61,3.31,Overheating
5236.4,80.1,4.28,1.01,2.59,Normal
5229.4,79.3,4.31,1.28,2.66,Normal
4509.8,92.0,3.02,4.7,3.11,Bearing Degradation
4628.8,80.3,4.08,2.32,3.41,Performance Degradation
4562.2,89.8,3.09,4.42,3.31,Bearing Degradation
5177.2,76.9,4.4,1.18,2.59,Normal
4637.9,86.1,3.11,5.94,2.94,Bearing Degradation
4628.5,81.1,3.58,1.9,3.58,Performance Degradation
5258.8,107.9,3.61,1.87,3.53,Overheating
4698.8,80.7,3.8,2.31,3.7,Performance Degradation
4692.8,80.6,3.96,2.29,3.44,Performance Degradation
4692.5,87.7,3.28,5.33,3.07,Bearing Degradation
5298.4,110.0,3.6,2.05,3.46,Overheating
5211.7,75.9,4.24,1.21,2.79,Normal
4801.5,91.6,2.65,2.17,2.81,Low Oil Pressure
4788.7,90.6,1.96,2.75,2.83,Low Oil Pressure
4653.9,89.3,3.39,5.9,3.18,Bearing Degradation
4764.3,93.4,2.38,2.43,2.88,Low Oil Pressure
4952.2,93.1,2.0,2.79,2.98,Low Oil Pressure
5176.0,76.4,4.26,0.95,2.78,Normal
5231.3,103.6,3.55,1.78,3.57,Overheating
4769.1,84.6,3.96,2.05,3.51,Performance Degradation
4795.4,89.4,2.51,2.23,2.92,Low Oil Pressure
5197.5,105.9,3.38,1.96,3.48,Overheating
5305.8,101.0,3.63,1.76,3.32,Overheating
4649.5,86.3,3.84,1.92,4.02,Performance Degradation
5228.4,78.8,4.36,1.17,2.8,Normal
4609.1,87.7,3.18,4.51,3.19,Bearing Degradation
4632.3,85.0,4.24,2.08,3.38,Performance Degradation
4568.3,92.0,3.32,4.97,2.84,Bearing Degradation
4595.6,95.0,3.37,5.64,3.03,Bearing Degradation
5354.5,97.4,3.85,1.66,3.1,Overheating
4756.6,94.1,2.27,2.52,2.96,Low Oil Pressure
4643.7,88.5,3.38,4.78,3.22,Bearing Degradation
5302.3,103.0,3.65,1.77,3.42,Overheating
4833.4,94.3,2.31,2.57,2.96,Low Oil Pressure
4863.8,90.9,2.47,2.5,3.08,Low Oil Pressure
5214.7,77.4,4.38,1.46,2.73,Normal
4596.2,87.6,3.72,2.03,3.56,Performance Degradation
4529.9,82.0,3.35,5.47,2.76,Bearing Degradation
4634.7,84.9,3.83,1.78,3.66,Performance Degradation
5295.5,96.9,3.85,1.56,3.18,Overheating
4663.3,84.0,3.98,2.22,3.85,Performance Degradation
4818.2,94.7,2.3,2.49,2.88,Low Oil Pressure
4953.6,88.3,2.57,2.21,3.08,Low Oil Pressure
4691.4,86.9,2.65,2.3,3.14,Low Oil Pressure
4653.9,86.7,4.03,2.09,3.3,Performance Degradation
4796.9,90.5,2.23,2.51,2.92,Low Oil Pressure
4849.9,88.5,2.33,2.46,2.99,Low Oil Pressure
4758.3,93.9,2.15,2.44,2.83,Low Oil Pressure
4764.4,92.1,2.08,2.97,2.93,Low Oil Pressure
4684.6,85.2,3.74,2.47,3.66,Performance Degradation
4587.7,85.7,3.72,2.08,3.2,Performance Degradation
4512.8,85.5,3.31,4.36,3.28,Bearing Degradation
4525.6,93.4,3.28,4.83,3.15,Bearing Degradation
4665.0,91.7,3.41,4.87,3.34,Bearing Degradation
5201.1,77.7,4.13,1.17,2.67,Normal
5248.9,77.3,4.42,1.38,2.6,Normal
5139.7,104.4,3.66,1.83,3.41,Overheating
4865.8,93.2,2.26,2.42,2.92,Low Oil Pressure
5117.6,77.1,4.16,1.11,2.73,Normal
5368.1,97.7,3.75,1.49,3.05,Overheating
4849.1,96.3,2.37,2.38,2.9,Low Oil Pressure
5343.9,106.2,3.61,1.97,3.45,Overheating
4659.3,85.6,3.06,4.4,3.25,Bearing Degradation
4688.0,94.7,2.0,2.71,2.71,Low Oil Pressure
5323.3,101.7,3.7,1.65,3.26,Overheating
4691.4,85.9,3.27,5.2,2.9,Bearing Degradation
4712.2,90.0,3.07,4.54,2.94,Bearing Degradation
4884.7,98.9,1.94,2.66,3.06,Low Oil Pressure
4739.0,86.2,3.13,4.83,3.28,Bearing Degradation
4788.4,94.1,2.33,2.37,2.87,Low Oil Pressure
4771.5,84.4,3.94,2.17,3.71,Performance Degradation
5331.4,113.8,3.39,2.03,3.68,Overheating
4802.7,88.5,2.2,2.35,2.93,Low Oil Pressure
4664.8,78.8,4.19,2.38,3.59,Performance Degradation
4678.3,85.8,4.25,2.14,3.9,Performance Degradation
4711.4,83.8,3.7,2.14,3.67,Performance Degradation
4575.7,89.7,3.32,3.81,2.9,Bearing Degradation
5212.7,79.2,4.17,1.17,2.7,Normal
4942.8,90.8,2.43,2.63,2.93,Low Oil Pressure
4854.0,93.7,1.92,2.77,2.96,Low Oil Pressure
4652.7,87.3,3.8,1.91,3.62,Performance Degradation
5183.6,78.9,4.39,1.06,2.72,Normal
4865.3,91.5,2.48,2.36,2.86,Low Oil Pressure
4628.6,84.8,4.25,2.21,3.41,Performance Degradation
4726.6,83.0,3.82,2.17,3.94,Performance Degradation
4563.7,85.7,4.06,1.94,3.77,Performance Degradation
4648.7,84.0,3.9,1.9,3.27,Performance Degradation
4827.4,91.5,2.61,2.1,3.02,Low Oil Pressure
4622.8,90.0,3.9,2.51,3.99,Performance Degradation
5198.5,77.9,4.24,1.04,2.74,Normal
5235.0,112.1,3.34,1.86,3.61,Overheating
5327.7,104.1,3.58,1.64,3.37,Overheating
4785.1,89.7,2.24,2.4,2.79,Low Oil Pressure
5180.4,77.8,4.11,1.05,2.65,Normal
4595.2,88.6,3.44,5.15,2.93,Bearing Degradation
4672.0,92.2,3.37,5.82,3.08,Bearing Degradation
5197.8,78.6,4.22,1.12,2.64,Normal
4607.5,87.2,3.89,2.6,3.88,Performance Degradation
5181.3,78.8,4.2,1.23,2.65,Normal
5138.0,76.1,4.31,1.06,2.67,Normal
5263.5,77.6,4.24,1.21,2.73,Normal
5271.0,108.7,3.47,2.03,3.45,Overheating
5246.8,108.1,3.54,1.9,3.42,Overheating
4781.4,90.1,2.37,2.76,2.86,Low Oil Pressure
5202.1,79.5,4.39,1.23,2.64,Normal
5268.8,78.9,4.25,1.25,2.68,Normal
4775.8,86.9,4.09,2.08,3.6,Performance Degradation
4926.8,90.7,2.18,2.62,2.79,Low Oil Pressure
5199.2,78.7,4.34,1.21,2.82,Normal
5252.1,79.0,4.27,1.05,2.76,Normal
4641.0,90.2,3.27,5.24,3.36,Bearing Degradation
5154.3,80.1,4.37,1.12,2.61,Normal
4588.6,88.5,3.91,1.74,3.37,Performance Degradation
5015.2,91.6,2.29,2.47,2.9,Low Oil Pressure
4712.6,89.9,3.23,5.46,3.05,Bearing Degradation
5280.8,76.2,4.2,1.09,2.67,Normal
5236.7,80.7,4.24,1.03,2.63,Normal
4601.5,80.8,3.9,2.18,3.61,Performance Degradation
4884.4,93.0,2.12,2.4,2.83,Low Oil Pressure
4545.9,86.8,3.45,5.91,3.35,Bearing Degradation
4674.5,87.0,3.21,6.19,3.13,Bearing Degradation
4726.9,91.7,3.34,4.89,3.18,Bearing Degradation
4681.9,82.6,3.57,1.95,3.8,Performance Degradation
4811.3,94.7,2.49,2.36,2.5,Low Oil Pressure
4686.8,84.3,4.11,2.07,3.29,Performance Degradation
4764.9,94.6,2.27,2.6,3.01,Low Oil Pressure
4541.5,78.0,3.8,2.06,3.73,Performance Degradation
5309.5,106.4,3.55,1.8,3.28,Overheating
5236.5,76.4,4.42,1.22,2.74,Normal
5303.9,99.7,3.75,1.8,3.21,Overheating
5183.1,104.1,3.69,1.58,3.45,Overheating
4613.4,85.0,3.59,2.17,3.42,Performance Degradation
4765.6,84.9,3.82,2.16,3.95,Performance Degradation
4631.7,81.5,3.79,2.08,3.72,Performance Degradation
4578.8,83.5,3.92,2.19,3.69,Performance Degradation
4739.2,91.1,2.23,2.27,3.02,Low Oil Pressure
4947.1,95.1,2.35,2.31,2.93,Low Oil Pressure
4629.6,89.1,3.22,6.42,3.12,Bearing Degradation
5228.5,106.5,3.49,1.75,3.35,Overheating
4635.3,79.1,3.96,2.46,3.87,Performance Degradation
4752.9,85.2,3.89,2.01,3.63,Performance Degradation
4842.7,90.6,2.24,2.72,3.03,Low Oil Pressure
4710.9,84.9,3.85,2.21,3.61,Performance Degradation
4582.3,78.0,4.15,1.9,3.58,Performance Degradation
4866.8,93.9,2.11,2.69,2.79,Low Oil Pressure
5344.0,108.0,3.57,1.86,3.51,Overheating
5267.7,105.5,3.65,1.75,3.33,Overheating
4611.6,84.8,3.95,2.19,3.75,Performance Degradation
4714.4,85.1,3.93,2.09,3.21,Performance Degradation
4667.5,86.8,3.56,4.73,3.17,Bearing Degradation
4644.2,84.3,2.96,5.33,3.05,Bearing Degradation
4860.3,94.8,2.07,2.68,2.88,Low Oil Pressure
5226.0,75.2,4.29,1.01,2.71,Normal
5201.0,77.2,4.16,1.17,2.76,Normal
5276.1,105.3,3.52,1.93,3.27,Overheating
4848.1,89.7,2.34,2.72,2.94,Low Oil Pressure
5282.0,104.1,3.8,2.04,3.29,Overheating
5231.4,76.9,4.29,1.02,2.77,Normal
5319.6,108.2,3.53,1.64,3.26,Overheating
5224.6,104.5,3.55,1.82,3.25,Overheating
4761.7,89.7,2.63,2.24,3.08,Low Oil Pressure
4827.8,95.1,2.28,2.66,2.93,Low Oil Pressure
5212.6,79.1,4.47,1.26,2.61,Normal
4668.7,83.1,4.0,1.96,3.87,Performance Degradation
4505.8,89.7,3.4,5.44,3.03,Bearing Degradation
4767.9,82.4,3.81,2.15,3.26,Performance Degradation
4674.7,90.8,3.27,5.2,3.21,Bearing Degradation
5236.9,106.4,3.64,2.12,3.3,Overheating
4850.0,83.0,4.06,2.45,3.43,Performance Degradation
4690.7,86.8,3.35,6.73,2.89,Bearing Degradation
5137.8,78.7,4.18,1.16,2.79,Normal
4492.2,84.2,3.4,4.69,3.08,Bearing Degradation
5269.8,81.8,4.25,1.31,2.66,Normal
5158.7,104.4,3.53,1.8,3.35,Overheating
4582.1,87.2,3.57,5.92,3.05,Bearing Degradation
4735.6,94.5,2.3,2.37,2.87,Low Oil Pressure
4689.3,85.2,3.86,2.26,3.59,Performance Degradation
5290.4,109.1,3.61,1.95,3.53,Overheating
4685.7,81.1,3.9,2.14,3.34,Performance Degradation
4480.9,90.5,3.59,6.23,2.88,Bearing Degradation
4684.2,82.7,4.08,1.93,3.51,Performance Degradation
5194.8,78.4,4.41,1.31,2.75,Normal
5236.4,109.1,3.45,2.07,3.57,Overheating
4686.7,87.4,3.05,5.5,2.98,Bearing Degradation
4817.1,85.0,3.24,4.85,2.82,Bearing Degradation
4575.2,85.3,4.02,2.09,3.64,Performance Degradation
5243.1,79.8,4.36,1.2,2.76,Normal
4702.5,87.0,3.99,2.01,3.58,Performance Degradation
5287.6,103.5,3.65,1.76,3.42,Overheating
4594.5,88.5,3.15,5.33,3.2,Bearing Degradation
5148.5,80.5,4.11,1.28,2.78,Normal
4652.6,78.3,4.0,1.79,3.76,Performance Degradation
5219.1,79.1,4.34,1.21,2.75,Normal
4641.5,91.9,3.54,6.26,2.9,Bearing Degradation
5157.7,78.0,4.25,1.34,2.64,Normal
4459.7,84.3,4.1,1.83,3.31,Performance Degradation
5188.8,79.4,4.35,1.27,2.65,Normal
5348.6,101.8,3.62,1.75,3.34,Overheating
4609.8,84.0,3.88,2.24,3.72,Performance Degradation
5214.7,79.1,4.31,1.15,2.75,Normal
4617.8,83.4,4.22,1.98,3.35,Performance Degradation
5238.4,77.2,4.19,1.2,2.73,Normal
5311.4,110.1,3.57,1.95,3.33,Overheating
5168.4,76.5,4.42,1.23,2.78,Normal
4796.0,88.3,2.38,2.38,2.84,Low Oil Pressure
4848.2,90.1,2.43,2.27,2.83,Low Oil Pressure
4715.4,85.6,3.14,4.46,2.94,Bearing Degradation
4638.6,88.9,4.05,1.88,3.57,Performance Degradation
5108.2,76.0,4.08,0.89,2.69,Normal
4911.0,95.1,2.19,2.72,3.0,Low Oil Pressure
5215.1,76.2,4.3,1.1,2.63,Normal
5333.1,100.6,3.8,1.54,3.4,Overheating
4558.4,87.9,3.31,5.61,3.2,Bearing Degradation
4625.0,88.7,3.44,6.08,3.43,Bearing Degradation
4545.0,87.3,3.62,4.1,3.13,Bearing Degradation
5149.2,75.5,4.49,0.88,2.59,Normal
4584.8,86.9,3.11,4.17,3.11,Bearing Degradation
5272.6,74.5,4.34,1.27,2.72,Normal
4591.5,81.4,3.56,2.3,3.61,Performance Degradation
4732.3,89.0,3.24,5.57,3.06,Bearing Degradation
4850.4,92.1,2.23,2.54,2.9,Low Oil Pressure
4711.6,83.8,3.83,2.04,3.37,Performance Degradation
5290.5,98.8,3.71,1.54,3.44,Overheating
5238.0,104.2,3.71,1.51,3.33,Overheating
5218.4,101.6,3.71,1.51,3.26,Overheating
4646.3,88.2,3.65,5.82,2.8,Bearing Degradation
5299.7,100.2,3.6,1.74,3.2,Overheating
4810.6,88.8,2.65,2.02,2.92,Low Oil Pressure
4951.1,92.3,2.24,2.59,2.97,Low Oil Pressure
4765.5,92.1,2.36,2.29,3.07,Low Oil Pressure
4590.2,82.6,3.92,2.11,3.8,Performance Degradation
5358.7,95.5,3.83,1.68,3.11,Overheating
5310.0,106.0,3.5,1.7,3.36,Overheating
5272.2,109.8,3.42,1.71,3.55,Overheating
5216.4,108.6,3.48,1.83,3.46,Overheating
4907.1,87.6,2.65,2.4,2.91,Low Oil Pressure
4652.6,87.5,3.23,4.79,3.37,Bearing Degradation
4942.8,90.2,2.39,2.5,2.91,Low Oil Pressure
4729.0,83.6,4.25,2.24,3.62,Performance Degradation
5236.6,102.3,3.64,1.64,3.19,Overheating
4617.9,84.0,3.82,1.98,3.39,Performance Degradation
4871.8,93.5,2.44,2.4,3.23,Low Oil Pressure
5265.4,104.3,3.6,1.71,3.39,Overheating
5376.1,110.5,3.4,1.95,3.51,Overheating
5222.4,104.3,3.53,1.83,3.44,Overheating
4854.3,87.1,2.65,2.15,2.87,Low Oil Pressure
4957.6,93.5,2.13,2.66,3.05,Low Oil Pressure
4749.2,83.7,3.21,6.0,3.1,Bearing Degradation
5184.3,80.4,4.2,1.24,2.69,Normal
4589.1,85.8,3.36,4.89,3.06,Bearing Degradation
4510.6,89.1,4.06,2.16,3.76,Performance Degradation
4799.8,86.5,2.65,2.22,2.8,Low Oil Pressure
5355.7,105.8,3.54,1.97,3.37,Overheating
4733.4,89.7,2.28,2.38,2.81,Low Oil Pressure
5300.2,109.1,3.48,1.9,3.4,Overheating
4649.8,94.3,3.58,5.03,3.24,Bearing Degradation
5333.7,105.3,3.67,1.77,3.4,Overheating
4533.3,83.0,3.97,1.9,3.82,Performance Degradation
4622.4,86.4,3.78,2.0,3.44,Performance Degradation
4719.9,81.0,3.62,1.99,3.69,Performance Degradation
4792.2,95.5,2.08,2.71,2.97,Low Oil Pressure
5202.9,80.8,4.49,1.03,2.67,Normal
5169.0,75.2,4.28,1.29,2.71,Normal
4931.5,90.4,2.26,2.61,2.71,Low Oil Pressure
5288.1,78.3,4.34,1.02,2.74,Normal
5198.3,78.4,4.22,1.02,2.55,Normal
4699.2,89.4,3.25,4.72,3.27,Bearing Degradation
5244.8,78.9,4.21,1.11,2.75,Normal
5291.1,110.0,3.43,1.87,3.64,Overheating
5143.7,75.4,4.43,1.34,2.59,Normal
5273.5,77.7,4.37,1.36,2.75,Normal
4755.2,91.2,2.58,2.15,3.09,Low Oil Pressure
5301.2,103.9,3.58,1.77,3.24,Overheating
4640.0,87.5,3.9,1.84,3.69,Performance Degradation
4710.8,91.2,3.26,5.28,2.91,Bearing Degradation
5180.7,73.8,4.3,1.17,2.77,Normal
4769.3,88.2,2.65,2.24,2.81,Low Oil Pressure
5271.3,106.4,3.61,1.91,3.29,Overheating
4783.4,91.9,2.29,2.42,3.07,Low Oil Pressure
4850.6,95.7,2.24,2.44,2.93,Low Oil Pressure
4769.1,91.3,2.21,2.39,2.71,Low Oil Pressure
5237.2,110.4,3.47,1.92,3.51,Overheating
4610.0,86.3,3.93,2.26,3.4,Performance Degradation
5134.1,78.3,4.23,1.09,2.81,Normal
4791.0,93.0,2.24,2.64,2.84,Low Oil Pressure
5314.9,108.1,3.59,1.72,3.44,Overheating
4691.9,85.3,4.0,2.07,3.37,Performance Degradation
5355.6,101.9,3.68,1.75,3.44,Overheating
5236.6,79.0,4.34,1.27,2.63,Normal
5346.2,98.1,3.77,1.67,3.2,Overheating
5244.1,104.7,3.72,1.72,3.37,Overheating
4847.0,87.4,2.5,2.3,2.83,Low Oil Pressure
5221.7,106.7,3.6,1.85,3.5,Overheating
5279.2,109.1,3.49,1.77,3.63,Overheating
4665.2,90.4,3.29,4.89,3.02,Bearing Degradation
4474.6,87.0,3.28,5.47,3.21,Bearing Degradation
5279.4,110.5,3.41,1.83,3.5,Overheating
4945.2,93.0,2.34,2.59,2.9,Low Oil Pressure
5223.1,99.7,3.8,1.65,3.28,Overheating
4599.6,87.4,3.78,2.39,3.55,Performance Degradation
4478.4,84.3,3.36,5.16,3.2,Bearing Degradation
4687.3,84.3,4.0,2.2,3.71,Performance Degradation
4710.0,93.6,2.33,2.55,2.87,Low Oil Pressure
5310.5,111.9,3.51,1.92,3.56,Overheating
5190.0,78.9,4.22,1.22,2.54,Normal
4749.9,83.8,4.01,2.08,3.85,Performance Degradation
5270.2,103.1,3.69,1.76,3.28,Overheating
4948.5,96.3,2.22,2.36,2.87,Low Oil Pressure
4679.8,90.5,3.31,5.7,2.95,Bearing Degradation
5169.8,77.7,4.12,1.1,2.75,Normal
4614.2,86.1,4.03,2.24,3.66,Performance Degradation
4727.0,90.0,3.09,4.99,3.08,Bearing Degradation
4672.9,83.1,4.04,1.99,3.49,Performance Degradation
4478.5,81.0,3.99,2.09,3.57,Performance Degradation
5176.9,76.4,4.35,0.93,2.64,Normal
4779.7,92.5,2.32,2.11,2.83,Low Oil Pressure
5164.6,74.9,4.46,1.35,2.72,Normal
4733.6,87.8,3.27,5.82,3.02,Bearing Degradation
4810.8,90.0,2.65,2.47,2.94,Low Oil Pressure
5291.5,111.1,3.25,2.02,3.58,Overheating
4898.7,85.0,2.65,2.21,2.88,Low Oil Pressure
5269.0,75.3,4.22,1.33,2.72,Normal
4937.0,91.3,2.38,2.38,2.6,Low Oil Pressure
4792.7,91.7,3.34,5.69,2.99,Bearing Degradation
4674.0,86.4,4.0,1.9,3.56,Performance Degradation
4861.5,93.5,2.14,2.75,2.8,Low Oil Pressure
4682.4,85.7,3.85,2.09,3.46,Performance Degradation
4875.9,94.4,2.31,2.58,3.03,Low Oil Pressure
4882.7,89.5,2.44,2.21,3.04,Low Oil Pressure
4572.1,86.1,3.22,5.39,3.17,Bearing Degradation
4791.7,86.8,3.12,4.22,3.05,Bearing Degradation
5185.5,99.3,3.66,1.64,3.33,Overheating
5203.0,80.7,4.11,1.5,2.56,Normal
5289.1,103.8,3.68,1.88,3.42,Overheating
5184.1,76.3,4.41,1.26,2.82,Normal
5168.3,82.0,4.37,0.93,2.58,Normal
4786.5,84.1,3.82,2.16,3.71,Performance Degradation
5254.5,103.2,3.69,1.81,3.39,Overheating
5169.9,77.4,4.56,1.26,2.53,Normal
5157.9,76.8,4.26,1.4,2.64,Normal
5353.9,110.5,3.31,1.88,3.58,Overheating
5268.0,102.3,3.66,1.63,3.24,Overheating
5285.1,99.1,3.74,1.76,3.29,Overheating
5288.4,78.2,4.42,1.15,2.64,Normal
4764.3,88.3,3.36,4.52,3.07,Bearing Degradation
4667.4,92.4,3.59,5.58,3.26,Bearing Degradation
4754.6,92.3,3.48,5.64,3.23,Bearing Degradation
4777.6,82.5,3.18,3.7,2.87,Bearing Degradation
5136.2,81.1,4.31,1.35,2.69,Normal
5347.5,100.0,3.67,1.57,3.25,Overheating
5271.4,80.4,4.42,1.31,2.76,Normal
4758.1,89.1,2.36,2.26,2.73,Low Oil Pressure
4701.0,91.9,3.4,4.96,3.15,Bearing Degradation
4625.4,88.2,3.41,4.78,2.86,Bearing Degradation
4925.0,92.3,2.36,2.53,3.04,Low Oil Pressure
4619.5,84.8,3.48,4.05,3.22,Bearing Degradation
5312.7,105.8,3.45,1.93,3.33,Overheating
5306.7,106.5,3.56,1.68,3.51,Overheating
4817.1,89.9,2.55,2.3,2.74,Low Oil Pressure
5248.5,117.6,3.1,2.14,3.76,Overheating
5180.1,78.8,4.25,1.05,2.78,Normal
4822.1,85.7,3.9,2.07,3.55,Performance Degradation
4694.8,79.4,3.66,2.54,3.49,Performance Degradation
5156.0,78.4,4.43,1.13,2.78,Normal
4658.5,92.8,3.27,5.4,3.1,Bearing Degradation
4976.3,92.3,2.65,2.57,2.85,Low Oil Pressure
4705.9,82.4,3.83,2.16,3.45,Performance Degradation
4780.4,86.4,2.65,2.24,2.75,Low Oil Pressure
4538.5,85.6,3.6,5.97,3.02,Bearing Degradation
5078.6,77.3,4.16,1.27,2.52,Normal
4863.4,87.3,2.44,2.37,2.75,Low Oil Pressure
4830.2,95.0,2.09,2.7,2.55,Low Oil Pressure
4641.8,83.9,4.04,2.13,3.41,Performance Degradation
4772.3,92.5,2.27,2.15,3.01,Low Oil Pressure
4730.3,95.9,2.1,2.64,2.6,Low Oil Pressure
4868.7,93.5,2.2,2.65,2.82,Low Oil Pressure
5305.2,103.9,3.58,1.6,3.47,Overheating
4667.7,91.0,1.98,2.64,3.01,Low Oil Pressure
4840.7,93.2,2.64,2.3,3.11,Low Oil Pressure
5256.7,104.6,3.72,1.96,3.5,Overheating
4688.5,83.1,3.67,2.04,3.85,Performance Degradation
4758.1,88.1,3.33,5.08,2.78,Bearing Degradation
5234.2,103.8,3.72,1.62,3.37,Overheating
4630.9,81.7,3.93,2.17,3.64,Performance Degradation
4622.2,88.0,3.38,5.99,3.01,Bearing Degradation
5223.2,80.1,4.37,1.05,2.74,Normal
4703.5,79.8,3.91,1.65,3.96,Performance Degradation
4612.9,93.2,3.34,5.51,3.07,Bearing Degradation
5218.5,116.5,3.32,1.96,3.8,Overheating
4774.2,92.5,2.58,2.25,2.81,Low Oil Pressure
5247.2,98.3,3.85,1.6,3.38,Overheating
5232.1,78.6,4.37,1.22,2.73,Normal
4862.2,96.7,2.41,2.59,2.77,Low Oil Pressure
4790.3,87.8,2.49,2.45,2.83,Low Oil Pressure
5159.2,106.0,3.62,2.01,3.46,Overheating
4601.8,90.6,3.29,5.2,3.04,Bearing Degradation
4728.9,85.4,3.58,1.77,3.57,Performance Degradation
5390.1,100.5,3.75,1.81,3.23,Overheating
4622.3,89.2,3.41,5.88,2.88,Bearing Degradation
5237.0,101.9,3.64,1.64,3.45,Overheating
5320.1,99.5,3.68,1.66,3.16,Overheating
4906.6,90.0,2.65,2.34,2.98,Low Oil Pressure
4784.6,92.2,2.02,2.77,2.95,Low Oil Pressure
4626.9,90.1,3.17,5.5,2.88,Bearing Degradation
4722.8,89.4,2.99,5.61,3.05,Bearing Degradation
4694.9,89.9,3.02,4.5,3.43,Bearing Degradation
4571.8,86.9,3.41,5.54,3.14,Bearing Degradation
4640.0,91.1,3.28,4.87,3.21,Bearing Degradation
5287.0,109.3,3.53,1.75,3.43,Overheating
4929.0,87.6,2.57,2.34,2.88,Low Oil Pressure
5177.4,80.9,4.35,1.26,2.7,Normal
5304.3,106.1,3.48,1.93,3.42,Overheating
4587.9,87.5,3.37,4.09,3.13,Bearing Degradation
5224.5,83.0,4.41,1.19,2.72,Normal
5170.2,78.7,4.35,1.16,2.66,Normal
4709.9,91.3,3.58,4.24,3.26,Bearing Degradation
4592.5,86.2,4.12,2.16,3.58,Performance Degradation
5324.6,106.3,3.49,1.7,3.41,Overheating
5236.8,78.9,4.42,1.11,2.62,Normal
5266.1,103.6,3.6,1.69,3.35,Overheating
4824.1,92.0,2.5,2.34,2.96,Low Oil Pressure
4449.1,83.3,4.23,2.39,3.37,Performance Degradation
5214.9,83.0,4.35,1.11,2.72,Normal
5208.0,79.7,4.33,1.34,2.64,Normal
4833.4,84.9,3.95,1.79,3.92,Performance Degradation
4807.4,85.2,3.68,2.34,3.58,Performance Degradation
4718.3,93.4,3.55,5.33,3.01,Bearing Degradation
4810.1,84.3,3.27,4.89,2.95,Bearing Degradation
5250.7,81.0,4.36,1.16,2.74,Normal
5308.5,95.5,3.85,1.4,3.13,Overheating
5233.8,106.2,3.58,1.8,3.49,Overheating
4620.8,80.6,3.85,1.69,3.9,Performance Degradation
5165.2,80.5,4.32,1.15,2.72,Normal
4577.8,84.9,3.6,2.13,3.71,Performance Degradation
4645.3,85.2,3.73,2.13,3.47,Performance Degradation
4664.5,88.3,3.54,6.41,3.09,Bearing Degradation
5208.3,75.3,4.5,1.21,2.63,Normal
4618.6,83.9,3.81,2.06,3.76,Performance Degradation
5249.6,109.0,3.5,1.71,3.37,Overheating
4699.8,86.3,3.88,2.06,3.89,Performance Degradation
5196.5,78.8,4.31,1.15,2.55,Normal
4938.0,94.6,2.34,2.55,2.95,Low Oil Pressure
4819.6,94.8,2.31,2.3,2.76,Low Oil Pressure
5263.5,79.0,4.3,1.17,2.65,Normal
5334.0,115.9,3.11,2.12,3.74,Overheating
5208.8,76.9,4.29,1.26,2.72,Normal
5143.2,103.1,3.67,1.79,3.22,Overheating
4921.1,92.9,1.79,2.79,2.81,Low Oil Pressure
4761.4,87.0,3.88,2.34,3.77,Performance Degradation
5279.5,109.3,3.44,2.09,3.31,Overheating
4690.1,84.2,3.89,2.15,3.58,Performance Degradation
5162.8,78.8,4.37,1.02,2.65,Normal
5296.4,105.5,3.53,1.78,3.15,Overheating
4584.3,84.0,3.88,1.98,3.62,Performance Degradation
5201.5,78.9,4.24,1.19,2.73,Normal
4868.6,89.4,2.36,2.55,2.92,Low Oil Pressure
4591.9,83.6,4.25,2.05,3.68,Performance Degradation
5038.5,90.3,2.65,2.35,2.92,Low Oil Pressure
4636.8,94.3,3.31,4.92,3.09,Bearing Degradation
5223.1,102.7,3.63,1.83,3.25,Overheating
5139.0,78.4,4.26,1.38,2.48,Normal
4839.6,87.2,2.65,2.22,2.72,Low Oil Pressure
4561.6,90.4,3.3,4.73,3.2,Bearing Degradation
5250.8,108.0,3.56,1.95,3.33,Overheating
5254.8,103.5,3.57,1.78,3.35,Overheating
5141.5,103.6,3.6,1.77,3.4,Overheating
4664.2,79.6,3.95,1.97,3.83,Performance Degradation
5228.5,77.6,4.36,0.93,2.64,Normal
4589.9,87.1,3.31,5.02,3.12,Bearing Degradation
4663.5,87.0,3.89,1.87,3.84,Performance Degradation
5166.3,99.7,3.74,1.68,3.06,Overheating
5239.2,76.1,4.21,1.18,2.77,Normal
4846.3,94.5,2.43,2.29,2.94,Low Oil Pressure
5257.4,106.6,3.6,1.75,3.38,Overheating
4657.1,89.2,3.3,4.35,3.13,Bearing Degradation
4799.4,92.6,3.42,6.27,3.18,Bearing Degradation
4723.5,85.3,3.67,1.88,3.84,Performance Degradation
4775.4,90.8,3.16,4.85,3.08,Bearing Degradation
5272.7,77.9,4.17,1.1,2.75,Normal
4781.9,91.1,2.47,2.67,3.03,Low Oil Pressure
5181.9,81.1,4.51,1.41,2.73,Normal
4634.4,78.0,3.81,2.22,3.42,Performance Degradation
4580.0,84.0,3.85,2.12,3.56,Performance Degradation
4512.6,88.1,3.25,5.83,2.94,Bearing Degradation
4760.7,80.4,3.78,2.13,3.4,Performance Degradation
5140.6,76.3,4.29,1.16,2.83,Normal
5237.8,77.7,4.13,1.2,2.63,Normal
5225.9,95.5,3.85,1.64,3.0,Overheating
4794.2,88.4,3.99,1.63,3.74,Performance Degradation
4771.2,91.3,2.45,2.53,3.07,Low Oil Pressure
5193.6,79.7,4.26,1.24,2.56,Normal
4647.1,84.2,4.01,2.27,3.56,Performance Degradation
4832.6,92.4,2.48,2.46,2.92,Low Oil Pressure
5222.8,113.6,3.37,1.81,3.51,Overheating
4756.7,95.3,2.51,2.42,2.96,Low Oil Pressure
4602.7,91.2,3.34,5.68,3.19,Bearing Degradation
5362.0,102.6,3.67,1.68,3.43,Overheating
5260.0,102.8,3.66,1.78,3.48,Overheating
4691.2,91.6,3.34,5.36,3.12,Bearing Degradation
5124.9,76.7,4.43,1.14,2.68,Normal
4659.4,78.2,3.88,2.27,3.47,Performance Degradation
4840.0,95.2,2.26,2.49,2.91,Low Oil Pressure
4802.3,89.6,2.45,2.45,2.82,Low Oil Pressure
4687.8,86.9,4.01,1.93,3.49,Performance Degradation
4709.6,83.8,4.15,2.03,3.5,Performance Degradation
4825.4,97.0,2.27,2.52,2.77,Low Oil Pressure
4638.7,85.4,3.82,2.02,3.55,Performance Degradation
4719.8,85.1,4.03,1.92,3.71,Performance Degradation
5174.3,77.0,4.53,1.4,2.65,Normal
5160.0,116.0,3.24,2.03,3.58,Overheating
4635.8,85.5,3.66,1.77,3.88,Performance Degradation
5204.1,77.7,4.26,1.04,2.73,Normal
4949.1,92.4,2.06,2.78,2.81,Low Oil Pressure
5233.5,107.8,3.5,1.76,3.37,Overheating
4762.4,79.5,3.61,2.22,3.25,Performance Degradation
4531.6,89.0,3.37,6.32,2.99,Bearing Degradation
4624.4,84.9,3.7,2.05,3.45,Performance Degradation
4651.8,81.1,3.92,2.01,3.59,Performance Degradation
4731.0,82.3,3.89,2.41,3.49,Performance Degradation
5198.3,78.7,4.31,0.96,2.79,Normal
4875.4,93.8,2.19,2.68,2.74,Low Oil Pressure
5196.8,77.1,4.09,1.07,2.75,Normal
5203.8,110.4,3.48,2.06,3.54,Overheating
4772.8,89.6,3.45,5.79,3.14,Bearing Degradation
5199.4,106.3,3.5,1.94,3.39,Overheating
4856.0,94.7,2.35,2.35,3.06,Low Oil Pressure
4944.3,90.4,2.47,2.15,2.99,Low Oil Pressure
4502.9,86.3,3.87,2.31,3.96,Performance Degradation
4841.4,85.9,4.06,1.92,3.21,Performance Degradation
5171.8,103.5,3.59,2.03,3.53,Overheating
4647.2,81.6,4.06,2.01,3.81,Performance Degradation
4914.8,94.1,2.3,2.71,2.91,Low Oil Pressure
4847.7,96.6,2.31,2.4,2.98,Low Oil Pressure
5229.0,74.9,4.21,1.13,2.75,Normal
5140.6,75.0,4.33,1.01,2.83,Normal
5227.7,103.7,3.46,1.8,3.52,Overheating
5154.4,77.5,4.25,1.46,2.64,Normal
4873.4,90.3,2.61,2.15,3.14,Low Oil Pressure
4637.5,85.6,3.52,4.85,2.86,Bearing Degradation
5252.9,101.1,3.74,1.74,3.4,Overheating
5223.0,107.2,3.51,1.79,3.34,Overheating
4930.1,90.2,2.65,2.27,2.74,Low Oil Pressure
4778.4,91.6,2.57,2.44,2.93,Low Oil Pressure
5263.2,102.0,3.83,1.7,3.26,Overheating
5265.6,110.8,3.3,1.8,3.54,Overheating
5005.2,91.2,2.18,2.51,3.01,Low Oil Pressure
5230.3,75.7,4.28,1.04,2.68,Normal
5311.1,105.3,3.51,1.72,3.47,Overheating
4661.5,86.1,3.75,1.85,4.01,Performance Degradation
4849.8,90.3,2.65,2.39,2.76,Low Oil Pressure
4592.8,92.8,3.25,4.97,3.18,Bearing Degradation
4729.6,84.9,3.94,2.03,3.57,Performance Degradation
5359.9,105.1,3.71,1.83,3.5,Overheating
4623.6,84.2,3.91,2.29,3.8,Performance Degradation
4622.3,95.0,3.24,4.24,3.1,Bearing Degradation
4619.6,83.9,4.05,2.15,3.25,Performance Degradation
4711.5,84.9,3.55,4.49,3.19,Bearing Degradation
4717.3,85.1,3.58,2.08,3.56,Performance Degradation
4621.1,88.1,3.44,4.62,3.23,Bearing Degradation
4683.2,85.5,3.96,2.22,3.81,Performance Degradation
4729.1,87.0,3.08,5.74,3.16,Bearing Degradation
5301.2,116.6,3.45,2.04,3.8,Overheating
4696.5,95.0,2.16,2.35,2.94,Low Oil Pressure
4718.1,89.0,2.94,4.67,3.21,Bearing Degradation
5235.4,104.6,3.7,1.83,3.32,Overheating
4481.4,87.4,4.06,2.41,3.89,Performance Degradation
4765.6,83.6,2.92,4.74,2.96,Bearing Degradation
4779.3,83.2,3.91,2.13,3.74,Performance Degradation
5194.9,79.7,4.24,1.06,2.78,Normal
5163.1,80.3,4.12,1.02,2.7,Normal
4697.4,88.6,3.6,2.21,3.82,Performance Degradation
4538.3,86.5,3.64,1.7,3.6,Performance Degradation
4623.4,80.5,3.86,2.4,3.74,Performance Degradation
4709.1,82.9,3.9,2.21,3.47,Performance Degradation
4709.3,79.9,3.71,2.06,3.69,Performance Degradation
4879.2,92.5,2.24,2.6,2.94,Low Oil Pressure
4749.3,89.0,2.48,2.14,3.08,Low Oil Pressure
5194.8,79.2,4.39,1.09,2.7,Normal
5247.6,108.7,3.65,1.89,3.6,Overheating
4876.2,86.8,2.65,2.15,3.0,Low Oil Pressure
5263.1,111.0,3.25,1.85,3.45,Overheating
5001.5,91.6,2.15,2.57,2.78,Low Oil Pressure
5216.6,77.9,4.26,1.31,2.69,Normal
4614.8,87.8,3.0,4.43,3.06,Bearing Degradation
4976.8,92.1,2.28,2.4,2.73,Low Oil Pressure
4862.4,95.3,2.28,2.65,2.93,Low Oil Pressure
4841.8,90.4,2.05,2.51,2.95,Low Oil Pressure
4637.2,78.6,3.83,2.25,3.61,Performance Degradation
4735.9,96.7,2.38,2.44,2.97,Low Oil Pressure
4808.3,84.8,3.25,4.43,3.0,Bearing Degradation
5358.1,104.2,3.6,1.9,3.38,Overheating
4900.4,95.2,2.14,2.6,2.9,Low Oil Pressure
4778.4,93.5,2.16,2.39,2.67,Low Oil Pressure
4875.4,91.6,2.65,2.17,2.94,Low Oil Pressure
4723.9,87.5,3.07,4.57,3.13,Bearing Degradation
4742.7,84.9,3.39,6.14,2.95,Bearing Degradation
4649.8,87.5,3.15,4.92,3.11,Bearing Degradation
5322.1,106.7,3.62,1.97,3.39,Overheating
4800.1,87.0,4.01,2.05,3.52,Performance Degradation
4956.4,89.1,2.45,2.39,2.78,Low Oil Pressure
5188.9,78.5,4.31,1.38,2.71,Normal
4875.7,94.0,2.35,2.5,2.96,Low Oil Pressure
5255.2,77.9,4.43,1.4,2.54,Normal
5288.3,106.1,3.61,1.87,3.44,Overheating
4580.9,88.0,4.17,2.29,3.52,Performance Degradation
4872.6,91.1,2.51,2.67,2.94,Low Oil Pressure
4895.3,94.8,2.0,2.58,2.99,Low Oil Pressure
4831.2,91.8,2.45,2.32,3.04,Low Oil Pressure
5361.9,101.3,3.7,1.72,3.26,Overheating
5279.7,78.9,4.27,1.23,2.71,Normal
4675.5,88.6,3.41,3.7,3.19,Bearing Degradation
4937.1,93.3,2.31,2.81,3.15,Low Oil Pressure
4797.7,93.7,2.43,2.4,3.02,Low Oil Pressure
5204.0,79.0,4.28,1.1,2.67,Normal
4752.6,90.2,2.65,2.15,2.64,Low Oil Pressure
4914.7,90.9,2.38,2.29,2.94,Low Oil Pressure
5240.1,101.7,3.72,1.69,3.32,Overheating
4657.9,84.2,3.02,5.0,3.21,Bearing Degradation
4555.2,89.5,3.16,5.86,3.22,Bearing Degradation
4768.4,84.1,4.04,2.42,3.64,Performance Degradation
4657.9,81.4,3.74,2.0,3.84,Performance Degradation
5300.1,110.3,3.42,1.96,3.5,Overheating
5247.9,74.1,4.27,1.13,2.72,Normal
5232.4,77.8,4.31,1.18,2.68,Normal
5297.1,78.4,4.21,1.16,2.6,Normal
5252.9,97.2,3.85,1.55,3.31,Overheating
4858.9,91.5,1.98,2.68,3.12,Low Oil Pressure
4544.3,92.5,3.39,4.9,3.09,Bearing Degradation
5292.8,77.8,4.27,1.37,2.65,Normal
4651.9,92.5,3.16,4.93,3.39,Bearing Degradation
4780.4,94.6,2.5,2.51,3.02,Low Oil Pressure
5120.0,79.8,4.37,1.11,2.5,Normal
4826.7,92.8,2.21,2.74,2.9,Low Oil Pressure
5255.7,78.1,4.39,1.03,2.7,Normal
4830.5,94.7,2.31,2.62,2.86,Low Oil Pressure
4824.5,93.5,2.41,2.62,3.02,Low Oil Pressure
5178.0,76.8,4.21,1.11,2.78,Normal
5233.8,105.0,3.62,1.84,3.49,Overheating
4704.7,85.5,3.3,5.05,3.0,Bearing Degradation
5150.3,79.0,4.3,1.11,2.66,Normal
4675.2,84.1,3.37,5.29,3.2,Bearing Degradation
4713.9,86.8,3.3,4.58,3.11,Bearing Degradation
4688.9,86.8,3.39,4.46,2.9,Bearing Degradation
5318.4,105.9,3.64,2.06,3.32,Overheating
5377.8,106.5,3.62,1.84,3.37,Overheating
4526.4,91.4,3.43,6.08,3.11,Bearing Degradation
5195.2,76.8,4.18,1.06,2.78,Normal
4677.7,93.2,2.98,5.43,3.15,Bearing Degradation
4601.5,82.1,3.08,5.24,3.31,Bearing Degradation
5120.2,79.0,4.31,1.03,2.77,Normal
4703.3,87.3,3.35,5.32,3.06,Bearing Degradation
5220.0,79.2,4.25,1.12,2.71,Normal
4621.2,83.4,4.07,2.02,3.33,Performance Degradation
4904.3,95.5,1.93,2.35,3.03,Low Oil Pressure
4652.2,88.3,3.83,2.28,3.79,Performance Degradation
4904.9,90.0,2.42,2.13,2.97,Low Oil Pressure
4970.8,95.2,2.31,2.48,2.83,Low Oil Pressure
5170.6,79.1,4.38,1.03,2.62,Normal
4809.1,90.9,2.49,2.25,2.88,Low Oil Pressure
4691.9,87.4,3.05,4.26,3.34,Bearing Degradation
4849.4,94.6,2.32,2.33,2.9,Low Oil Pressure
4765.6,78.0,3.8,2.28,3.46,Performance Degradation
4952.7,93.1,2.31,2.35,2.84,Low Oil Pressure
5255.3,110.3,3.36,1.78,3.56,Overheating
4693.0,82.3,3.6,2.25,3.59,Performance Degradation
5350.3,98.5,3.83,1.65,3.27,Overheating
4675.5,84.2,3.24,5.79,3.08,Bearing Degradation
4673.3,90.3,3.26,4.79,2.95,Bearing Degradation
5198.8,77.9,4.15,1.22,2.74,Normal
4684.1,83.7,3.74,2.07,3.38,Performance Degradation
4571.5,89.1,3.22,4.91,2.97,Bearing Degradation
5275.9,101.8,3.75,1.75,3.15,Overheating
4643.4,84.3,3.53,5.08,3.17,Bearing Degradation
5372.5,104.5,3.61,1.81,3.47,Overheating
4698.9,82.0,3.16,4.77,3.09,Bearing Degradation
5344.1,105.5,3.7,1.8,3.33,Overheating
5222.2,75.8,4.35,1.25,2.64,Normal
5223.8,77.6,4.12,0.99,2.65,Normal
5231.3,111.5,3.44,1.94,3.51,Overheating
4481.6,88.8,2.94,5.61,3.22,Bearing Degradation
5271.1,100.7,3.71,1.68,3.48,Overheating
4604.5,82.0,4.07,1.9,3.83,Performance Degradation
4894.3,92.8,2.35,2.35,2.79,Low Oil Pressure
4594.4,84.8,3.91,2.07,3.73,Performance Degradation
4879.6,88.8,2.51,2.32,2.89,Low Oil Pressure
4890.1,89.6,2.38,2.15,3.25,Low Oil Pressure
4670.9,81.8,3.94,2.05,3.28,Performance Degradation
4875.4,97.8,2.08,2.63,3.02,Low Oil Pressure
4526.5,86.8,3.63,2.19,4.14,Performance Degradation
4603.1,85.7,3.85,1.93,3.63,Performance Degradation
4744.5,93.0,2.34,2.64,2.76,Low Oil Pressure
5189.9,106.3,3.57,1.78,3.48,Overheating
4776.8,93.1,2.11,2.4,2.72,Low Oil Pressure
5271.1,105.1,3.54,1.73,3.25,Overheating
4834.0,92.2,2.26,2.67,2.78,Low Oil Pressure
4688.2,86.0,3.34,4.59,3.06,Bearing Degradation
5266.4,78.9,4.41,1.05,2.68,Normal
4885.5,86.8,2.58,2.11,2.99,Low Oil Pressure
5197.5,76.5,4.22,1.12,2.61,Normal
5270.0,111.9,3.39,1.97,3.62,Overheating
4570.6,82.5,4.04,1.98,3.64,Performance Degradation
4803.3,88.0,2.48,2.46,2.8,Low Oil Pressure
4786.3,89.1,2.64,2.42,2.89,Low Oil Pressure
5208.4,76.1,4.27,1.21,2.62,Normal
4664.4,82.0,3.36,4.41,3.05,Bearing Degradation
4889.6,92.1,2.18,2.64,2.88,Low Oil Pressure
5220.4,81.0,4.35,1.21,2.72,Normal
4915.5,93.2,2.44,2.44,2.85,Low Oil Pressure
4708.9,89.7,3.25,5.28,3.05,Bearing Degradation
4668.7,80.3,3.74,2.02,3.66,Performance Degradation
4546.3,91.6,2.94,5.48,3.21,Bearing Degradation
4534.6,83.0,3.86,2.14,3.64,Performance Degradation
4945.0,95.1,2.23,2.41,3.03,Low Oil Pressure
4728.4,85.0,3.77,1.65,3.23,Performance Degradation
5212.2,77.2,4.29,1.31,2.71,Normal
5223.1,73.8,4.24,1.1,2.67,Normal
4615.5,88.0,3.17,4.89,3.17,Bearing Degradation
4778.1,84.2,4.08,2.06,3.49,Performance Degradation
4738.1,96.2,1.94,2.88,3.05,Low Oil Pressure
4872.4,96.6,2.11,2.75,2.78,Low Oil Pressure
4490.2,86.8,3.1,5.97,3.07,Bearing Degradation
4841.1,93.5,2.14,2.45,2.98,Low Oil Pressure
4508.5,83.8,3.88,2.07,3.57,Performance Degradation
5298.9,109.9,3.38,1.85,3.41,Overheating
4630.2,81.6,3.83,2.16,3.68,Performance Degradation
4655.4,82.3,3.94,1.88,3.56,Performance Degradation
4877.1,90.1,2.31,2.34,2.83,Low Oil Pressure
4789.7,95.3,1.98,2.87,2.91,Low Oil Pressure
4709.1,87.7,3.09,4.24,2.78,Bearing Degradation
4676.3,82.4,3.69,1.63,3.67,Performance Degradation
4568.4,83.4,4.1,2.44,3.66,Performance Degradation
4726.7,90.0,3.94,2.12,3.39,Performance Degradation
4633.4,88.8,4.25,1.86,3.48,Performance Degradation
4823.0,93.9,2.34,2.38,2.83,Low Oil Pressure
5381.1,102.8,3.6,1.85,3.15,Overheating
5303.5,102.6,3.69,1.79,3.33,Overheating
4488.4,84.7,3.98,1.92,3.9,Performance Degradation
4776.1,82.0,3.76,2.39,3.69,Performance Degradation
4651.7,89.5,3.55,5.44,2.76,Bearing Degradation
4575.0,85.4,3.29,4.33,3.02,Bearing Degradation
5284.1,98.9,3.85,1.57,3.31,Overheating
5304.4,105.0,3.59,1.93,3.32,Overheating
5150.9,75.6,4.29,1.19,2.56,Normal
4673.8,86.6,3.36,5.53,3.01,Bearing Degradation
5215.0,78.1,4.08,1.13,2.71,Normal
5324.7,101.8,3.85,1.72,3.43,Overheating
4704.2,90.9,3.27,6.12,3.06,Bearing Degradation
5213.0,76.0,4.19,1.16,2.67,Normal
4767.7,93.4,2.22,2.57,2.84,Low Oil Pressure
4728.2,83.7,3.66,1.99,3.76,Performance Degradation
4743.8,86.7,3.83,1.95,3.84,Performance Degradation
5239.0,74.9,4.37,1.31,2.81,Normal
4783.3,93.4,2.08,2.61,3.01,Low Oil Pressure
4700.8,89.2,3.42,5.95,2.91,Bearing Degradation
4667.7,88.9,3.22,4.27,3.17,Bearing Degradation
4666.4,82.2,4.02,2.17,3.56,Performance Degradation
4559.7,86.5,3.84,2.27,3.48,Performance Degradation
5228.0,80.7,4.38,1.36,2.51,Normal
5208.1,78.3,4.21,1.21,2.62,Normal
5197.3,78.8,4.27,1.29,2.84,Normal
4612.7,90.6,3.4,4.96,3.23,Bearing Degradation
4950.0,94.4,2.29,2.8,2.86,Low Oil Pressure
4690.7,83.5,3.87,2.04,3.34,Performance Degradation
5188.3,77.7,4.28,1.18,2.72,Normal
4680.7,82.5,4.07,1.96,3.73,Performance Degradation
5248.9,79.2,4.18,1.03,2.68,Normal
4690.6,83.3,3.91,2.2,3.76,Performance Degradation
4617.4,88.3,3.19,4.96,2.82,Bearing Degradation
4576.6,85.5,3.39,5.1,3.2,Bearing Degradation
5320.6,98.3,3.72,1.72,3.29,Overheating
4593.8,90.0,3.85,2.18,3.69,Performance Degradation
4848.6,96.5,2.35,2.41,2.77,Low Oil Pressure
4834.5,93.7,2.56,2.24,2.68,Low Oil Pressure
4670.1,85.6,3.86,2.25,4.09,Performance Degradation
5163.0,79.4,4.39,1.09,2.71,Normal
5224.0,110.2,3.39,1.94,3.35,Overheating
5261.9,76.6,4.29,1.14,2.8,Normal
4650.6,85.1,3.88,2.41,3.84,Performance Degradation
4719.8,87.3,4.12,2.25,3.2,Performance Degradation
4667.3,85.1,3.38,4.48,3.0,Bearing Degradation
4554.9,89.9,3.04,6.11,3.18,Bearing Degradation
4815.0,91.7,2.24,2.48,3.1,Low Oil Pressure
5310.8,101.9,3.61,1.93,3.15,Overheating
5270.4,106.2,3.43,2.0,3.35,Overheating
5322.0,109.1,3.56,1.83,3.62,Overheating
5156.8,81.3,4.24,1.25,2.87,Normal
4901.7,89.8,2.42,2.48,2.76,Low Oil Pressure
5245.6,96.5,3.77,1.61,3.15,Overheating
5233.1,106.3,3.51,1.92,3.33,Overheating
5293.4,75.4,4.3,1.3,2.5,Normal
4454.6,87.6,3.14,5.38,2.99,Bearing Degradation
4790.8,89.9,3.27,3.7,3.03,Bearing Degradation
5297.7,76.0,4.36,1.5,2.77,Normal
4589.1,86.9,3.31,5.26,2.72,Bearing Degradation
4981.7,92.7,2.51,2.16,3.02,Low Oil Pressure
4844.3,91.9,2.36,2.24,3.12,Low Oil Pressure
4661.3,89.3,3.11,5.2,3.19,Bearing Degradation
4573.3,82.2,3.5,2.07,3.44,Performance Degradation
5223.5,77.8,4.25,1.02,2.72,Normal
5112.2,78.9,4.32,1.13,2.78,Normal
4833.7,89.7,2.31,2.62,2.77,Low Oil Pressure
4577.7,86.5,3.94,2.16,3.27,Performance Degradation
5218.1,80.2,4.42,1.28,2.67,Normal
4593.3,86.4,3.19,4.92,2.98,Bearing Degradation
4765.3,84.7,3.99,1.94,3.96,Performance Degradation
4664.1,84.4,4.19,2.06,3.75,Performance Degradation
4576.5,85.9,4.1,2.48,3.94,Performance Degradation
4475.0,88.1,3.29,5.74,3.15,Bearing Degradation
5011.4,95.2,2.08,2.81,2.89,Low Oil Pressure
4941.5,93.2,2.39,2.37,2.87,Low Oil Pressure
4660.3,87.4,3.41,4.21,3.03,Bearing Degradation
4787.9,94.5,2.26,2.39,2.74,Low Oil Pressure
5108.9,78.0,4.44,1.12,2.77,Normal
4837.7,90.3,2.57,2.19,2.84,Low Oil Pressure
4604.5,80.7,4.07,2.26,3.49,Performance Degradation
5247.1,105.2,3.71,1.7,3.2,Overheating
4933.2,88.5,2.6,2.14,2.92,Low Oil Pressure
4655.6,81.1,3.97,2.15,3.6,Performance Degradation
4623.9,86.0,4.22,2.13,3.61,Performance Degradation
4809.6,85.4,3.23,4.6,3.05,Bearing Degradation
4628.9,83.4,3.84,2.07,3.5,Performance Degradation
5228.9,103.1,3.66,1.91,3.32,Overheating
5200.1,105.6,3.6,1.91,3.29,Overheating
5261.8,95.5,3.85,1.74,3.27,Overheating
5192.9,78.4,4.34,1.15,2.82,Normal
4833.0,94.9,2.38,2.66,2.83,Low Oil Pressure
5191.1,101.9,3.73,1.68,3.17,Overheating
5235.1,105.0,3.66,1.87,3.2,Overheating
4709.0,79.3,3.83,2.6,3.71,Performance Degradation
4807.3,85.4,3.76,2.22,3.31,Performance Degradation
4653.1,85.4,3.78,2.2,3.85,Performance Degradation
4635.6,86.2,3.09,5.12,3.03,Bearing Degradation
5277.1,103.4,3.72,1.46,3.33,Overheating
5300.1,105.9,3.51,2.0,3.45,Overheating
4669.1,79.6,4.03,1.86,3.65,Performance Degradation
4625.0,86.3,3.84,2.02,3.5,Performance Degradation
4887.4,92.8,2.13,2.5,3.06,Low Oil Pressure
4733.2,84.6,4.0,2.14,3.45,Performance Degradation
4662.0,86.7,3.94,1.78,3.74,Performance Degradation
5127.3,77.8,4.27,1.0,2.69,Normal
4949.2,88.6,2.54,2.54,2.69,Low Oil Pressure
4670.6,87.4,3.35,4.7,2.84,Bearing Degradation
4540.9,84.6,3.98,2.05,3.66,Performance Degradation
5345.7,99.7,3.77,1.66,3.38,Overheating
4698.9,83.7,3.82,2.17,3.62,Performance Degradation
5237.7,106.3,3.51,1.7,3.24,Overheating
4783.3,82.4,3.78,2.15,3.59,Performance Degradation
5118.9,76.2,4.42,1.18,2.77,Normal
5279.0,78.0,4.25,1.2,2.73,Normal
4533.2,86.1,3.76,1.98,4.14,Performance Degradation
4915.5,88.8,3.6,4.77,3.11,Bearing Degradation
4556.2,92.6,3.45,5.03,3.12,Bearing Degradation
5198.4,78.2,4.15,1.22,2.65,Normal
4909.8,93.7,2.15,2.7,2.82,Low Oil Pressure
4557.6,87.8,3.39,4.93,3.25,Bearing Degradation
4848.7,91.6,2.31,2.46,2.95,Low Oil Pressure
5148.4,79.5,4.23,0.97,2.71,Normal
5190.8,83.0,4.22,1.15,2.69,Normal
4607.8,85.2,3.98,2.15,3.79,Performance Degradation
5195.4,104.0,3.57,1.85,3.27,Overheating
4827.8,93.9,2.18,2.54,2.87,Low Oil Pressure
4805.3,87.3,2.33,2.37,2.98,Low Oil Pressure
4450.0,85.2,3.1,5.56,3.21,Bearing Degradation
5253.6,80.5,4.24,1.09,2.74,Normal
4642.6,79.6,3.56,2.48,3.31,Performance Degradation
4596.6,82.8,3.72,2.2,3.81,Performance Degradation
4728.8,84.3,3.86,2.33,3.66,Performance Degradation
4829.8,92.0,2.29,2.42,2.96,Low Oil Pressure
5244.9,76.6,4.4,1.17,2.67,Normal
4966.9,90.0,2.62,2.31,2.81,Low Oil Pressure
4799.4,87.9,2.34,2.59,2.77,Low Oil Pressure
5239.5,78.2,4.31,1.45,2.65,Normal
5227.0,104.1,3.68,1.78,3.23,Overheating
5123.8,78.6,4.15,1.01,2.59,Normal
5130.0,74.3,4.34,1.02,2.57,Normal
5282.9,105.8,3.68,1.77,3.5,Overheating
5127.7,82.0,4.22,1.09,2.85,Normal
5220.7,102.7,3.62,1.71,3.44,Overheating
4641.6,86.9,3.2,5.25,2.98,Bearing Degradation
4652.4,78.4,4.13,1.97,3.84,Performance Degradation
4766.5,92.9,2.09,2.78,2.94,Low Oil Pressure
5275.1,108.5,3.58,1.94,3.61,Overheating
4902.1,88.0,2.4,2.55,2.8,Low Oil Pressure
5317.6,105.4,3.78,1.62,3.53,Overheating
4935.7,90.1,2.49,2.63,2.95,Low Oil Pressure
4781.9,92.5,2.46,2.46,2.9,Low Oil Pressure
4574.6,80.4,3.82,2.11,3.7,Performance Degradation
5152.1,77.9,4.15,1.09,2.68,Normal
5450.0,95.5,3.85,1.62,3.09,Overheating
5203.5,78.4,4.36,1.04,2.57,Normal
4570.4,91.1,3.06,5.17,3.09,Bearing Degradation
4728.8,86.7,4.18,1.87,3.41,Performance Degradation
4712.6,86.8,3.23,3.92,2.96,Bearing Degradation
4606.7,80.5,3.93,2.34,3.8,Performance Degradation
4806.1,88.3,3.0,5.1,2.8,Bearing Degradation
5232.6,105.8,3.64,1.84,3.31,Overheating
4936.9,92.0,2.15,2.69,2.79,Low Oil Pressure
5169.9,78.7,4.28,1.12,2.73,Normal
4828.2,95.8,2.4,2.43,3.2,Low Oil Pressure
4854.9,93.5,2.31,2.48,2.86,Low Oil Pressure
4601.2,85.7,2.99,4.6,2.86,Bearing Degradation
4729.3,87.7,3.26,5.12,3.01,Bearing Degradation
5248.4,76.0,4.35,1.22,2.69,Normal
4450.0,87.0,2.9,4.67,3.04,Bearing Degradation
4733.6,86.9,3.94,2.3,3.67,Performance Degradation
4565.1,93.5,3.3,4.9,3.12,Bearing Degradation
4865.4,94.4,1.85,2.79,3.04,Low Oil Pressure
4719.3,82.5,3.98,1.85,3.8,Performance Degradation
5278.2,105.6,3.51,1.93,3.56,Overheating
4535.4,81.9,3.85,2.12,3.51,Performance Degradation
5296.0,95.5,3.84,1.77,3.17,Overheating
4775.3,91.0,2.59,2.33,2.82,Low Oil Pressure
5117.4,77.3,4.18,1.33,2.73,Normal
4604.9,87.2,4.02,2.15,3.84,Performance Degradation
4607.2,90.9,3.05,5.2,3.25,Bearing Degradation
5274.1,96.8,3.74,1.59,3.18,Overheating
4763.5,92.3,2.28,2.29,2.8,Low Oil Pressure
4616.2,82.4,3.94,2.12,3.53,Performance Degradation
4543.0,83.3,3.93,1.99,3.88,Performance Degradation
4661.0,80.4,3.98,2.08,3.66,Performance Degradation
4816.7,97.0,2.36,2.39,3.18,Low Oil Pressure
4754.4,85.9,3.99,2.16,3.51,Performance Degradation
4927.2,94.3,2.13,2.62,2.59,Low Oil Pressure
5231.9,75.9,4.33,1.16,2.68,Normal
4856.9,89.1,2.12,2.74,2.91,Low Oil Pressure
4803.3,93.2,3.1,6.3,3.12,Bearing Degradation
5210.2,78.3,4.36,1.14,2.65,Normal
4690.7,86.9,4.14,2.15,3.2,Performance Degradation
4865.0,93.9,2.14,2.67,2.93,Low Oil Pressure
5006.0,91.8,2.18,2.44,2.74,Low Oil Pressure
4687.2,91.2,3.27,4.85,2.96,Bearing Degradation
4735.2,85.4,2.95,5.26,2.98,Bearing Degradation
5152.0,75.4,4.29,1.19,2.86,Normal
4693.2,84.4,3.93,2.16,3.26,Performance Degradation
4663.6,86.6,3.96,1.84,3.63,Performance Degradation
4663.4,85.6,3.69,1.78,3.89,Performance Degradation
4642.0,82.7,4.11,2.34,3.7,Performance Degradation
4461.0,88.7,3.23,5.57,3.04,Bearing Degradation
4735.3,86.5,3.41,6.35,3.1,Bearing Degradation
5179.0,76.5,4.16,1.25,2.73,Normal
4746.7,86.1,3.17,4.82,2.9,Bearing Degradation
5195.6,77.0,4.11,1.08,2.66,Normal
5190.0,103.5,3.62,1.64,3.4,Overheating
5015.2,89.4,2.62,2.27,2.99,Low Oil Pressure
4847.4,90.1,2.36,2.41,2.9,Low Oil Pressure
5295.0,108.6,3.48,1.72,3.33,Overheating
4836.3,91.8,2.25,2.58,2.96,Low Oil Pressure
4821.8,93.8,2.05,2.79,2.86,Low Oil Pressure
4760.9,82.7,3.65,2.22,3.41,Performance Degradation
5229.8,78.3,4.24,1.41,2.56,Normal
4612.4,82.9,3.74,2.02,3.58,Performance Degradation
5197.5,96.2,3.8,1.57,3.28,Overheating
4624.7,85.7,3.91,2.32,3.66,Performance Degradation
4681.0,82.4,4.1,2.45,3.53,Performance Degradation
4882.0,94.6,2.53,2.23,2.82,Low Oil Pressure
5300.9,107.4,3.65,1.92,3.52,Overheating
5308.6,109.0,3.57,1.64,3.42,Overheating
5176.1,79.4,4.43,1.02,2.61,Normal
4677.9,84.4,3.91,1.93,3.69,Performance Degradation
5158.0,78.4,4.27,1.14,2.81,Normal
5314.0,110.1,3.48,2.06,3.44,Overheating
4629.3,85.6,3.96,2.08,3.61,Performance Degradation
5201.4,79.7,4.17,1.25,2.78,Normal
5263.0,74.2,4.26,1.29,2.76,Normal
4895.7,92.4,2.23,2.51,2.89,Low Oil Pressure
5311.9,110.1,3.44,2.11,3.44,Overheating
4582.0,93.0,3.17,5.29,3.07,Bearing Degradation
5177.3,79.2,4.37,1.14,2.67,Normal
5298.0,103.5,3.64,1.63,3.41,Overheating
4697.5,84.6,4.15,2.38,3.73,Performance Degradation
5275.9,78.1,4.39,1.25,2.75,Normal
5181.7,106.4,3.56,1.95,3.26,Overheating
5282.6,101.3,3.85,1.82,3.27,Overheating
4593.6,85.0,4.15,1.98,3.55,Performance Degradation
4607.5,86.8,3.5,5.68,3.3,Bearing Degradation
4909.2,88.3,2.54,2.35,2.89,Low Oil Pressure
4679.8,84.7,3.17,6.28,3.13,Bearing Degradation
4698.4,86.6,3.95,1.95,3.62,Performance Degradation
4571.6,84.0,4.12,2.05,3.91,Performance Degradation
5136.6,80.0,4.36,1.03,2.75,Normal
4562.0,86.8,3.07,5.61,2.97,Bearing Degradation
4734.9,84.7,3.85,1.93,3.62,Performance Degradation
5320.4,109.2,3.56,2.06,3.49,Overheating
4726.1,83.3,3.9,2.27,3.78,Performance Degradation
4742.5,80.8,3.86,1.72,3.54,Performance Degradation
4798.3,82.1,3.65,2.08,3.65,Performance Degradation
4715.3,82.7,3.37,5.41,3.12,Bearing Degradation
4742.7,86.6,3.22,5.01,2.99,Bearing Degradation
5267.7,77.8,4.28,1.03,2.65,Normal
4642.4,83.9,3.86,1.93,3.69,Performance Degradation
4563.5,86.6,3.88,1.76,3.84,Performance Degradation
4848.9,94.7,2.38,2.26,2.78,Low Oil Pressure
4867.1,94.0,2.2,2.36,3.2,Low Oil Pressure
4929.2,90.2,2.48,2.48,3.0,Low Oil Pressure
4713.4,88.1,3.28,5.84,3.24,Bearing Degradation
5210.1,77.3,4.22,1.41,2.5,Normal
4686.4,83.2,3.98,1.95,3.56,Performance Degradation
4756.4,91.8,2.12,2.83,2.97,Low Oil Pressure
4833.5,86.9,2.65,2.17,2.89,Low Oil Pressure
4604.6,78.0,3.94,2.04,3.67,Performance Degradation
4850.3,91.3,2.65,1.87,2.79,Low Oil Pressure
4450.0,87.2,3.31,5.92,2.98,Bearing Degradation
5222.8,73.7,4.18,1.5,2.74,Normal
5251.0,80.6,4.24,1.34,2.64,Normal
4711.1,90.7,3.24,5.38,3.13,Bearing Degradation
4823.3,97.0,2.33,2.4,2.92,Low Oil Pressure
4793.2,89.2,2.4,2.5,2.86,Low Oil Pressure
4792.5,92.0,2.21,2.51,2.8,Low Oil Pressure
5183.7,103.8,3.57,1.89,3.56,Overheating
4817.2,88.7,2.31,2.74,2.83,Low Oil Pressure
4818.8,91.3,2.53,2.32,2.81,Low Oil Pressure
4751.7,92.3,2.1,2.65,2.96,Low Oil Pressure
4620.2,83.5,4.03,1.61,3.69,Performance Degradation
4882.3,85.8,2.65,2.2,3.06,Low Oil Pressure
4744.3,83.3,3.83,2.29,3.7,Performance Degradation
4702.6,83.3,3.81,1.73,3.55,Performance Degradation
5273.3,79.9,4.38,1.08,2.6,Normal
5236.3,101.6,3.79,1.92,3.47,Overheating
5184.8,109.4,3.53,1.92,3.36,Overheating
4720.8,86.4,3.22,5.99,3.07,Bearing Degradation
5299.5,77.9,4.4,1.28,2.7,Normal
4887.0,94.1,1.96,2.97,2.79,Low Oil Pressure
4649.3,90.3,3.25,4.29,3.16,Bearing Degradation
4623.5,86.6,3.36,5.32,2.98,Bearing Degradation
5224.5,75.6,4.29,1.43,2.58,Normal
4957.6,91.1,2.33,2.22,2.9,Low Oil Pressure
5229.8,76.6,4.15,1.22,2.81,Normal
5198.2,74.4,4.27,1.19,2.74,Normal
5370.6,95.5,3.85,1.56,3.0,Overheating
5204.4,76.5,4.52,1.17,2.55,Normal
4808.3,83.0,3.84,2.05,3.7,Performance Degradation
5254.6,76.2,4.26,1.37,2.65,Normal
5210.1,80.9,4.29,1.17,2.83,Normal
4441.0,83.0,3.9,2.13,3.76,Performance Degradation
5203.2,78.6,4.3,1.12,2.58,Normal
5220.7,74.8,4.23,1.35,2.69,Normal
5296.5,105.2,3.6,2.13,3.49,Overheating
5236.7,107.6,3.39,1.68,3.44,Overheating
4888.2,92.6,2.39,2.02,2.82,Low Oil Pressure
4755.8,86.1,3.73,2.21,3.65,Performance Degradation
4793.7,90.2,2.41,2.31,2.99,Low Oil Pressure
5237.6,103.4,3.61,1.9,3.49,Overheating
5241.5,103.7,3.64,1.82,3.3,Overheating
4841.3,94.9,2.32,2.59,2.82,Low Oil Pressure
4710.9,89.2,2.34,2.41,2.77,Low Oil Pressure
5100.5,75.8,4.28,1.34,2.73,Normal
4768.7,96.2,1.94,2.74,2.89,Low Oil Pressure
4776.1,92.9,2.36,2.31,2.91,Low Oil Pressure
4584.5,82.4,3.97,1.8,3.61,Performance Degradation
4885.7,92.1,2.37,2.24,3.18,Low Oil Pressure
4694.1,82.2,4.15,2.02,3.4,Performance Degradation
4627.4,88.9,3.03,4.77,3.32,Bearing Degradation
4746.8,86.0,2.95,5.85,3.04,Bearing Degradation
5205.9,77.8,4.39,1.26,2.76,Normal
5249.2,77.0,4.34,1.25,2.65,Normal
5249.6,112.8,3.39,1.95,3.52,Overheating
5301.6,103.5,3.71,1.73,3.43,Overheating
4858.0,91.4,2.4,2.42,2.77,Low Oil Pressure
4585.2,82.5,3.87,2.24,3.6,Performance Degradation
4856.6,93.0,2.57,2.49,3.03,Low Oil Pressure
4576.6,86.2,3.71,1.98,3.53,Performance Degradation
4531.0,94.0,3.02,4.88,3.05,Bearing Degradation
4783.3,87.1,3.47,5.52,3.15,Bearing Degradation
5297.6,105.4,3.55,1.79,3.52,Overheating
4653.4,85.0,4.17,1.94,3.79,Performance Degradation
5294.4,110.0,3.4,1.93,3.71,Overheating
5254.2,107.9,3.54,1.92,3.35,Overheating
4621.0,82.9,4.0,2.04,3.8,Performance Degradation
4668.6,86.0,3.69,1.97,3.47,Performance Degradation
5285.0,105.6,3.64,1.99,3.26,Overheating
4573.1,85.0,3.25,5.17,3.08,Bearing Degradation
5113.9,76.1,4.32,1.33,2.7,Normal
4540.2,82.5,3.87,2.12,3.64,Performance Degradation
5249.0,75.7,4.24,1.11,2.63,Normal
5177.2,107.9,3.62,1.97,3.38,Overheating
4577.1,87.6,3.1,5.14,3.12,Bearing Degradation
5296.9,80.2,4.4,1.18,2.69,Normal
4603.5,81.4,3.68,1.89,3.71,Performance Degradation
4885.8,89.5,2.34,2.43,2.95,Low Oil Pressure
5118.8,79.0,4.41,1.23,2.62,Normal
4708.6,89.5,2.27,2.36,2.93,Low Oil Pressure
5353.4,99.8,3.72,1.68,3.15,Overheating
4891.1,86.6,2.61,2.05,2.91,Low Oil Pressure
5326.5,106.6,3.51,1.59,3.53,Overheating
5159.3,75.7,4.24,1.1,2.66,Normal
5252.6,107.6,3.6,1.81,3.53,Overheating
4724.2,85.8,3.41,4.87,3.08,Bearing Degradation
5183.6,81.9,4.16,1.21,2.71,Normal
4647.2,88.2,3.4,4.6,3.27,Bearing Degradation
4844.9,90.4,2.4,2.03,2.79,Low Oil Pressure
4560.6,91.0,3.48,5.35,2.93,Bearing Degradation
5102.2,78.6,4.39,1.17,2.6,Normal
4688.1,83.4,3.9,1.76,3.89,Performance Degradation
5250.3,81.5,4.16,0.99,2.78,Normal
4826.4,85.0,2.65,2.01,2.86,Low Oil Pressure
5274.5,100.4,3.79,1.59,3.1,Overheating
5314.5,100.0,3.71,1.52,3.21,Overheating
4538.4,87.7,3.76,2.04,3.63,Performance Degradation
5146.4,80.6,4.24,1.21,2.73,Normal
4808.5,91.2,2.24,2.52,2.99,Low Oil Pressure
5238.6,79.4,4.28,1.04,2.73,Normal
4873.5,93.0,2.25,2.53,2.92,Low Oil Pressure
4920.8,85.3,2.62,2.22,2.69,Low Oil Pressure
5207.5,112.3,3.4,2.09,3.56,Overheating
4710.0,83.7,3.34,5.86,3.18,Bearing Degradation
5175.4,76.2,4.27,1.12,2.59,Normal
4897.3,96.1,2.14,2.64,2.86,Low Oil Pressure
5241.7,101.6,3.76,1.91,3.28,Overheating
4864.0,90.4,2.26,2.34,2.81,Low Oil Pressure
5257.5,79.2,4.24,1.1,2.59,Normal
4792.3,91.2,3.48,4.91,2.7,Bearing Degradation
5242.7,107.2,3.54,1.74,3.59,Overheating
5187.1,78.9,4.32,1.22,2.68,Normal
4519.8,83.2,3.98,2.36,3.54,Performance Degradation
5211.9,102.3,3.67,1.92,3.32,Overheating
5362.3,104.1,3.55,1.7,3.36,Overheating
5195.0,76.2,4.41,1.3,2.68,Normal
5199.0,78.5,4.2,1.02,2.67,Normal
4790.0,95.6,2.29,2.34,2.79,Low Oil Pressure
4763.4,91.6,3.47,4.8,3.18,Bearing Degradation
4783.2,90.2,2.57,2.47,2.89,Low Oil Pressure
4571.1,88.9,3.39,5.38,3.02,Bearing Degradation
4759.8,89.5,2.43,2.29,2.99,Low Oil Pressure
5174.0,77.7,4.28,1.22,2.67,Normal
5262.2,79.0,4.19,1.12,2.61,Normal
5189.8,78.6,4.16,1.25,2.65,Normal
5163.2,78.6,4.36,1.02,2.75,Normal
5223.1,78.7,4.01,1.22,2.58,Normal
5175.1,79.0,4.14,1.12,2.63,Normal
5344.2,103.1,3.52,1.81,3.33,Overheating
4619.7,81.7,3.76,2.26,3.7,Performance Degradation
5235.3,103.7,3.69,1.94,3.43,Overheating
5347.9,99.1,3.73,1.56,3.04,Overheating
4504.3,86.6,3.27,5.92,3.27,Bearing Degradation
5252.6,81.7,4.39,1.25,2.74,Normal
5237.0,110.3,3.42,1.82,3.61,Overheating
4896.3,91.9,2.58,2.55,2.85,Low Oil Pressure
5194.6,104.0,3.74,1.77,3.31,Overheating
5158.6,77.3,4.21,1.27,2.66,Normal
5154.5,81.4,4.23,1.11,2.61,Normal
4823.3,94.2,2.3,2.36,2.96,Low Oil Pressure
4806.9,84.0,3.83,2.22,3.84,Performance Degradation
4624.5,88.8,3.68,2.0,3.58,Performance Degradation
5218.2,81.3,4.32,1.33,2.54,Normal
5243.3,99.9,3.63,1.7,3.11,Overheating
5156.1,78.1,4.49,1.09,2.61,Normal
5223.1,80.9,4.26,1.2,2.66,Normal
4970.6,91.0,2.52,2.3,2.88,Low Oil Pressure
5306.0,108.0,3.7,1.76,3.35,Overheating
5208.4,79.3,4.26,1.5,2.66,Normal
4914.0,92.3,2.35,2.25,2.96,Low Oil Pressure
4750.8,91.6,2.38,2.69,2.81,Low Oil Pressure
5197.7,75.4,4.15,1.2,2.8,Normal
4949.1,91.3,2.43,2.48,2.72,Low Oil Pressure
5193.8,77.7,4.3,1.12,2.66,Normal
4655.2,90.0,3.77,2.24,3.69,Performance Degradation
4832.9,93.1,2.12,2.22,2.8,Low Oil Pressure
5195.2,104.1,3.69,1.67,3.4,Overheating
4679.0,81.4,3.88,2.06,3.2,Performance Degradation
5266.6,104.7,3.57,1.86,3.37,Overheating
4592.1,82.8,4.01,1.85,3.61,Performance Degradation
5250.2,97.2,3.85,1.71,3.33,Overheating
5229.3,77.1,4.11,1.04,2.62,Normal
5196.7,77.9,4.19,1.3,2.79,Normal
5191.4,102.9,3.81,1.68,3.36,Overheating
4663.2,88.0,3.65,2.01,3.42,Performance Degradation
5314.5,105.6,3.52,1.77,3.52,Overheating
4818.3,86.4,3.03,5.26,3.16,Bearing Degradation
4882.0,87.8,2.39,2.6,3.16,Low Oil Pressure
4665.9,84.3,3.9,2.05,3.54,Performance Degradation
4615.0,82.7,3.83,2.1,3.38,Performance Degradation
4706.4,81.5,3.81,2.07,3.78,Performance Degradation
4831.3,89.8,3.08,4.57,2.76,Bearing Degradation
5315.0,112.2,3.31,1.81,3.32,Overheating
5302.2,80.4,4.38,1.01,2.75,Normal
4850.0,85.5,4.02,2.15,3.89,Performance Degradation
4602.1,83.3,4.05,2.18,3.4,Performance Degradation
5198.4,77.5,4.28,1.3,2.62,Normal
4895.1,94.4,2.65,2.64,2.96,Low Oil Pressure
4599.3,82.3,3.83,2.17,3.77,Performance Degradation
4657.5,85.8,3.85,1.87,3.91,Performance Degradation
4729.8,86.1,3.96,1.83,3.76,Performance Degradation
5127.9,79.6,4.16,1.27,2.73,Normal
5262.8,80.4,4.2,1.16,2.7,Normal
5327.4,108.9,3.52,2.03,3.4,Overheating
5126.8,78.8,4.16,1.16,2.67,Normal
4882.6,88.7,2.31,2.58,2.94,Low Oil Pressure
5315.1,102.1,3.68,1.6,3.23,Overheating
4711.3,92.7,3.31,4.41,3.1,Bearing Degradation
4652.0,88.3,3.02,4.43,3.16,Bearing Degradation
4818.6,88.2,2.65,2.44,2.79,Low Oil Pressure
5220.1,75.8,4.35,1.21,2.68,Normal
4715.5,92.6,2.47,2.3,2.97,Low Oil Pressure
5268.6,106.7,3.55,1.73,3.44,Overheating
5171.8,75.3,4.37,1.32,2.73,Normal
5315.5,107.2,3.57,2.21,3.53,Overheating
5250.5,105.1,3.57,1.78,3.21,Overheating
4634.1,86.9,3.03,4.33,2.89,Bearing Degradation
4774.8,82.9,4.21,2.16,3.64,Performance Degradation
4757.2,92.5,2.09,2.66,3.06,Low Oil Pressure
4698.9,88.2,3.24,4.8,3.14,Bearing Degradation
5273.1,80.2,4.26,1.12,2.73,Normal
5273.8,108.0,3.46,1.73,3.41,Overheating
4687.8,82.4,3.82,2.38,3.94,Performance Degradation
4913.4,90.3,2.65,2.23,2.93,Low Oil Pressure
4702.4,82.5,3.87,2.19,3.89,Performance Degradation
5209.3,76.9,4.26,1.15,2.67,Normal
5249.5,101.2,3.66,1.81,3.23,Overheating
5156.3,80.7,4.2,1.09,2.66,Normal
5345.2,102.3,3.75,1.59,3.39,Overheating
5101.1,79.9,4.41,1.2,2.62,Normal
4849.9,92.7,2.2,2.47,2.76,Low Oil Pressure
4656.8,90.0,3.22,5.8,3.33,Bearing Degradation
5159.3,78.4,4.2,1.17,2.78,Normal
4635.9,91.3,3.38,4.48,2.99,Bearing Degradation
4828.3,92.6,2.23,2.49,2.92,Low Oil Pressure
4518.9,88.5,3.22,5.3,3.05,Bearing Degradation
5190.1,75.7,4.32,1.2,2.82,Normal
5267.7,98.2,3.83,1.75,3.34,Overheating
5235.0,103.4,3.56,1.72,3.3,Overheating
4718.1,87.5,3.6,5.09,2.85,Bearing Degradation
5207.5,105.7,3.59,1.73,3.16,Overheating
5313.1,110.0,3.47,1.89,3.71,Overheating
5170.7,78.4,4.42,1.23,2.66,Normal
4615.9,85.4,4.19,2.05,3.54,Performance Degradation
5241.2,77.7,4.22,1.09,2.71,Normal
5388.6,103.3,3.66,1.8,3.39,Overheating
5239.2,102.8,3.72,1.66,3.31,Overheating
5140.2,77.9,4.3,1.3,2.69,Normal
4846.6,92.2,2.33,2.31,2.51,Low Oil Pressure
4635.4,84.1,4.1,2.04,3.54,Performance Degradation
5241.3,105.2,3.53,1.53,3.47,Overheating
4809.7,91.1,2.38,2.72,2.9,Low Oil Pressure
4626.6,84.1,3.98,1.86,3.49,Performance Degradation
4743.0,87.4,3.77,2.36,3.63,Performance Degradation
5256.8,110.0,3.41,1.76,3.49,Overheating
4570.3,87.5,3.53,4.86,3.13,Bearing Degradation
4588.5,87.0,3.19,4.9,3.2,Bearing Degradation
4638.5,88.7,2.99,4.3,3.39,Bearing Degradation
4635.8,87.7,3.93,2.1,3.53,Performance Degradation
5189.2,78.9,4.22,1.14,2.61,Normal
4583.3,91.9,3.29,4.52,3.18,Bearing Degradation
4923.4,85.1,2.59,2.3,3.09,Low Oil Pressure
5259.1,101.1,3.75,1.46,3.38,Overheating
4757.9,95.9,2.14,2.35,2.97,Low Oil Pressure
4772.6,88.7,3.08,4.76,2.9,Bearing Degradation
4653.5,79.4,3.73,2.2,3.81,Performance Degradation
5205.0,95.5,3.85,1.5,3.06,Overheating
4743.7,85.1,3.59,2.05,3.69,Performance Degradation
5275.8,79.2,4.35,1.29,2.72,Normal
4730.9,95.1,2.21,2.69,3.02,Low Oil Pressure
5136.4,81.9,4.22,1.12,2.75,Normal
4652.8,86.5,3.83,2.05,3.61,Performance Degradation
4908.3,91.8,2.29,2.34,3.06,Low Oil Pressure
5173.0,75.7,4.2,1.18,2.76,Normal
4658.2,88.9,3.16,5.32,3.1,Bearing Degradation
5232.4,100.9,3.84,1.6,3.33,Overheating
5275.4,75.1,4.27,1.04,2.73,Normal
5212.7,79.8,4.24,1.24,2.59,Normal
4769.6,85.6,3.36,4.82,3.26,Bearing Degradation
4653.5,90.9,3.56,5.5,3.15,Bearing Degradation
5228.6,74.9,4.35,1.36,2.78,Normal
4641.2,89.0,3.31,5.38,3.11,Bearing Degradation
4634.0,83.1,4.15,2.27,3.63,Performance Degradation
5307.0,98.9,3.75,1.79,3.32,Overheating
5253.5,79.9,4.35,1.12,2.68,Normal
4618.2,88.4,3.45,5.03,2.95,Bearing Degradation
5216.1,76.3,4.42,1.06,2.77,Normal
5307.6,105.1,3.66,1.99,3.37,Overheating
5280.5,104.5,3.66,1.65,3.54,Overheating
5215.5,104.5,3.62,1.85,3.4,Overheating
4826.2,85.4,3.88,2.21,3.79,Performance Degradation
5218.2,105.9,3.62,1.89,3.33,Overheating
4746.6,86.3,3.85,2.05,3.83,Performance Degradation
4532.3,90.5,3.19,4.77,3.13,Bearing Degradation
5248.6,102.1,3.61,1.85,3.32,Overheating
5178.1,72.7,4.2,1.19,2.67,Normal
4681.0,80.0,4.02,1.95,3.95,Performance Degradation
4828.4,88.5,3.31,4.6,2.98,Bearing Degradation
5312.2,109.3,3.47,1.92,3.5,Overheating
5264.9,99.5,3.75,1.66,3.06,Overheating
4579.6,94.6,3.29,5.5,3.12,Bearing Degradation
5317.2,105.8,3.41,2.06,3.21,Overheating
5195.1,75.0,4.33,1.14,2.59,Normal
4913.3,92.3,2.31,2.49,2.75,Low Oil Pressure
5218.4,77.7,4.27,1.11,2.74,Normal
5324.5,99.2,3.78,1.63,3.39,Overheating
5284.1,105.6,3.8,2.02,3.43,Overheating
5250.1,105.4,3.63,1.84,3.3,Overheating
4843.8,94.6,2.24,2.28,3.02,Low Oil Pressure
4715.2,90.0,3.03,4.34,2.88,Bearing Degradation
5262.6,82.2,4.22,1.23,2.79,Normal
5280.1,102.8,3.56,1.61,3.25,Overheating
4852.0,90.0,2.49,2.43,2.96,Low Oil Pressure
5068.5,79.2,4.27,1.27,2.68,Normal
4600.9,87.5,3.91,2.42,3.77,Performance Degradation
5282.9,106.3,3.57,1.63,3.22,Overheating
5368.2,102.9,3.77,1.56,3.4,Overheating
5186.0,76.8,4.41,1.14,2.77,Normal
4747.8,89.3,3.37,5.15,2.92,Bearing Degradation
4642.0,86.4,2.72,5.35,3.23,Bearing Degradation
4656.7,85.2,3.04,5.68,3.15,Bearing Degradation
5261.2,107.5,3.59,1.95,3.35,Overheating
4641.7,84.3,3.96,2.21,3.54,Performance Degradation
4519.8,91.0,3.17,5.44,3.24,Bearing Degradation
5278.1,100.7,3.73,1.75,3.18,Overheating
4730.4,87.4,3.13,6.52,3.11,Bearing Degradation
4550.0,88.7,3.21,4.78,3.1,Bearing Degradation
5179.9,79.8,4.15,1.36,2.77,Normal
4809.8,88.2,2.44,2.22,2.94,Low Oil Pressure
5196.3,76.1,4.33,1.08,2.68,Normal
4573.0,87.9,3.6,1.84,3.45,Performance Degradation
4658.4,86.6,3.39,4.93,3.2,Bearing Degradation
4767.3,82.5,3.92,2.15,4.1,Performance Degradation
4812.6,97.5,1.94,2.93,2.95,Low Oil Pressure
5201.1,77.0,4.38,0.95,2.56,Normal
5217.5,80.8,4.46,0.85,2.65,Normal
5230.5,82.3,4.24,1.31,2.7,Normal
5195.2,79.5,4.07,1.36,2.64,Normal
4692.3,93.5,3.05,5.7,3.21,Bearing Degradation
5248.0,79.5,4.24,1.05,2.63,Normal
4831.4,95.8,2.4,2.2,2.82,Low Oil Pressure
4719.3,86.9,3.28,4.93,3.12,Bearing Degradation
4851.2,92.6,2.4,2.37,3.03,Low Oil Pressure
4731.7,85.0,3.86,1.91,3.57,Performance Degradation
4585.4,87.7,3.87,1.92,3.38,Performance Degradation
5254.0,101.3,3.84,1.72,3.29,Overheating
4890.1,96.3,2.43,2.49,3.09,Low Oil Pressure
5222.5,76.3,4.34,1.27,2.76,Normal
5227.7,111.8,3.46,1.91,3.58,Overheating
5200.8,80.0,4.32,1.1,2.95,Normal
4922.2,93.4,2.05,2.68,2.98,Low Oil Pressure
4519.4,82.3,3.89,2.32,3.88,Performance Degradation
5185.6,77.7,4.6,1.04,2.7,Normal
5249.7,104.5,3.68,1.89,3.3,Overheating
4898.7,94.2,2.08,2.75,3.02,Low Oil Pressure
5154.0,76.8,4.3,1.37,2.62,Normal
5278.0,106.8,3.52,1.95,3.36,Overheating
5180.0,77.9,4.29,1.29,2.77,Normal
4801.5,91.4,2.65,2.45,2.94,Low Oil Pressure
5166.1,78.3,4.08,1.3,2.76,Normal
5232.5,109.8,3.63,1.85,3.37,Overheating
4714.8,90.6,2.84,4.95,3.26,Bearing Degradation
4919.1,87.9,2.43,2.35,2.93,Low Oil Pressure
4540.2,89.6,3.34,5.74,3.4,Bearing Degradation
4823.3,87.5,2.65,2.37,3.05,Low Oil Pressure
5150.9,78.3,4.23,1.06,2.73,Normal
4580.1,82.1,3.85,2.14,4.06,Performance Degradation
4821.4,93.5,2.25,2.41,3.09,Low Oil Pressure
5210.0,77.8,4.23,1.09,2.63,Normal
4662.2,84.7,3.21,5.52,2.96,Bearing Degradation
4643.5,81.4,3.77,1.98,3.77,Performance Degradation
4753.0,94.7,2.03,2.56,2.82,Low Oil Pressure
4805.2,82.1,3.9,2.06,3.76,Performance Degradation
4450.0,82.7,3.44,6.0,2.99,Bearing Degradation
5262.0,103.5,3.62,1.89,3.35,Overheating
4755.1,80.1,3.46,2.22,3.37,Performance Degradation
4687.5,82.6,4.17,2.28,3.81,Performance Degradation
4907.4,93.1,2.34,2.54,2.89,Low Oil Pressure
4702.1,90.9,3.2,5.46,2.99,Bearing Degradation
5235.2,81.0,4.04,1.17,2.7,Normal
4789.9,91.6,2.32,2.47,2.84,Low Oil Pressure
5265.7,102.6,3.52,1.89,3.17,Overheating
4718.8,88.9,3.78,2.19,3.87,Performance Degradation
5309.8,74.5,4.4,1.19,2.69,Normal
5329.1,97.0,3.83,1.77,3.19,Overheating
5374.5,105.3,3.65,1.73,3.48,Overheating
4673.6,90.5,3.05,5.11,3.01,Bearing Degradation
5233.8,103.8,3.58,1.83,3.54,Overheating
4664.9,82.2,4.05,2.12,3.27,Performance Degradation
4623.2,87.1,3.76,2.04,3.76,Performance Degradation
4858.2,92.4,2.19,2.73,2.85,Low Oil Pressure
4607.8,87.5,3.38,4.48,3.11,Bearing Degradation
5276.3,77.0,4.28,1.18,2.72,Normal
5244.0,105.4,3.72,2.02,3.27,Overheating
5135.4,77.0,4.25,1.29,2.78,Normal
4506.6,83.1,4.12,2.22,3.57,Performance Degradation
5263.2,107.3,3.63,1.76,3.53,Overheating
4521.0,82.3,3.72,2.08,3.66,Performance Degradation
5376.9,101.4,3.55,1.82,3.48,Overheating
4709.6,85.8,3.22,4.3,2.81,Bearing Degradation
5164.1,78.9,4.36,1.16,2.85,Normal
5227.3,110.1,3.54,1.93,3.57,Overheating
4668.4,85.8,3.9,2.05,3.73,Performance Degradation
4647.5,83.2,3.83,2.36,3.89,Performance Degradation
4866.2,93.6,2.36,2.52,2.93,Low Oil Pressure
5248.3,76.6,4.47,1.23,2.83,Normal
4740.7,80.2,4.11,1.94,3.59,Performance Degradation
4802.0,93.0,2.52,2.65,3.02,Low Oil Pressure
4806.4,96.3,2.14,2.4,2.98,Low Oil Pressure
4624.9,85.1,4.01,2.07,3.4,Performance Degradation
4878.7,91.0,2.57,2.48,2.81,Low Oil Pressure
4513.1,84.6,3.14,4.39,3.13,Bearing Degradation
5313.5,107.4,3.76,1.72,3.36,Overheating
5130.2,78.9,4.28,1.24,2.68,Normal
4835.3,88.9,2.65,2.39,2.81,Low Oil Pressure
5252.2,109.1,3.67,1.88,3.55,Overheating
4846.2,96.7,2.03,2.59,2.89,Low Oil Pressure
5261.0,97.5,3.7,1.66,3.27,Overheating
4796.6,94.7,2.18,2.19,2.72,Low Oil Pressure
4640.1,94.9,3.26,3.7,3.21,Bearing Degradation
5310.1,79.2,4.31,1.29,2.7,Normal
4654.9,80.1,3.83,2.15,3.52,Performance Degradation
5275.1,77.2,4.33,1.16,2.81,Normal
4589.5,91.9,3.11,4.9,3.1,Bearing Degradation
5365.6,104.0,3.49,1.74,3.27,Overheating
5260.6,105.0,3.5,1.78,3.33,Overheating
4614.8,89.6,3.37,5.08,3.03,Bearing Degradation
5349.2,97.0,3.63,1.59,3.1,Overheating
4930.6,93.9,2.21,2.56,3.05,Low Oil Pressure
5235.0,80.4,4.37,1.41,2.68,Normal
5226.2,73.0,4.23,1.01,2.86,Normal
4538.9,79.8,3.88,2.07,3.55,Performance Degradation
4633.9,89.0,3.18,4.63,3.04,Bearing Degradation
4898.9,91.2,2.46,2.44,2.87,Low Oil Pressure
4527.1,90.0,3.55,4.61,2.82,Bearing Degradation
5159.6,74.3,4.35,0.97,2.73,Normal
4497.3,82.5,4.06,2.3,3.51,Performance Degradation
4882.5,92.2,2.29,2.38,2.71,Low Oil Pressure
4679.0,89.3,3.26,5.42,3.17,Bearing Degradation
4637.8,85.0,3.97,2.03,3.96,Performance Degradation
4634.8,88.5,3.45,5.21,3.24,Bearing Degradation
4492.0,85.1,3.79,1.79,3.4,Performance Degradation
4405.0,84.4,3.74,2.0,3.95,Performance Degradation
4504.6,88.0,4.15,2.19,3.41,Performance Degradation
4726.9,82.2,3.94,2.22,3.61,Performance Degradation
5192.7,100.7,3.68,1.74,3.36,Overheating
4755.3,85.7,3.98,2.07,4.1,Performance Degradation
4746.6,93.1,1.99,2.57,2.95,Low Oil Pressure
4542.0,88.6,3.35,4.81,2.89,Bearing Degradation
4838.8,93.5,2.46,2.25,2.91,Low Oil Pressure
5185.3,106.8,3.48,1.97,3.41,Overheating
4802.4,87.1,3.43,5.38,3.26,Bearing Degradation
5078.4,76.8,4.3,1.2,2.66,Normal
4777.5,83.2,3.98,2.38,3.77,Performance Degradation
4575.9,86.0,3.71,2.03,3.56,Performance Degradation
5218.6,78.0,4.09,1.22,2.71,Normal
4678.1,84.2,4.12,1.68,3.38,Performance Degradation
5200.1,77.5,4.34,1.25,2.71,Normal
4608.8,86.9,3.5,1.9,3.23,Performance Degradation
4841.0,94.5,2.19,2.76,2.89,Low Oil Pressure
5253.9,106.7,3.57,1.96,3.42,Overheating
5228.3,79.7,4.26,1.21,2.69,Normal
4649.8,86.0,3.99,2.11,3.64,Performance Degradation
5261.9,109.9,3.41,1.8,3.69,Overheating
4903.8,92.9,2.07,2.53,2.92,Low Oil Pressure
4627.6,82.3,3.37,5.14,3.28,Bearing Degradation
5161.1,109.7,3.62,1.9,3.48,Overheating
4854.3,94.3,2.32,2.46,2.89,Low Oil Pressure
4722.0,89.5,2.53,2.29,2.99,Low Oil Pressure
4632.0,86.2,3.21,5.91,3.28,Bearing Degradation
5312.0,100.7,3.69,1.58,3.3,Overheating
4728.2,82.6,3.78,2.1,3.58,Performance Degradation
4639.5,87.4,3.32,6.04,2.87,Bearing Degradation
4688.9,86.5,3.88,2.26,3.8,Performance Degradation
4718.0,87.1,3.91,1.96,3.94,Performance Degradation
4804.1,86.4,2.56,2.54,2.85,Low Oil Pressure
5152.0,78.9,4.32,0.98,2.68,Normal
5178.4,79.7,4.37,1.21,2.71,Normal
5182.9,78.0,4.29,1.28,2.76,Normal
4540.4,88.7,3.01,5.23,3.1,Bearing Degradation
4701.2,92.6,3.37,5.05,2.97,Bearing Degradation
5312.3,100.6,3.73,1.81,3.4,Overheating
5322.0,116.3,3.1,2.16,3.73,Overheating
5183.3,76.8,4.21,1.19,2.63,Normal
4803.9,94.9,2.21,2.42,2.73,Low Oil Pressure
5210.5,78.5,4.23,1.1,2.58,Normal
5157.0,81.4,4.33,0.96,2.7,Normal
4995.7,91.6,2.43,2.54,2.82,Low Oil Pressure
4852.4,91.3,2.51,2.21,3.04,Low Oil Pressure
4837.2,91.0,2.28,2.38,3.15,Low Oil Pressure
5203.4,76.4,4.2,1.08,2.72,Normal
4874.1,90.8,2.29,2.87,2.87,Low Oil Pressure
4761.3,86.3,3.74,1.71,3.88,Performance Degradation
4902.6,91.8,2.51,2.11,2.85,Low Oil Pressure
4903.7,89.9,2.5,2.64,2.94,Low Oil Pressure
4650.4,90.8,3.62,6.02,3.11,Bearing Degradation
5317.8,114.5,3.31,1.99,3.69,Overheating
4728.4,88.9,2.5,2.46,2.85,Low Oil Pressure
4488.2,88.4,3.17,4.81,2.89,Bearing Degradation
5267.1,79.1,4.42,1.37,2.77,Normal
4667.6,84.1,3.87,2.2,3.58,Performance Degradation
4517.3,83.1,3.84,2.25,3.94,Performance Degradation
4584.6,86.5,4.0,1.98,3.53,Performance Degradation
4626.0,86.1,4.06,1.96,3.81,Performance Degradation
5219.9,107.1,3.69,1.74,3.48,Overheating
4575.2,82.7,3.51,1.82,3.77,Performance Degradation
4634.9,92.3,3.13,5.8,3.14,Bearing Degradation
4567.3,78.0,4.13,2.17,3.23,Performance Degradation
4661.1,89.2,3.16,4.23,3.13,Bearing Degradation
5288.0,105.8,3.66,2.11,3.49,Overheating
5258.6,76.4,4.44,1.16,2.64,Normal
4721.1,88.3,3.25,5.9,3.29,Bearing Degradation
5299.2,107.0,3.61,1.86,3.51,Overheating
4650.8,85.0,3.71,2.1,3.43,Performance Degradation
5171.6,113.1,3.42,1.93,3.61,Overheating
4618.1,84.7,3.93,2.07,3.55,Performance Degradation
4615.7,82.8,3.87,2.08,3.68,Performance Degradation
5237.7,106.6,3.54,1.79,3.42,Overheating
5283.3,107.1,3.59,1.91,3.35,Overheating
4821.9,84.3,4.03,1.95,3.72,Performance Degradation
4865.1,96.5,2.2,2.4,2.89,Low Oil Pressure
4723.3,83.9,3.88,1.94,3.72,Performance Degradation
4700.3,84.3,3.45,3.7,2.96,Bearing Degradation
5187.7,76.4,4.46,1.42,2.54,Normal
4723.9,80.4,4.03,2.24,3.81,Performance Degradation
5212.5,109.1,3.67,1.9,3.41,Overheating
5211.0,78.8,4.32,1.19,2.7,Normal
4599.2,85.2,3.91,2.01,3.54,Performance Degradation
5241.4,74.0,4.21,1.1,2.71,Normal
4818.2,96.7,2.26,2.57,2.84,Low Oil Pressure
4706.9,91.7,3.43,4.8,3.17,Bearing Degradation
4772.9,91.3,2.37,2.3,3.17,Low Oil Pressure
4615.1,84.6,4.01,2.37,3.71,Performance Degradation
4686.0,89.7,3.01,5.76,2.78,Bearing Degradation
4568.0,81.1,3.74,1.88,3.47,Performance Degradation
5082.1,76.8,4.26,1.4,2.53,Normal
4850.0,80.4,4.25,1.97,3.72,Performance Degradation
4636.5,83.5,3.79,2.24,3.6,Performance Degradation
5331.1,107.9,3.46,1.84,3.44,Overheating
5230.2,105.8,3.69,2.0,3.43,Overheating
5244.6,76.1,4.27,1.14,2.77,Normal
4637.6,89.2,3.23,5.53,3.34,Bearing Degradation
4913.2,89.1,2.42,2.62,2.95,Low Oil Pressure
5224.1,80.2,4.27,1.25,2.78,Normal
4713.8,86.6,3.8,1.97,3.76,Performance Degradation
4609.3,82.8,3.81,2.03,3.84,Performance Degradation
5294.3,106.6,3.59,1.75,3.3,Overheating
5178.8,106.9,3.45,1.76,3.45,Overheating
5223.9,109.5,3.58,1.9,3.45,Overheating
5256.6,108.6,3.32,1.8,3.36,Overheating
4629.9,88.1,3.26,4.19,2.94,Bearing Degradation
4754.6,89.9,3.27,5.34,3.23,Bearing Degradation
4549.2,85.3,3.96,2.17,3.68,Performance Degradation
5262.3,107.5,3.68,1.86,3.36,Overheating
5281.1,108.6,3.42,1.87,3.43,Overheating
5270.3,78.2,4.15,1.24,2.84,Normal
4538.9,83.8,3.71,1.93,3.47,Performance Degradation
4706.3,83.6,3.69,2.19,3.81,Performance Degradation
4767.0,93.1,2.12,2.82,2.82,Low Oil Pressure
5186.1,79.1,4.31,1.29,2.68,Normal
5180.4,77.8,4.27,1.1,2.73,Normal
5216.5,77.9,4.15,1.23,2.86,Normal
4689.2,83.3,3.96,2.41,3.62,Performance Degradation
4496.1,91.2,3.18,5.55,3.22,Bearing Degradation
4650.5,80.8,3.78,1.77,3.7,Performance Degradation
4684.6,91.1,3.24,5.72,3.07,Bearing Degradation
5272.1,105.1,3.61,1.52,3.3,Overheating
4808.8,90.7,2.33,2.63,2.84,Low Oil Pressure
4732.3,90.0,2.65,2.36,2.85,Low Oil Pressure
4732.7,84.2,4.04,2.44,3.99,Performance Degradation
4703.5,95.0,3.06,5.06,2.87,Bearing Degradation
5248.9,81.5,4.22,1.07,2.72,Normal
5208.2,96.8,3.79,1.76,3.23,Overheating
5286.3,100.4,3.7,1.61,3.26,Overheating
4524.1,92.7,3.03,4.78,3.41,Bearing Degradation
5223.3,110.8,3.45,1.86,3.45,Overheating
4581.8,88.5,3.43,6.62,2.91,Bearing Degradation
4867.0,91.7,2.35,2.6,3.09,Low Oil Pressure
5195.5,77.6,4.23,1.32,2.73,Normal
5303.5,77.9,4.22,1.1,2.72,Normal
4450.0,88.1,3.25,5.35,3.21,Bearing Degradation
4921.8,100.0,2.15,2.46,2.95,Low Oil Pressure
4592.8,84.5,3.88,2.02,3.63,Performance Degradation
4768.7,86.5,3.21,4.75,3.01,Bearing Degradation
4679.6,89.1,3.61,5.14,3.07,Bearing Degradation
5208.4,96.8,3.69,1.4,3.22,Overheating
4927.8,86.2,3.43,4.09,2.98,Bearing Degradation
4786.6,79.6,3.69,2.02,3.78,Performance Degradation
4612.8,82.5,4.2,2.26,3.74,Performance Degradation
5220.6,108.7,3.49,1.95,3.51,Overheating
5317.6,101.4,3.65,1.64,3.39,Overheating
4702.8,91.8,2.28,2.41,3.13,Low Oil Pressure
4905.2,94.8,2.14,2.67,2.65,Low Oil Pressure
4895.3,95.6,2.12,2.74,2.98,Low Oil Pressure
5278.6,106.0,3.38,1.6,3.54,Overheating
5237.6,104.4,3.61,1.73,3.26,Overheating
4856.3,91.6,2.35,2.44,3.13,Low Oil Pressure
4699.7,79.9,3.74,2.02,3.9,Performance Degradation
4814.4,90.8,3.25,5.23,3.44,Bearing Degradation
5154.8,81.1,4.36,1.06,2.66,Normal
5308.3,102.4,3.71,1.65,3.35,Overheating
4966.7,96.2,2.13,2.56,2.71,Low Oil Pressure
5246.4,75.3,4.2,1.24,2.66,Normal
5277.7,101.2,3.73,1.8,3.32,Overheating
4791.5,90.8,2.44,2.22,3.04,Low Oil Pressure
5183.2,72.8,4.35,1.24,2.67,Normal
4656.8,87.8,3.11,5.24,3.03,Bearing Degradation
4644.3,86.7,3.84,2.05,3.6,Performance Degradation
5339.6,100.6,3.62,1.71,3.17,Overheating
4850.4,90.4,2.08,2.48,2.92,Low Oil Pressure
4728.9,88.6,3.01,4.63,3.13,Bearing Degradation
4708.0,87.4,3.31,4.85,3.06,Bearing Degradation
4637.5,80.2,3.86,2.24,3.64,Performance Degradation
4735.5,89.8,3.52,5.1,3.17,Bearing Degradation
4913.6,88.2,2.63,2.45,3.08,Low Oil Pressure
4657.6,90.2,3.25,4.77,3.2,Bearing Degradation
5171.8,77.0,4.4,1.4,2.7,Normal
5278.9,104.8,3.65,1.82,3.45,Overheating
4637.8,79.7,4.07,1.99,3.84,Performance Degradation
4883.2,93.0,2.04,2.67,3.08,Low Oil Pressure
4776.5,84.6,3.8,2.34,3.72,Performance Degradation
4602.0,84.7,3.28,6.11,3.12,Bearing Degradation
5190.4,108.4,3.49,1.95,3.34,Overheating
5309.9,100.3,3.77,1.63,3.27,Overheating
4764.4,85.7,3.87,2.43,3.73,Performance Degradation
5215.8,79.6,4.43,1.34,2.6,Normal
4683.8,86.5,3.76,1.81,3.86,Performance Degradation
5219.4,99.0,3.66,1.68,3.21,Overheating
5259.2,78.0,4.39,1.04,2.66,Normal
4794.7,90.3,3.33,5.41,2.93,Bearing Degradation
4826.3,91.1,2.48,2.28,2.9,Low Oil Pressure
4521.4,85.9,3.1,5.18,3.08,Bearing Degradation
4503.5,84.8,3.64,1.69,3.68,Performance Degradation
5188.1,107.8,3.56,1.87,3.54,Overheating
4595.4,88.9,3.21,4.59,3.24,Bearing Degradation
5232.0,79.5,4.16,0.99,2.86,Normal
5289.1,95.5,3.79,1.81,3.22,Overheating
4699.9,89.2,3.18,5.7,3.03,Bearing Degradation
5169.6,78.7,4.21,1.13,2.67,Normal
4613.2,83.1,3.82,2.0,3.63,Performance Degradation
5317.7,96.3,3.85,1.51,3.36,Overheating
4724.1,89.5,3.26,5.03,3.09,Bearing Degradation
4620.3,87.2,4.05,2.02,3.42,Performance Degradation
4859.8,93.1,2.35,2.6,2.85,Low Oil Pressure
4756.1,85.4,3.06,4.91,2.77,Bearing Degradation
5274.4,103.1,3.67,1.73,3.36,Overheating
4770.2,92.0,3.32,4.9,3.2,Bearing Degradation
5236.0,74.6,4.35,1.35,2.81,Normal
5201.8,76.6,4.38,1.22,2.56,Normal
4748.3,86.3,3.34,4.92,3.27,Bearing Degradation
4821.7,96.3,2.38,2.61,2.77,Low Oil Pressure
5221.0,96.6,3.83,1.61,3.14,Overheating
4891.1,91.0,2.42,2.48,2.96,Low Oil Pressure
4670.6,85.7,3.82,2.3,3.77,Performance Degradation
4789.6,81.9,3.69,2.37,3.34,Performance Degradation
4649.5,82.8,3.66,2.19,3.62,Performance Degradation
4756.3,83.1,3.78,1.96,3.95,Performance Degradation
4870.5,95.7,2.38,2.26,2.83,Low Oil Pressure
5248.6,76.1,4.29,1.3,2.65,Normal
5161.3,80.0,4.32,1.09,2.75,Normal
4677.1,85.4,4.04,1.97,3.88,Performance Degradation
4822.9,94.6,1.84,2.82,3.08,Low Oil Pressure
4621.0,90.5,3.24,4.96,2.88,Bearing Degradation
4963.8,92.8,2.18,2.52,2.8,Low Oil Pressure
5261.2,103.4,3.62,1.71,3.44,Overheating
4711.0,86.8,3.83,2.21,3.56,Performance Degradation
4870.2,93.3,2.08,2.75,3.02,Low Oil Pressure
5450.0,104.2,3.69,1.83,3.25,Overheating
4637.2,85.4,3.5,4.53,3.25,Bearing Degradation
4708.5,92.2,2.38,2.52,2.88,Low Oil Pressure
4715.0,85.6,3.23,5.46,3.27,Bearing Degradation
4733.9,86.6,3.43,5.23,3.31,Bearing Degradation
5245.0,77.3,4.16,1.08,2.65,Normal
4789.7,84.5,3.84,2.05,3.41,Performance Degradation
5282.7,108.1,3.52,1.61,3.43,Overheating
5298.1,102.3,3.59,1.74,3.53,Overheating
5219.3,75.8,4.13,1.13,2.68,Normal
5211.9,102.7,3.63,1.77,3.26,Overheating
5250.6,110.3,3.46,1.67,3.63,Overheating
4743.4,84.5,3.9,2.1,3.96,Performance Degradation
5192.8,78.5,4.33,1.09,2.71,Normal
5311.0,101.6,3.71,1.95,3.26,Overheating
5259.6,99.2,3.73,1.5,3.4,Overheating
4764.3,91.2,2.19,2.27,2.87,Low Oil Pressure
4791.0,83.8,3.91,1.97,3.45,Performance Degradation
4737.7,90.2,3.11,5.44,2.84,Bearing Degradation
4863.5,91.9,2.57,2.54,2.79,Low Oil Pressure
4742.6,81.9,4.16,2.03,3.72,Performance Degradation
4807.1,84.7,3.82,2.02,3.78,Performance Degradation
5155.4,75.6,4.21,1.34,2.77,Normal
4762.2,85.5,3.38,4.42,3.14,Bearing Degradation
5142.7,104.1,3.6,1.74,3.29,Overheating
4769.9,86.8,3.24,5.27,3.12,Bearing Degradation
4902.1,94.3,2.09,2.83,2.85,Low Oil Pressure
5317.9,106.8,3.64,1.93,3.25,Overheating
5176.5,77.9,4.38,1.2,2.73,Normal
4803.9,93.2,2.52,2.21,2.9,Low Oil Pressure
5199.8,74.7,4.36,1.05,2.68,Normal
4869.9,89.9,2.27,2.53,2.84,Low Oil Pressure
5190.8,102.4,3.76,1.82,3.36,Overheating
4659.8,83.6,3.86,2.16,3.55,Performance Degradation
5210.4,80.2,4.3,1.21,2.73,Normal
5246.4,81.7,4.33,1.03,2.73,Normal
4803.5,87.8,2.62,2.28,2.78,Low Oil Pressure
4673.2,86.9,3.33,5.55,3.04,Bearing Degradation
5279.3,107.0,3.59,1.94,3.23,Overheating
5142.5,76.1,4.33,1.13,2.68,Normal
4856.2,89.4,2.62,2.47,3.03,Low Oil Pressure
5182.8,98.4,3.74,1.63,3.03,Overheating
5182.4,80.1,4.42,1.21,2.7,Normal
4670.1,90.1,3.29,5.23,3.15,Bearing Degradation
5362.6,105.4,3.58,1.82,3.34,Overheating
5246.3,107.1,3.4,1.91,3.46,Overheating
5259.2,104.0,3.56,1.79,3.28,Overheating
4627.9,81.6,3.71,2.06,3.66,Performance Degradation
5237.8,103.8,3.6,1.75,3.42,Overheating
4818.5,87.3,2.56,2.32,2.95,Low Oil Pressure
4856.8,91.7,2.21,2.53,2.8,Low Oil Pressure
4584.0,80.4,3.68,2.26,3.88,Performance Degradation
4816.6,96.0,2.06,2.64,2.86,Low Oil Pressure
4953.6,91.2,2.37,2.26,2.86,Low Oil Pressure
5125.2,76.5,4.24,1.08,2.7,Normal
4615.3,90.7,3.26,4.73,3.32,Bearing Degradation
5358.7,106.0,3.72,1.92,3.48,Overheating
5320.6,107.3,3.52,1.54,3.36,Overheating
4593.6,88.7,3.1,6.13,2.88,Bearing Degradation
5253.2,101.3,3.68,1.74,3.2,Overheating
5189.1,80.4,4.32,1.04,2.72,Normal
5249.7,77.0,4.16,1.15,2.52,Normal
5351.5,105.0,3.71,1.8,3.33,Overheating
5203.0,75.3,4.08,1.17,2.66,Normal
5206.0,77.6,4.36,1.25,2.61,Normal
4783.9,85.0,3.98,2.09,3.63,Performance Degradation
4613.1,91.4,3.43,5.93,3.12,Bearing Degradation
4624.1,91.1,3.27,5.71,2.85,Bearing Degradation
4595.3,90.0,3.22,6.16,3.06,Bearing Degradation
4737.4,85.3,2.33,2.42,2.78,Low Oil Pressure
4659.6,89.5,3.39,4.09,3.04,Bearing Degradation
4729.8,85.7,4.11,2.25,3.34,Performance Degradation
5205.5,78.4,4.31,1.3,2.66,Normal
4651.2,89.3,3.55,5.76,3.34,Bearing Degradation
4572.9,81.5,3.86,2.26,3.95,Performance Degradation
5226.7,77.2,4.4,1.39,2.63,Normal
4543.7,89.1,3.36,4.48,3.02,Bearing Degradation
5330.0,95.5,3.85,1.41,3.03,Overheating
5160.3,77.4,4.18,1.1,2.64,Normal
4656.6,82.5,3.27,5.4,3.05,Bearing Degradation
5210.5,78.5,4.38,0.97,2.81,Normal
5284.3,109.8,3.45,1.74,3.5,Overheating
5263.2,98.6,3.85,1.69,3.16,Overheating
5294.9,101.2,3.81,1.77,3.25,Overheating
4618.4,86.2,3.12,6.34,2.91,Bearing Degradation
4524.1,93.1,3.57,4.7,3.22,Bearing Degradation
4505.9,91.4,3.24,6.33,3.14,Bearing Degradation
4875.1,90.6,2.31,2.66,2.96,Low Oil Pressure
4875.7,88.3,2.55,2.39,2.86,Low Oil Pressure
4752.3,89.8,2.47,2.37,2.86,Low Oil Pressure
5267.6,99.6,3.77,1.61,3.17,Overheating
5149.6,78.6,4.28,1.09,2.67,Normal
5234.1,74.2,4.28,1.05,2.67,Normal
4451.5,84.1,3.27,4.9,3.06,Bearing Degradation
4941.9,94.3,1.98,2.74,2.85,Low Oil Pressure
5186.5,80.4,4.1,1.09,2.79,Normal
4843.4,94.3,2.24,2.62,2.88,Low Oil Pressure
5201.3,102.0,3.67,1.78,3.3,Overheating
4778.1,82.0,3.19,4.84,2.89,Bearing Degradation
4582.6,86.8,4.13,2.14,3.91,Performance Degradation
4804.9,90.2,2.57,2.18,3.0,Low Oil Pressure
4553.9,83.4,3.8,2.56,3.85,Performance Degradation
4733.2,83.7,3.83,2.16,3.56,Performance Degradation
4732.8,86.6,3.2,5.28,3.19,Bearing Degradation
4642.8,88.5,3.22,5.81,3.04,Bearing Degradation
5279.2,106.9,3.6,1.97,3.48,Overheating
4546.2,93.0,3.35,4.51,2.82,Bearing Degradation
5265.2,103.0,3.75,1.85,3.27,Overheating
4513.9,84.5,3.96,2.02,3.5,Performance Degradation
5346.3,100.0,3.72,1.58,3.2,Overheating
4722.1,82.2,3.13,5.14,3.33,Bearing Degradation
5305.1,99.5,3.85,1.74,3.19,Overheating
4481.2,82.9,3.75,1.73,3.47,Performance Degradation
5146.3,79.2,4.47,1.29,2.78,Normal
5228.5,79.5,4.18,1.32,2.76,Normal
5178.3,79.6,4.34,1.24,2.77,Normal
4845.7,94.1,2.04,2.62,2.8,Low Oil Pressure
5224.6,101.3,3.61,1.49,3.58,Overheating
5215.8,73.9,4.39,1.12,2.8,Normal
5240.0,100.0,3.84,1.86,3.32,Overheating
4647.6,86.1,3.88,2.21,3.69,Performance Degradation
5219.7,75.9,4.13,1.3,2.81,Normal
4675.4,84.3,3.94,2.09,3.82,Performance Degradation
5251.7,79.8,4.28,1.25,2.65,Normal
4666.1,91.1,3.15,4.93,3.23,Bearing Degradation
5238.3,105.6,3.67,1.77,3.4,Overheating
4550.1,87.3,3.85,1.94,3.39,Performance Degradation
5277.0,107.3,3.65,1.91,3.47,Overheating
4833.3,96.5,2.34,2.65,2.89,Low Oil Pressure
5158.3,78.9,4.4,1.37,2.66,Normal
4757.2,85.1,3.85,1.99,3.32,Performance Degradation
4706.5,85.0,4.04,2.05,3.66,Performance Degradation
5243.7,108.9,3.42,2.03,3.46,Overheating
5208.0,106.1,3.54,1.86,3.43,Overheating
4846.6,89.5,2.17,2.86,2.83,Low Oil Pressure
4661.7,86.5,3.5,4.78,2.93,Bearing Degradation
5172.1,79.1,4.11,1.15,2.66,Normal
5195.6,80.4,4.32,1.22,2.74,Normal
4734.4,97.3,1.86,2.71,3.04,Low Oil Pressure
4622.1,85.4,3.73,1.67,3.95,Performance Degradation
4882.5,92.0,2.46,2.5,2.91,Low Oil Pressure
4646.7,87.8,3.13,3.75,3.23,Bearing Degradation
5178.8,76.7,4.16,1.26,2.77,Normal
4694.5,83.4,4.1,1.86,3.82,Performance Degradation
4869.7,89.6,2.38,2.26,3.04,Low Oil Pressure
4715.6,84.8,3.88,1.84,3.31,Performance Degradation
5213.0,76.8,4.08,1.21,2.67,Normal
4871.5,86.4,3.32,4.39,3.24,Bearing Degradation
4526.4,86.4,3.27,5.73,2.8,Bearing Degradation
5182.5,98.7,3.77,1.54,3.22,Overheating
5147.4,76.0,4.11,1.1,2.73,Normal
4535.5,83.0,3.73,1.95,3.82,Performance Degradation
4583.1,86.2,2.81,4.99,3.02,Bearing Degradation
4727.1,82.3,4.03,2.53,3.35,Performance Degradation
4502.8,87.4,3.94,2.16,3.57,Performance Degradation
4935.0,95.8,2.51,2.29,3.05,Low Oil Pressure
5189.5,78.4,4.36,1.3,2.75,Normal
4698.5,85.0,3.03,6.45,2.99,Bearing Degradation
4780.9,84.5,3.93,2.25,3.79,Performance Degradation
4677.2,90.0,3.4,4.78,3.45,Bearing Degradation
5121.7,76.9,4.17,1.21,2.64,Normal
5206.0,103.7,3.52,1.6,3.56,Overheating
4664.6,82.6,4.11,2.0,3.26,Performance Degradation
5315.2,104.5,3.73,1.86,3.22,Overheating
5242.6,108.5,3.56,1.96,3.37,Overheating
4763.6,94.0,1.94,2.69,3.07,Low Oil Pressure
4872.6,93.5,2.17,2.7,2.92,Low Oil Pressure
4496.7,91.8,3.19,5.71,3.24,Bearing Degradation
5157.1,76.4,4.32,1.11,2.82,Normal
5186.4,78.3,4.28,1.2,2.6,Normal
4582.7,84.0,3.91,2.3,3.79,Performance Degradation
5285.8,103.7,3.59,1.72,3.42,Overheating
4574.4,84.1,3.75,2.33,3.27,Performance Degradation
5233.4,78.0,4.35,1.29,2.63,Normal
4591.6,87.0,3.41,5.34,3.08,Bearing Degradation
5321.7,98.5,3.7,1.55,3.22,Overheating
5287.5,102.8,3.54,1.82,3.12,Overheating
4864.8,93.4,2.15,2.63,2.92,Low Oil Pressure
5005.0,90.9,2.48,2.19,3.11,Low Oil Pressure
4716.7,89.3,2.25,2.68,2.9,Low Oil Pressure
4714.1,90.2,3.19,5.13,3.06,Bearing Degradation
4848.4,94.7,2.51,2.49,3.06,Low Oil Pressure
5202.1,74.1,4.24,1.18,2.54,Normal
4536.3,84.1,3.93,1.76,3.51,Performance Degradation
4782.4,91.6,2.17,2.63,2.89,Low Oil Pressure
4841.2,92.5,2.28,2.51,3.06,Low Oil Pressure
5279.2,97.6,3.82,1.56,3.22,Overheating
4737.3,94.8,2.3,2.41,2.84,Low Oil Pressure
4700.8,91.8,3.24,4.52,3.31,Bearing Degradation
5298.6,79.1,4.19,1.11,2.77,Normal
4793.2,91.3,2.21,2.26,2.77,Low Oil Pressure
4864.9,88.7,2.55,2.38,2.97,Low Oil Pressure
5241.4,81.4,4.31,1.1,2.64,Normal
5250.6,79.0,4.47,1.08,2.83,Normal
4503.0,83.6,3.89,2.3,3.65,Performance Degradation
4602.8,81.2,3.89,2.25,3.4,Performance Degradation
4729.1,89.3,3.57,4.97,3.33,Bearing Degradation
4578.7,87.8,4.12,2.12,3.52,Performance Degradation
5336.5,106.0,3.39,1.81,3.41,Overheating
4547.0,82.3,4.01,2.38,3.86,Performance Degradation
4770.6,87.9,2.39,2.62,2.99,Low Oil Pressure
4560.4,86.5,3.79,2.15,3.56,Performance Degradation
4743.2,87.8,2.17,2.62,2.84,Low Oil Pressure
5289.9,102.9,3.71,1.71,3.35,Overheating
4740.8,86.1,4.07,2.17,3.69,Performance Degradation
4545.3,79.8,3.77,1.99,3.96,Performance Degradation
4702.7,89.8,3.24,5.34,3.15,Bearing Degradation
4873.9,93.4,2.25,2.52,2.99,Low Oil Pressure
5235.1,102.8,3.65,1.69,3.29,Overheating
5179.9,78.2,4.44,1.41,2.56,Normal
5191.6,78.5,4.24,0.98,2.74,Normal
4650.2,91.2,3.25,4.79,3.11,Bearing Degradation
4706.8,88.5,3.62,5.2,3.11,Bearing Degradation
4620.9,89.4,3.25,6.36,3.24,Bearing Degradation
4864.4,91.1,2.34,2.46,2.86,Low Oil Pressure
5231.1,76.7,4.24,1.37,2.77,Normal
5236.6,104.4,3.59,1.78,3.44,Overheating
4641.8,85.2,3.91,2.41,3.85,Performance Degradation
4718.8,85.2,3.51,2.25,3.45,Performance Degradation
5241.9,76.4,4.32,1.38,2.74,Normal
5142.0,75.9,4.1,1.15,2.74,Normal
5233.6,77.2,4.2,1.32,2.64,Normal
4581.0,87.5,3.36,4.86,2.77,Bearing Degradation
5304.4,80.3,4.15,1.07,2.67,Normal
4520.0,91.2,3.39,4.36,3.39,Bearing Degradation
5340.7,107.3,3.58,1.87,3.59,Overheating
4757.8,91.8,3.43,4.72,3.1,Bearing Degradation
5315.5,99.0,3.75,1.83,3.29,Overheating
4852.3,90.3,2.34,2.33,2.94,Low Oil Pressure
4569.0,90.1,3.06,4.77,3.15,Bearing Degradation
4605.2,83.9,3.78,2.12,3.51,Performance Degradation
4860.1,90.7,2.62,1.8,2.89,Low Oil Pressure
4866.9,88.7,2.48,2.47,2.96,Low Oil Pressure
5433.3,108.8,3.51,1.69,3.52,Overheating
5227.4,103.4,3.65,1.76,3.33,Overheating
5225.7,77.4,4.51,1.3,2.62,Normal
4870.8,92.1,2.29,2.63,2.8,Low Oil Pressure
4842.1,94.1,2.25,2.75,2.97,Low Oil Pressure
4976.3,93.4,2.35,2.2,2.8,Low Oil Pressure
5267.2,107.8,3.57,1.78,3.46,Overheating
4638.3,79.8,3.9,2.21,3.99,Performance Degradation
4687.2,87.8,3.47,6.08,3.24,Bearing Degradation
4669.6,83.1,4.01,2.05,3.49,Performance Degradation
4817.9,92.8,2.28,2.7,3.1,Low Oil Pressure
4803.9,85.1,2.59,2.0,3.09,Low Oil Pressure
4936.6,94.1,1.88,2.84,3.09,Low Oil Pressure
5106.7,79.2,4.14,1.12,2.83,Normal
4750.7,87.8,3.19,4.54,3.02,Bearing Degradation
5188.5,79.7,4.24,1.05,2.62,Normal
5256.8,106.3,3.6,1.96,3.37,Overheating
5219.1,77.7,4.22,1.0,2.67,Normal
4788.8,87.2,3.78,2.06,3.7,Performance Degradation
4690.3,83.3,3.72,1.96,3.65,Performance Degradation
4868.6,90.4,2.24,2.14,2.84,Low Oil Pressure
4880.7,92.4,2.49,2.35,2.97,Low Oil Pressure
4822.4,89.8,2.46,2.18,2.92,Low Oil Pressure
4880.6,93.5,2.45,2.42,2.82,Low Oil Pressure
4831.5,93.9,2.07,2.41,3.06,Low Oil Pressure
4901.0,90.8,2.65,2.41,2.85,Low Oil Pressure
5174.1,79.3,4.17,1.3,2.78,Normal
4936.9,96.1,2.16,2.73,2.94,Low Oil Pressure
5129.3,80.7,4.28,1.21,2.75,Normal
5294.3,105.5,3.65,1.87,3.56,Overheating
4979.3,93.0,2.43,2.38,2.85,Low Oil Pressure
4514.5,86.2,3.36,5.32,3.26,Bearing Degradation
4809.5,84.0,3.24,4.0,3.23,Bearing Degradation
4775.2,92.0,1.93,2.92,2.9,Low Oil Pressure
4572.7,85.7,3.28,4.88,3.08,Bearing Degradation
4608.3,85.4,3.42,4.48,3.16,Bearing Degradation
5200.4,101.8,3.63,1.7,3.31,Overheating
5261.1,102.5,3.7,1.82,3.29,Overheating
4754.1,89.0,3.21,4.9,3.19,Bearing Degradation
5184.6,99.8,3.82,1.5,3.08,Overheating
4817.8,95.0,2.32,2.48,2.99,Low Oil Pressure
5185.5,81.1,4.33,1.13,2.75,Normal
4804.0,91.7,2.18,2.41,3.09,Low Oil Pressure
4591.6,86.8,2.89,6.06,3.1,Bearing Degradation
5270.0,98.6,3.78,1.65,3.15,Overheating
4789.6,92.1,2.19,2.6,2.99,Low Oil Pressure
5379.4,109.2,3.53,1.59,3.6,Overheating
4724.2,89.9,3.37,4.93,3.31,Bearing Degradation
4677.5,84.7,3.34,6.19,3.06,Bearing Degradation
4669.8,86.2,2.9,3.89,3.12,Bearing Degradation
4868.5,88.8,2.49,2.24,2.81,Low Oil Pressure
4531.0,91.6,3.3,6.01,2.82,Bearing Degradation
5254.8,74.9,4.27,1.29,2.68,Normal
4847.7,92.8,2.14,2.66,2.91,Low Oil Pressure
4790.8,96.0,2.13,2.41,2.79,Low Oil Pressure
4728.0,87.9,3.72,2.18,3.57,Performance Degradation
4845.4,92.6,2.32,2.75,2.87,Low Oil Pressure
4640.6,84.2,3.86,2.1,3.86,Performance Degradation
4921.7,92.2,2.49,2.31,2.93,Low Oil Pressure
4520.4,88.9,3.04,5.06,3.19,Bearing Degradation
4539.6,87.1,3.44,5.99,3.06,Bearing Degradation
4786.1,93.6,2.23,2.42,2.76,Low Oil Pressure
5110.3,79.3,4.25,1.33,2.67,Normal
5268.6,100.0,3.59,1.44,3.42,Overheating
5300.5,102.9,3.79,1.67,3.52,Overheating
4695.0,95.0,3.01,4.9,3.06,Bearing Degradation
4800.5,90.5,2.32,2.55,2.93,Low Oil Pressure
4673.4,91.2,3.15,4.99,3.02,Bearing Degradation
4806.9,92.4,2.23,2.63,2.7,Low Oil Pressure
4670.7,81.2,3.84,1.95,3.71,Performance Degradation
4781.8,82.3,3.5,2.52,3.39,Performance Degradation
5180.7,79.1,4.4,1.45,2.61,Normal
4577.1,91.0,3.31,4.89,3.1,Bearing Degradation
5231.8,77.6,4.3,1.2,2.67,Normal
4712.0,88.1,3.99,2.15,3.65,Performance Degradation
5218.2,79.8,4.29,1.32,2.75,Normal
4867.2,91.4,2.04,2.6,2.92,Low Oil Pressure
5288.1,108.8,3.47,1.89,3.36,Overheating
4606.5,85.9,3.49,4.4,3.01,Bearing Degradation
4657.1,87.4,3.23,5.67,3.27,Bearing Degradation
4646.4,93.2,3.41,4.98,2.96,Bearing Degradation
4881.4,89.8,2.64,2.07,3.15,Low Oil Pressure
5205.1,79.3,4.54,1.33,2.75,Normal
4671.0,86.5,4.09,2.08,3.8,Performance Degradation
5326.0,107.1,3.48,1.92,3.41,Overheating
4690.7,91.2,3.37,4.29,3.03,Bearing Degradation
4954.9,95.3,2.16,2.56,2.86,Low Oil Pressure
4867.5,93.5,2.41,2.34,2.93,Low Oil Pressure
4643.3,83.9,3.41,5.28,3.11,Bearing Degradation
4610.1,87.9,3.29,6.48,3.17,Bearing Degradation
4659.9,84.1,4.08,1.99,3.62,Performance Degradation
4902.9,93.6,2.38,2.61,2.83,Low Oil Pressure
4832.8,91.0,2.0,2.67,2.96,Low Oil Pressure
5193.8,81.4,4.3,1.13,2.73,Normal
4665.6,88.2,3.14,5.59,3.32,Bearing Degradation
5334.6,101.9,3.66,1.83,3.33,Overheating
4721.6,82.3,4.14,1.85,3.48,Performance Degradation
5179.7,81.3,4.29,1.26,2.81,Normal
5165.8,78.1,4.24,1.25,2.71,Normal
4660.5,84.1,4.07,2.22,3.65,Performance Degradation
4602.0,87.0,3.89,2.11,3.35,Performance Degradation
5246.3,79.5,4.33,1.28,2.64,Normal
4692.8,86.7,3.63,2.29,3.58,Performance Degradation
4769.2,88.9,3.34,5.71,3.13,Bearing Degradation
4833.1,87.2,3.99,2.17,3.36,Performance Degradation
4885.0,88.5,2.11,2.33,2.81,Low Oil Pressure
5237.7,105.3,3.55,1.78,3.46,Overheating
4674.7,86.9,3.28,4.97,3.26,Bearing Degradation
4800.6,94.5,2.28,2.51,2.88,Low Oil Pressure
4661.7,85.2,3.89,1.65,3.61,Performance Degradation
5314.0,104.9,3.69,1.75,3.42,Overheating
5208.9,80.1,4.25,1.25,2.62,Normal
4701.9,92.2,3.08,5.74,3.15,Bearing Degradation
4792.9,91.1,2.46,2.35,2.89,Low Oil Pressure
4779.4,89.9,2.49,2.16,2.93,Low Oil Pressure
4550.3,84.0,3.79,1.99,3.51,Performance Degradation
5276.3,106.3,3.63,1.74,3.44,Overheating
5224.4,79.9,4.36,1.1,2.78,Normal
5198.5,76.1,4.18,1.17,2.62,Normal
4857.7,84.0,3.38,4.39,3.25,Bearing Degradation
5178.2,78.7,4.4,0.94,2.81,Normal
4863.2,95.4,2.16,2.67,2.8,Low Oil Pressure
4649.9,92.2,3.39,4.96,2.9,Bearing Degradation
5301.1,107.1,3.51,2.01,3.63,Overheating
4824.4,90.5,2.39,2.7,2.95,Low Oil Pressure
5251.7,80.7,4.4,1.28,2.59,Normal
5253.8,78.2,4.34,0.96,2.61,Normal
5265.2,105.3,3.55,1.79,3.28,Overheating
4694.1,91.8,1.94,2.52,2.84,Low Oil Pressure
4924.2,91.3,2.65,1.8,2.9,Low Oil Pressure
4758.8,88.2,3.0,5.26,3.16,Bearing Degradation
4840.9,92.8,2.49,2.44,2.93,Low Oil Pressure
4865.7,88.4,2.61,2.33,2.84,Low Oil Pressure
4836.2,93.2,2.19,2.62,3.04,Low Oil Pressure
5235.1,102.0,3.58,1.83,3.3,Overheating
4602.2,87.6,3.0,5.05,2.93,Bearing Degradation
4638.8,83.6,3.17,5.7,3.33,Bearing Degradation
5174.0,78.1,4.38,1.08,2.75,Normal
4912.2,88.5,2.65,2.14,2.75,Low Oil Pressure
5269.2,104.7,3.61,1.79,3.3,Overheating
5186.0,112.8,3.45,2.05,3.61,Overheating
4892.6,90.9,2.12,2.32,2.85,Low Oil Pressure
4641.4,80.4,3.82,2.37,3.64,Performance Degradation
4600.7,90.6,3.19,5.44,3.13,Bearing Degradation
5267.7,75.5,4.47,1.17,2.65,Normal
4802.4,90.3,2.65,2.27,3.24,Low Oil Pressure
4733.3,85.6,4.09,2.16,3.94,Performance Degradation
4574.7,87.8,3.02,4.63,3.13,Bearing Degradation
5234.2,78.2,4.42,1.34,2.71,Normal
4765.8,95.9,2.31,2.49,2.92,Low Oil Pressure
4436.2,85.6,4.05,1.78,3.69,Performance Degradation
4507.6,86.2,3.69,2.07,3.62,Performance Degradation
5227.7,110.7,3.51,1.99,3.59,Overheating
5224.4,106.6,3.51,1.84,3.44,Overheating
4723.9,84.0,3.76,1.92,3.85,Performance Degradation
5309.6,107.5,3.43,1.8,3.72,Overheating
4586.7,84.6,3.72,1.74,3.64,Performance Degradation
4709.5,93.7,3.35,5.33,2.91,Bearing Degradation
5246.4,105.0,3.69,1.87,3.27,Overheating
5275.3,76.2,4.26,1.19,2.63,Normal
4957.1,90.8,2.38,2.25,2.76,Low Oil Pressure
4566.9,84.9,2.8,6.42,2.86,Bearing Degradation
4626.1,89.0,3.0,4.95,3.22,Bearing Degradation
4533.4,90.7,3.47,5.13,2.96,Bearing Degradation
5146.3,80.6,4.36,1.24,2.75,Normal
4863.2,92.0,2.16,2.52,3.12,Low Oil Pressure
4645.9,85.6,3.68,1.93,3.72,Performance Degradation
5205.8,102.5,3.84,2.01,3.44,Overheating
5221.3,79.2,4.43,1.2,2.85,Normal
4640.4,87.0,3.24,5.94,2.98,Bearing Degradation
5270.4,81.2,4.17,1.19,2.62,Normal
5183.7,75.2,4.3,1.27,2.65,Normal
4908.1,94.6,1.89,2.84,3.06,Low Oil Pressure
5120.4,81.7,4.23,1.27,2.8,Normal
5186.7,79.5,4.34,1.2,2.65,Normal
5170.7,75.8,4.28,1.33,2.59,Normal
4909.6,92.3,2.09,2.67,2.84,Low Oil Pressure
5308.4,100.0,3.82,1.79,3.33,Overheating
4850.0,81.4,3.94,2.2,3.65,Performance Degradation
4699.4,82.8,4.12,2.08,3.6,Performance Degradation
4773.2,88.9,2.55,2.24,2.75,Low Oil Pressure
4652.3,83.8,3.91,1.6,3.39,Performance Degradation
5304.6,104.6,3.5,1.86,3.39,Overheating
4700.4,88.5,3.45,5.44,3.11,Bearing Degradation
4699.3,87.4,3.12,4.95,3.38,Bearing Degradation
4485.2,90.0,3.41,4.65,3.07,Bearing Degradation
4543.8,83.0,4.01,2.19,3.61,Performance Degradation
4758.8,84.9,3.65,2.02,3.69,Performance Degradation
4599.7,91.1,3.16,5.56,3.21,Bearing Degradation
4524.9,93.3,3.48,5.54,2.84,Bearing Degradation
5128.2,103.8,3.69,1.9,3.19,Overheating
4758.3,93.3,2.24,2.5,2.97,Low Oil Pressure
5178.3,76.0,4.41,1.27,2.65,Normal
5301.1,95.5,3.75,1.52,3.05,Overheating
4919.3,91.4,2.29,2.68,2.9,Low Oil Pressure
5329.9,111.6,3.35,2.22,3.45,Overheating
4660.8,83.3,4.1,2.17,3.8,Performance Degradation
5202.9,80.2,4.32,1.26,2.58,Normal
4552.0,90.6,3.14,5.2,2.98,Bearing Degradation
4822.6,93.3,2.24,2.56,2.96,Low Oil Pressure
4594.6,85.7,4.17,2.26,3.55,Performance Degradation
4659.0,84.6,3.64,2.38,3.45,Performance Degradation
4580.2,86.1,3.89,2.15,3.59,Performance Degradation
4646.3,84.9,3.65,4.77,3.45,Bearing Degradation
5007.8,87.5,2.28,2.77,2.92,Low Oil Pressure
5198.8,78.7,4.47,1.27,2.73,Normal
4467.6,80.8,3.93,1.93,4.03,Performance Degradation
5278.6,105.4,3.63,1.78,3.46,Overheating
4709.9,82.2,4.08,1.88,3.48,Performance Degradation
4843.9,90.5,2.57,2.26,2.86,Low Oil Pressure
5140.0,79.4,4.3,1.2,2.56,Normal
4703.5,93.3,3.41,5.36,3.23,Bearing Degradation
5274.8,79.8,4.42,1.3,2.76,Normal
4888.9,97.0,1.95,3.04,2.92,Low Oil Pressure
5229.7,113.4,3.28,1.81,3.42,Overheating
5265.0,81.0,4.4,1.12,2.66,Normal
4828.3,92.8,2.33,2.38,2.74,Low Oil Pressure
4794.5,95.6,2.17,2.55,2.94,Low Oil Pressure
4580.8,93.1,3.42,5.9,3.06,Bearing Degradation
4911.9,90.6,2.5,2.61,2.8,Low Oil Pressure
4566.5,84.5,3.66,2.25,3.63,Performance Degradation
4598.6,95.0,3.22,4.28,3.19,Bearing Degradation
4702.0,81.6,3.98,2.06,3.81,Performance Degradation
4667.8,89.8,3.31,4.44,3.04,Bearing Degradation
4862.5,92.5,2.2,2.4,2.94,Low Oil Pressure
4678.6,87.7,3.72,2.22,4.03,Performance Degradation
4506.5,91.6,3.07,5.92,2.96,Bearing Degradation
4722.8,85.0,2.38,2.8,2.85,Low Oil Pressure
4764.4,87.6,3.19,4.29,3.27,Bearing Degradation
4600.2,82.0,3.13,4.98,3.06,Bearing Degradation
4814.3,91.8,2.47,2.6,2.96,Low Oil Pressure
5275.8,100.1,3.85,1.6,3.26,Overheating
5251.7,77.8,4.27,1.11,2.73,Normal
5225.4,78.3,4.28,1.19,2.62,Normal
5240.5,104.8,3.76,1.85,3.37,Overheating
4814.6,92.0,2.37,2.65,3.04,Low Oil Pressure
4613.2,92.6,3.29,5.2,3.11,Bearing Degradation
5005.1,90.7,2.65,1.83,2.84,Low Oil Pressure
4580.1,85.0,3.14,5.62,3.3,Bearing Degradation
4864.6,95.0,2.56,2.32,2.88,Low Oil Pressure
4578.3,90.1,3.52,6.73,2.92,Bearing Degradation
4588.1,84.3,4.03,2.07,4.03,Performance Degradation
4717.2,83.0,3.66,2.14,3.67,Performance Degradation
4619.2,88.1,3.23,5.99,3.21,Bearing Degradation
5292.0,101.7,3.68,1.89,3.39,Overheating
5206.8,79.8,4.42,1.19,2.71,Normal
5228.3,108.5,3.57,1.79,3.31,Overheating
4663.8,86.1,3.19,4.4,2.89,Bearing Degradation
4515.2,91.4,3.49,6.25,3.09,Bearing Degradation
4566.0,86.5,4.14,1.92,3.64,Performance Degradation
4800.9,83.1,3.91,1.97,3.29,Performance Degradation
5178.9,75.1,4.16,1.3,2.77,Normal
4818.1,91.4,2.3,2.43,3.01,Low Oil Pressure
4622.0,85.9,3.7,2.19,3.28,Performance Degradation
4842.7,83.7,3.65,3.7,2.84,Bearing Degradation
5192.9,81.9,4.15,1.29,2.58,Normal
4461.8,85.5,4.22,1.98,3.81,Performance Degradation
4553.7,83.6,3.72,2.04,3.43,Performance Degradation
4763.5,88.6,3.37,4.88,3.2,Bearing Degradation
4686.8,87.9,3.23,5.68,3.03,Bearing Degradation
5254.7,101.4,3.77,1.74,3.3,Overheating
4627.3,88.9,3.1,5.97,3.35,Bearing Degradation
5227.8,104.2,3.62,1.82,3.42,Overheating
5340.0,104.9,3.62,1.81,3.57,Overheating
4798.2,92.5,2.22,2.4,2.82,Low Oil Pressure
4777.7,92.3,2.39,2.46,2.84,Low Oil Pressure
5358.2,101.3,3.69,1.68,3.28,Overheating
4543.6,82.0,3.35,6.35,3.22,Bearing Degradation
4671.0,87.8,3.26,5.22,3.02,Bearing Degradation
5143.6,80.6,4.25,1.2,2.66,Normal
4630.0,92.7,3.37,4.99,3.17,Bearing Degradation
5228.7,79.0,4.27,1.14,2.75,Normal
5280.9,109.8,3.49,1.81,3.54,Overheating
5223.1,100.4,3.85,1.82,3.26,Overheating
5262.4,105.1,3.64,1.86,3.49,Overheating
4682.7,85.7,3.01,6.31,3.25,Bearing Degradation
4693.5,81.8,4.03,2.09,3.25,Performance Degradation
4960.6,91.0,2.48,2.51,2.93,Low Oil Pressure
5175.7,76.5,4.46,1.07,2.73,Normal
4702.9,93.2,2.41,2.59,2.93,Low Oil Pressure
5003.3,86.5,2.53,2.43,2.87,Low Oil Pressure
5131.0,75.8,4.19,0.98,2.62,Normal
4664.6,89.8,3.05,4.66,3.17,Bearing Degradation
4948.6,93.7,2.0,2.77,2.94,Low Oil Pressure
5265.4,81.4,4.32,1.13,2.59,Normal
5312.2,108.6,3.62,1.9,3.35,Overheating
5284.4,102.0,3.68,1.71,3.19,Overheating
4570.0,89.6,4.14,2.28,3.72,Performance Degradation
4557.8,85.6,3.76,2.39,3.66,Performance Degradation
5205.2,78.7,4.11,1.38,2.71,Normal
4816.9,90.2,2.19,2.53,2.84,Low Oil Pressure
4563.4,84.9,3.68,1.85,3.74,Performance Degradation
5225.6,106.2,3.59,1.87,3.36,Overheating
4600.5,86.6,4.21,2.23,3.24,Performance Degradation
5273.6,103.9,3.64,1.87,3.27,Overheating
4583.3,89.0,3.05,5.47,3.1,Bearing Degradation
4515.2,90.7,3.44,5.43,3.04,Bearing Degradation
4686.4,91.9,2.98,4.34,3.03,Bearing Degradation
4773.4,88.0,2.38,2.35,2.97,Low Oil Pressure
5141.7,81.5,4.3,1.15,2.63,Normal
5162.7,101.8,3.64,1.72,3.16,Overheating
4484.6,84.4,3.19,5.77,3.5,Bearing Degradation
4634.1,84.9,3.93,2.05,3.6,Performance Degradation
4536.6,88.4,3.06,6.0,2.96,Bearing Degradation
4671.0,88.0,3.29,5.04,2.95,Bearing Degradation
5395.1,103.1,3.55,1.94,3.49,Overheating
4689.1,88.4,3.18,5.5,2.9,Bearing Degradation
4531.4,86.6,3.22,5.33,3.35,Bearing Degradation
5274.7,102.7,3.59,1.58,3.25,Overheating
4839.7,91.0,2.27,2.43,2.72,Low Oil Pressure
5209.1,78.5,4.25,1.27,2.58,Normal
5175.0,79.7,4.55,1.11,2.64,Normal
4803.6,93.4,2.28,2.71,3.01,Low Oil Pressure
4776.8,86.0,4.19,1.95,3.54,Performance Degradation
4637.0,91.5,3.48,5.16,3.03,Bearing Degradation
4694.9,88.1,4.14,1.84,3.79,Performance Degradation
5289.7,102.3,3.73,1.64,3.21,Overheating
4675.7,82.0,3.39,5.33,3.12,Bearing Degradation
4543.5,85.3,4.06,2.28,3.71,Performance Degradation
4613.3,83.4,3.95,1.99,4.04,Performance Degradation
5321.5,101.5,3.53,1.94,3.24,Overheating
4845.5,91.7,2.22,2.59,2.91,Low Oil Pressure
4773.2,94.1,1.97,2.76,2.85,Low Oil Pressure
5208.4,102.2,3.68,1.82,3.28,Overheating
4814.9,93.4,2.28,2.71,2.7,Low Oil Pressure
4788.2,89.9,3.26,6.17,3.16,Bearing Degradation
4641.9,90.7,3.37,5.06,3.21,Bearing Degradation
4815.5,95.7,2.25,2.59,2.92,Low Oil Pressure
4881.8,91.2,2.58,2.41,2.83,Low Oil Pressure
5172.2,106.8,3.61,1.95,3.5,Overheating
5007.4,86.2,2.65,2.04,2.73,Low Oil Pressure
5209.0,108.4,3.46,1.86,3.41,Overheating
4635.5,90.5,3.45,4.87,3.04,Bearing Degradation
4605.6,82.6,4.23,1.61,3.71,Performance Degradation
5286.9,112.6,3.44,1.8,3.7,Overheating
4868.6,93.7,2.47,2.25,2.78,Low Oil Pressure
5318.6,109.9,3.49,1.93,3.59,Overheating
5180.6,77.8,4.25,1.09,2.7,Normal
4593.8,87.4,3.35,4.77,2.97,Bearing Degradation
5319.5,106.5,3.57,1.77,3.44,Overheating
4554.7,83.7,3.75,2.4,3.7,Performance Degradation
4923.9,90.7,2.35,2.31,2.78,Low Oil Pressure
5215.2,78.7,4.32,1.17,2.71,Normal
4557.2,87.5,3.12,5.58,2.93,Bearing Degradation
5260.4,105.1,3.72,1.85,3.5,Overheating
4801.9,93.2,2.32,2.51,2.98,Low Oil Pressure
5406.0,99.0,3.68,1.71,3.24,Overheating
5181.1,79.8,4.37,1.37,2.79,Normal
4567.9,93.0,3.43,5.48,3.26,Bearing Degradation
4834.1,93.7,1.93,2.86,2.98,Low Oil Pressure
5189.2,79.1,4.24,1.11,2.72,Normal
5184.3,78.3,4.31,1.35,2.83,Normal
5258.4,80.4,4.25,1.31,2.65,Normal
4680.1,84.0,3.99,2.15,3.83,Performance Degradation
5222.4,81.1,4.22,1.36,2.63,Normal
4643.4,80.4,3.88,2.05,3.81,Performance Degradation
5155.4,79.7,4.53,1.28,2.75,Normal
5291.7,102.5,3.69,1.76,3.21,Overheating
4677.8,91.4,3.64,4.46,2.86,Bearing Degradation
4692.3,82.6,3.89,2.13,3.89,Performance Degradation
4484.0,83.1,3.71,1.84,3.65,Performance Degradation
4716.0,82.6,3.77,2.08,3.69,Performance Degradation
4611.8,85.1,3.08,5.31,2.93,Bearing Degradation
5139.5,74.6,4.39,1.25,2.67,Normal
4466.2,83.6,3.99,2.0,3.8,Performance Degradation
4647.1,88.8,3.42,4.65,3.05,Bearing Degradation
4779.4,81.8,4.16,2.23,3.69,Performance Degradation
5125.5,80.1,4.01,1.15,2.61,Normal
4691.2,88.8,3.03,4.46,3.09,Bearing Degradation
4954.0,92.6,2.39,2.14,3.07,Low Oil Pressure
5019.3,92.1,2.19,2.61,2.87,Low Oil Pressure
4893.1,91.0,2.36,2.59,2.86,Low Oil Pressure
4905.1,89.5,2.65,2.07,2.79,Low Oil Pressure
4522.5,90.7,3.36,3.86,3.08,Bearing Degradation
4824.1,97.8,2.05,2.82,2.93,Low Oil Pressure
4628.6,84.3,3.88,2.27,3.23,Performance Degradation
5176.7,76.1,4.17,1.27,2.68,Normal
4651.9,87.7,3.33,4.93,3.22,Bearing Degradation
4521.2,85.1,3.34,5.38,3.09,Bearing Degradation
4651.6,92.6,3.31,4.79,2.93,Bearing Degradation
5189.5,74.2,4.16,1.17,2.8,Normal
5356.9,97.5,3.85,1.48,3.17,Overheating
4728.2,93.4,3.1,5.73,3.05,Bearing Degradation
5289.2,109.8,3.47,1.64,3.42,Overheating
5276.8,105.4,3.58,1.91,3.38,Overheating
5261.7,102.5,3.59,1.93,3.17,Overheating
4720.7,89.9,3.48,3.7,3.19,Bearing Degradation
4872.1,94.3,2.12,2.76,2.98,Low Oil Pressure
4851.0,94.2,2.56,2.32,2.76,Low Oil Pressure
4888.9,94.2,2.29,2.67,2.94,Low Oil Pressure
5271.8,77.8,4.37,1.36,2.66,Normal
5237.3,83.0,4.23,1.22,2.69,Normal
5275.2,100.1,3.71,1.73,3.27,Overheating
4795.0,87.3,3.34,4.35,3.17,Bearing Degradation
5253.5,78.4,4.31,0.99,2.54,Normal
4599.4,88.3,3.04,5.04,3.05,Bearing Degradation
4699.0,86.8,4.03,2.15,4.06,Performance Degradation
4920.7,94.9,2.13,2.41,2.73,Low Oil Pressure
4878.3,91.5,2.23,2.33,2.79,Low Oil Pressure
4615.4,84.0,4.02,2.6,3.73,Performance Degradation
4618.3,90.4,3.65,4.82,2.94,Bearing Degradation
4731.6,81.6,3.86,1.98,3.25,Performance Degradation
4967.9,92.0,2.43,2.42,2.91,Low Oil Pressure
5310.7,98.8,3.85,1.51,3.17,Overheating
4802.1,89.0,3.43,5.74,3.08,Bearing Degradation
4768.6,91.9,2.06,2.51,2.92,Low Oil Pressure
5306.0,101.9,3.83,1.89,3.24,Overheating
4683.7,90.0,3.12,4.92,3.09,Bearing Degradation
4998.0,87.8,2.65,2.24,2.87,Low Oil Pressure
4594.9,86.5,3.97,2.07,3.2,Performance Degradation
5115.3,76.6,4.18,1.15,2.81,Normal
4693.7,93.8,3.3,5.46,3.04,Bearing Degradation
5182.7,79.8,4.27,1.28,2.84,Normal
5258.4,102.4,3.67,2.0,3.47,Overheating
4524.1,90.6,3.29,5.02,2.95,Bearing Degradation
4781.3,82.0,3.51,4.95,3.15,Bearing Degradation
4825.3,93.4,2.07,2.67,3.18,Low Oil Pressure
4770.3,93.1,2.38,2.56,2.7,Low Oil Pressure
4970.2,96.6,1.96,2.8,2.94,Low Oil Pressure
4659.2,85.9,3.93,2.27,3.75,Performance Degradation
5225.2,77.0,4.58,1.28,2.6,Normal
5188.7,82.1,4.41,1.34,2.81,Normal
5213.2,75.5,4.4,1.29,2.77,Normal
4824.6,91.4,2.3,2.63,2.84,Low Oil Pressure
5251.2,104.6,3.57,1.91,3.38,Overheating
5179.1,83.0,4.43,1.14,2.55,Normal
4603.4,89.4,3.25,5.44,3.1,Bearing Degradation
4867.0,88.2,2.6,2.23,3.01,Low Oil Pressure
5276.1,112.4,3.25,1.91,3.43,Overheating
5382.2,102.6,3.76,1.64,3.34,Overheating
5183.3,80.0,4.4,1.13,2.64,Normal
4731.5,89.3,3.38,5.12,2.9,Bearing Degradation
5184.2,77.5,4.3,1.35,2.56,Normal
4810.2,91.1,2.65,1.91,2.76,Low Oil Pressure
4680.2,84.6,3.13,5.08,2.97,Bearing Degradation
5103.2,77.2,4.22,1.13,2.71,Normal
4663.7,85.6,4.1,1.87,3.33,Performance Degradation
5289.8,101.2,3.7,1.69,3.2,Overheating
5340.3,108.0,3.4,1.83,3.39,Overheating
4658.5,82.6,4.02,2.26,3.58,Performance Degradation
4799.9,92.2,2.0,2.71,2.95,Low Oil Pressure
5313.5,106.1,3.54,1.88,3.33,Overheating
5235.4,78.5,4.18,1.04,2.68,Normal
5179.9,74.8,4.34,1.33,2.75,Normal
4622.0,81.3,4.14,2.2,3.68,Performance Degradation
4691.1,86.0,3.42,6.0,2.9,Bearing Degradation
5191.7,80.7,4.25,1.1,2.61,Normal
4551.6,85.1,3.82,2.14,3.95,Performance Degradation
5165.2,76.8,4.27,1.1,2.59,Normal
5174.8,76.0,4.16,1.03,2.66,Normal
5219.9,105.8,3.63,1.85,3.27,Overheating
4581.3,82.1,3.76,2.05,4.07,Performance Degradation
5234.7,78.6,4.27,1.38,2.69,Normal
5445.3,98.8,3.71,1.73,3.17,Overheating
5215.6,79.4,4.33,0.95,2.76,Normal
5311.7,110.4,3.44,1.84,3.37,Overheating
4739.3,86.4,4.04,2.04,3.65,Performance Degradation
4918.0,94.8,2.41,2.32,3.03,Low Oil Pressure
4668.7,83.8,4.07,2.05,3.82,Performance Degradation
4969.3,89.5,2.18,2.55,3.04,Low Oil Pressure
4637.7,88.1,3.63,5.05,3.39,Bearing Degradation
4910.0,95.8,2.3,2.62,3.13,Low Oil Pressure
4637.7,79.9,4.17,1.9,3.77,Performance Degradation
4792.1,93.0,2.18,2.51,2.93,Low Oil Pressure
4576.9,91.0,3.53,5.36,3.0,Bearing Degradation
4702.3,82.6,3.56,1.93,3.77,Performance Degradation
4957.0,93.0,2.43,2.41,2.92,Low Oil Pressure
4634.3,89.6,3.59,4.63,3.19,Bearing Degradation
5249.0,80.6,4.35,1.16,2.66,Normal
5311.6,108.3,3.57,2.09,3.54,Overheating
4654.6,89.2,3.41,4.51,3.24,Bearing Degradation
4714.6,79.0,3.87,2.35,3.89,Performance Degradation
5114.9,104.2,3.61,2.15,3.6,Overheating
5139.4,80.1,4.2,1.18,2.68,Normal
4808.7,94.9,2.27,2.54,2.87,Low Oil Pressure
5239.8,73.9,4.41,1.13,2.58,Normal
5308.6,103.3,3.62,1.71,3.27,Overheating
4850.0,78.3,4.21,2.23,3.65,Performance Degradation
4592.0,84.8,4.06,2.02,3.34,Performance Degradation
4469.2,82.0,4.03,2.18,3.8,Performance Degradation
4632.6,90.3,3.21,4.98,3.04,Bearing Degradation
4516.3,90.0,3.39,5.84,2.87,Bearing Degradation
5162.4,76.5,4.25,1.07,2.63,Normal
4940.7,90.4,2.48,2.31,2.87,Low Oil Pressure
4669.2,82.3,3.83,2.24,3.68,Performance Degradation
5330.9,109.0,3.4,1.89,3.41,Overheating
4672.9,87.5,3.01,5.01,3.26,Bearing Degradation
4598.0,83.0,3.72,1.93,3.67,Performance Degradation
4704.0,83.4,3.44,5.0,2.92,Bearing Degradation
4766.8,93.5,2.08,2.69,2.99,Low Oil Pressure
4691.0,88.8,3.25,5.61,3.03,Bearing Degradation
4665.7,81.2,3.92,2.2,3.73,Performance Degradation
5215.4,79.9,4.28,1.21,2.61,Normal
5207.8,107.7,3.57,1.79,3.39,Overheating
4551.8,89.9,3.16,3.87,3.02,Bearing Degradation
4736.1,85.3,3.32,5.54,3.05,Bearing Degradation
5327.5,99.3,3.74,1.72,3.09,Overheating
5288.2,106.3,3.45,1.99,3.51,Overheating
5200.2,74.9,4.29,1.23,2.73,Normal
4457.2,81.5,3.71,2.38,3.76,Performance Degradation
5269.6,103.8,3.73,1.56,3.33,Overheating
4722.1,84.2,3.85,1.8,3.49,Performance Degradation
4579.4,86.3,2.82,4.77,3.09,Bearing Degradation
4548.1,82.6,3.74,1.97,3.35,Performance Degradation
4804.8,89.8,3.6,4.66,2.8,Bearing Degradation
5253.4,79.6,4.44,1.08,2.73,Normal
4772.9,93.0,2.56,2.39,3.21,Low Oil Pressure
4830.0,88.5,2.42,2.36,2.8,Low Oil Pressure
4701.1,90.6,3.42,4.36,3.23,Bearing Degradation
5273.9,75.9,4.21,1.15,2.68,Normal
5231.0,98.9,3.73,1.63,3.45,Overheating
5216.8,109.0,3.48,1.78,3.44,Overheating
4776.1,91.7,2.23,2.56,2.91,Low Oil Pressure
4877.5,89.6,2.51,2.47,2.87,Low Oil Pressure
5239.9,104.1,3.67,1.9,3.55,Overheating
4577.4,86.5,2.98,5.01,3.02,Bearing Degradation
4646.1,85.5,3.41,5.83,3.22,Bearing Degradation
5244.5,107.0,3.47,1.65,3.39,Overheating
4594.4,80.8,3.63,2.03,3.86,Performance Degradation
4717.7,83.6,3.83,2.05,3.59,Performance Degradation
4669.3,84.6,3.94,1.68,3.59,Performance Degradation
5054.1,80.5,4.38,1.18,2.68,Normal
4734.5,85.2,3.21,4.76,3.17,Bearing Degradation
4566.4,89.3,3.56,5.32,3.03,Bearing Degradation
4785.6,90.9,2.34,2.37,2.82,Low Oil Pressure
4729.5,84.5,4.16,2.12,3.75,Performance Degradation
4664.4,86.4,3.89,2.4,3.44,Performance Degradation
5168.1,75.6,4.26,1.1,2.88,Normal
4584.0,85.2,3.08,5.67,2.87,Bearing Degradation
5265.8,104.4,3.63,1.53,3.24,Overheating
4864.5,92.7,2.29,2.66,2.75,Low Oil Pressure
4622.0,89.3,3.6,5.23,3.19,Bearing Degradation
5210.0,78.4,4.51,1.15,2.73,Normal
5313.2,108.4,3.43,2.0,3.48,Overheating
4601.8,82.8,3.89,2.02,3.77,Performance Degradation
5204.2,75.3,4.09,1.15,2.6,Normal
5236.0,79.6,4.24,1.21,2.81,Normal
5231.1,106.5,3.41,1.73,3.18,Overheating
4652.1,84.8,4.02,1.81,3.43,Performance Degradation
5232.6,79.1,4.22,1.23,2.67,Normal
4640.0,81.2,3.92,2.4,3.3,Performance Degradation
4867.2,93.9,2.63,2.24,2.86,Low Oil Pressure
4816.0,92.3,2.27,2.34,2.77,Low Oil Pressure
5253.3,106.0,3.63,1.96,3.42,Overheating
5193.5,79.1,4.22,1.24,2.71,Normal
5276.5,105.0,3.58,1.64,3.46,Overheating
4565.4,89.9,3.33,5.27,2.75,Bearing Degradation
4749.4,85.4,3.89,2.11,3.7,Performance Degradation
4634.5,87.1,3.83,2.05,3.79,Performance Degradation
4985.3,92.7,2.22,2.62,2.78,Low Oil Pressure
5144.7,79.3,4.2,1.27,2.64,Normal
4855.1,91.8,2.65,2.47,2.99,Low Oil Pressure
5206.9,78.0,4.14,1.14,2.87,Normal
4885.4,92.2,2.65,2.1,2.97,Low Oil Pressure
5235.6,113.3,3.27,2.06,3.58,Overheating
4707.4,85.8,3.89,2.1,3.63,Performance Degradation
5136.3,107.2,3.33,1.82,3.49,Overheating
4600.7,89.0,3.13,5.16,3.21,Bearing Degradation
4674.2,82.5,4.25,1.97,3.55,Performance Degradation
4649.2,88.5,3.31,5.06,3.19,Bearing Degradation
5248.7,79.4,4.2,1.48,2.66,Normal
5256.9,109.5,3.56,1.95,3.42,Overheating
4645.4,90.2,3.32,5.6,3.12,Bearing Degradation
4612.3,89.4,2.89,3.95,3.07,Bearing Degradation
4636.3,85.0,3.33,5.97,3.02,Bearing Degradation
5285.5,80.7,4.33,1.19,2.78,Normal
4691.0,88.0,3.38,5.43,3.22,Bearing Degradation
4562.0,88.3,3.39,5.3,3.14,Bearing Degradation
4917.1,92.2,2.37,2.39,2.87,Low Oil Pressure
4639.5,83.0,3.96,2.04,3.9,Performance Degradation
4781.1,88.0,3.34,5.94,3.19,Bearing Degradation
4621.6,85.6,3.97,1.98,3.72,Performance Degradation
5263.9,80.4,4.42,1.2,2.69,Normal
4782.6,88.9,3.51,4.3,3.15,Bearing Degradation
5241.6,79.2,4.31,1.06,2.69,Normal
5309.4,102.2,3.66,1.62,3.23,Overheating
5157.0,77.3,4.51,1.07,2.69,Normal
4869.0,98.6,2.08,2.9,3.02,Low Oil Pressure
4900.0,92.3,1.96,2.58,3.04,Low Oil Pressure
5218.9,107.1,3.57,1.89,3.35,Overheating
5312.2,73.0,4.35,1.12,2.73,Normal
4751.6,90.1,2.61,2.21,2.86,Low Oil Pressure
5241.4,75.8,4.2,1.26,2.65,Normal
4599.3,86.5,3.43,4.77,3.09,Bearing Degradation
5256.4,105.4,3.56,1.98,3.42,Overheating
5167.5,100.5,3.76,1.83,3.35,Overheating
5290.3,81.9,4.17,1.14,2.6,Normal
4783.3,95.1,2.08,2.31,2.78,Low Oil Pressure
5192.7,81.3,4.35,1.4,2.74,Normal
5175.5,76.1,4.25,0.88,2.83,Normal
5392.1,106.3,3.64,1.99,3.24,Overheating
4593.3,82.4,3.21,4.25,3.27,Bearing Degradation
4555.8,89.4,3.4,4.42,2.88,Bearing Degradation
4643.9,94.0,3.32,5.1,2.91,Bearing Degradation
4565.6,83.2,4.04,2.2,3.59,Performance Degradation
4853.5,90.6,2.58,2.4,2.9,Low Oil Pressure
4724.4,83.8,3.67,2.14,3.75,Performance Degradation
4621.3,89.0,3.65,5.28,3.11,Bearing Degradation
4899.2,87.8,2.6,2.37,3.08,Low Oil Pressure
5201.3,79.1,4.29,1.32,2.77,Normal
4801.4,96.3,2.09,2.75,2.85,Low Oil Pressure
4616.0,91.5,3.46,4.54,3.31,Bearing Degradation
4728.5,83.9,4.04,2.1,3.7,Performance Degradation
5172.6,78.6,4.15,1.28,2.72,Normal
4711.6,85.2,3.33,4.26,3.2,Bearing Degradation
4618.2,89.6,3.72,2.26,3.78,Performance Degradation
5347.3,102.2,3.72,2.08,3.3,Overheating
5271.7,104.6,3.69,1.75,3.26,Overheating
4709.2,84.3,3.83,1.76,3.87,Performance Degradation
4546.8,90.9,3.22,5.75,3.42,Bearing Degradation
5373.7,104.2,3.69,1.72,3.3,Overheating
4824.5,92.4,2.1,2.42,2.62,Low Oil Pressure
5183.3,77.2,4.26,1.28,2.79,Normal
4585.7,88.7,3.53,5.92,3.26,Bearing Degradation
5205.8,103.4,3.69,1.71,3.19,Overheating
5244.9,80.4,4.34,1.12,2.72,Normal
4924.2,88.6,2.47,2.5,2.98,Low Oil Pressure
4835.3,88.2,2.48,2.43,3.0,Low Oil Pressure
4919.6,93.5,2.01,2.64,2.99,Low Oil Pressure
5242.9,82.1,4.27,1.48,2.66,Normal
4924.4,93.4,2.24,2.81,2.93,Low Oil Pressure
4631.0,87.0,3.43,5.49,3.34,Bearing Degradation
4780.4,88.8,3.87,1.99,3.65,Performance Degradation
4777.2,93.1,2.4,2.4,2.97,Low Oil Pressure
5294.7,103.8,3.65,1.81,3.44,Overheating
5280.8,79.4,4.16,1.23,2.57,Normal
4889.0,86.8,2.52,2.3,2.84,Low Oil Pressure
5210.1,76.0,4.06,1.16,2.58,Normal
4885.0,87.8,2.65,2.28,2.62,Low Oil Pressure
4952.2,93.2,2.33,2.44,2.81,Low Oil Pressure
4752.8,83.8,3.11,4.83,2.91,Bearing Degradation
4632.9,92.2,3.1,5.09,2.92,Bearing Degradation
5223.2,81.0,4.35,1.15,2.75,Normal
4583.5,90.1,3.04,5.16,2.93,Bearing Degradation
4827.3,95.3,2.1,2.39,2.94,Low Oil Pressure
4665.2,85.0,3.71,2.15,3.67,Performance Degradation
4863.7,94.5,2.26,2.46,3.05,Low Oil Pressure
5137.1,77.3,4.14,1.25,2.85,Normal
4898.5,88.2,2.49,2.38,2.93,Low Oil Pressure
5227.6,77.0,4.43,1.06,2.72,Normal
5353.6,107.7,3.53,1.88,3.56,Overheating
4709.0,88.9,3.92,2.24,3.59,Performance Degradation
4733.2,85.2,3.06,5.54,3.13,Bearing Degradation
4691.3,80.4,4.17,2.34,3.54,Performance Degradation
4418.6,85.2,3.83,2.14,3.73,Performance Degradation
5301.4,106.5,3.54,1.8,3.32,Overheating
4710.9,84.1,3.98,1.78,3.53,Performance Degradation
5246.7,100.6,3.66,1.67,3.23,Overheating
4890.6,93.5,2.19,2.59,3.05,Low Oil Pressure
5289.7,108.1,3.57,2.01,3.39,Overheating
4714.3,81.7,4.13,2.17,3.63,Performance Degradation
4821.0,91.5,2.22,2.46,3.05,Low Oil Pressure
5272.2,104.1,3.52,1.78,3.36,Overheating
4799.3,89.1,2.35,2.48,2.88,Low Oil Pressure
5279.4,99.9,3.72,1.91,3.22,Overheating
4746.6,83.2,3.17,4.74,2.81,Bearing Degradation
5222.1,76.1,4.38,1.2,2.69,Normal
4786.9,90.1,2.36,2.51,3.08,Low Oil Pressure
4531.7,86.1,3.56,5.41,3.11,Bearing Degradation
4590.6,90.9,3.5,4.93,3.11,Bearing Degradation
4741.6,85.7,3.87,2.23,3.48,Performance Degradation
5331.0,100.2,3.57,1.81,3.36,Overheating
5404.7,103.9,3.57,1.71,3.31,Overheating
4794.0,94.4,3.31,4.05,3.23,Bearing Degradation
5178.0,102.8,3.6,1.82,3.33,Overheating
4504.6,86.2,3.9,1.87,3.62,Performance Degradation
5236.6,78.5,4.2,1.22,2.63,Normal
5236.8,109.0,3.42,2.08,3.41,Overheating
4608.0,85.7,3.19,5.56,2.91,Bearing Degradation
4874.0,94.1,2.14,2.59,2.91,Low Oil Pressure
4735.8,87.4,3.84,2.07,3.62,Performance Degradation
4650.8,82.9,3.81,2.02,3.47,Performance Degradation
4873.7,89.4,2.5,2.36,2.77,Low Oil Pressure
4645.2,91.2,3.37,5.09,3.16,Bearing Degradation
4598.6,88.7,3.23,4.62,2.91,Bearing Degradation
4593.0,82.3,3.74,2.25,3.76,Performance Degradation
5199.3,78.6,4.23,1.16,2.75,Normal
4639.6,82.2,3.98,1.96,3.53,Performance Degradation
4966.2,93.2,2.65,2.26,2.82,Low Oil Pressure
4826.0,88.8,2.59,2.28,2.93,Low Oil Pressure
4733.4,91.1,2.23,2.4,2.99,Low Oil Pressure
4882.4,91.0,2.5,2.38,2.9,Low Oil Pressure
4786.8,89.5,2.42,2.58,2.93,Low Oil Pressure
5170.7,75.0,4.09,1.2,2.56,Normal
4742.7,82.9,3.86,1.98,3.78,Performance Degradation
4848.9,90.9,2.64,2.05,3.08,Low Oil Pressure
5187.4,78.2,4.3,1.16,2.71,Normal
4644.1,87.7,3.38,6.45,2.92,Bearing Degradation
5235.4,78.5,4.35,1.3,2.77,Normal
4563.8,93.7,3.18,4.96,3.16,Bearing Degradation
4798.5,95.5,2.23,2.72,2.99,Low Oil Pressure
4758.6,88.7,3.86,2.01,3.57,Performance Degradation
4850.9,93.4,2.38,2.31,2.99,Low Oil Pressure
5271.0,102.6,3.85,1.9,3.12,Overheating
5174.2,77.1,4.23,1.0,2.83,Normal
5295.3,105.3,3.72,1.75,3.34,Overheating
4788.4,92.9,2.37,2.79,2.81,Low Oil Pressure
5241.2,107.1,3.67,2.0,3.46,Overheating
5231.2,75.4,4.23,1.1,2.57,Normal
5220.2,99.5,3.64,1.51,3.18,Overheating
4658.6,83.9,3.87,2.0,4.04,Performance Degradation
5129.3,77.4,4.38,1.3,2.59,Normal
4850.0,87.3,3.95,2.27,3.98,Performance Degradation
4946.7,95.3,2.35,2.41,3.08,Low Oil Pressure
4806.7,87.2,3.65,4.85,3.14,Bearing Degradation
4813.7,90.2,2.27,2.34,3.09,Low Oil Pressure
4746.7,80.5,4.06,2.17,3.72,Performance Degradation
4916.8,91.0,2.45,2.51,2.82,Low Oil Pressure
5185.9,111.2,3.52,1.89,3.54,Overheating
4865.8,96.0,2.48,2.36,2.94,Low Oil Pressure
4675.3,82.9,4.25,2.35,3.44,Performance Degradation
4617.8,85.5,4.01,2.29,3.47,Performance Degradation
4654.4,84.5,3.52,4.71,3.11,Bearing Degradation
4731.8,86.0,4.01,2.04,3.63,Performance Degradation
5308.8,103.4,3.72,1.49,3.41,Overheating
5172.6,106.9,3.61,1.88,3.27,Overheating
5178.0,74.3,4.28,1.02,2.71,Normal
5159.3,77.2,4.25,1.21,2.55,Normal
4867.6,92.3,2.58,2.55,2.93,Low Oil Pressure
5186.7,78.8,4.41,1.14,2.78,Normal
4687.9,90.9,3.06,4.61,3.25,Bearing Degradation
5221.2,104.0,3.56,1.58,3.5,Overheating
5247.8,100.6,3.72,1.75,3.16,Overheating
5131.8,79.2,4.29,1.35,2.78,Normal
4672.5,88.3,3.97,2.03,3.84,Performance Degradation
5226.2,100.8,3.51,1.91,3.31,Overheating
5288.1,105.9,3.57,1.66,3.31,Overheating
4808.0,93.5,2.28,2.8,3.01,Low Oil Pressure
5208.3,104.5,3.53,1.89,3.62,Overheating
4532.9,88.2,3.72,1.99,3.8,Performance Degradation
4574.7,86.2,4.06,2.15,3.47,Performance Degradation
4825.0,94.8,2.32,2.32,2.94,Low Oil Pressure
5281.2,104.3,3.69,1.71,3.07,Overheating
4659.6,88.9,3.27,5.06,2.88,Bearing Degradation
5155.5,76.4,4.4,1.21,2.69,Normal
4880.8,95.3,2.09,2.5,2.69,Low Oil Pressure
4567.2,89.4,2.81,4.69,3.03,Bearing Degradation
4724.3,89.9,3.32,4.91,3.09,Bearing Degradation
5288.0,104.8,3.62,1.86,3.29,Overheating
4901.4,89.7,2.65,2.41,2.91,Low Oil Pressure
5281.6,77.6,4.38,1.12,2.76,Normal
5253.4,76.3,4.15,1.31,2.78,Normal
4658.0,86.4,3.84,1.99,3.98,Performance Degradation
4592.2,89.9,3.15,5.06,3.27,Bearing Degradation
4528.0,83.5,3.03,5.64,3.12,Bearing Degradation
5227.6,76.5,4.39,1.1,2.75,Normal
4758.8,94.4,2.24,2.58,2.99,Low Oil Pressure
4730.3,88.7,3.14,5.61,3.3,Bearing Degradation
4571.2,87.0,3.22,5.13,3.08,Bearing Degradation
4770.0,94.6,3.39,5.8,3.11,Bearing Degradation
5209.1,76.9,4.25,1.1,2.72,Normal
4911.6,94.6,2.16,2.49,2.82,Low Oil Pressure
